wav_file,json_distance,wav_predicted_distance,json_decibel,wav_predicted_decibel,json_direction,wav_predicted_direction,match_distance,match_decibel,match_direction
1.자동차_1000_1.wav,30m,50m,122,-21,우,왼쪽,False,False,False
1.자동차_1001_1.wav,10m,50m,105,-19,좌,오른쪽,False,False,False
1.자동차_1008_1.wav,13m,50m,71,-29,우,오른쪽,False,False,False
1.자동차_1010_1.wav,10m,50m,74,-25,좌,오른쪽,False,False,False
1.자동차_1011_1.wav,24m,50m,120,-18,우,오른쪽,False,False,False
1.자동차_1012_1.wav,10m,50m,70,-29,좌,왼쪽,False,False,False
1.자동차_1013_1.wav,24m,50m,69,-27,우,오른쪽,False,False,False
1.자동차_1017_1.wav,1m,50m,106,-17,우,왼쪽,False,False,False
1.자동차_1018_1.wav,2m,50m,126,-19,우,오른쪽,False,False,False
1.자동차_1020_1.wav,10m,50m,70,-28,좌,왼쪽,False,False,False
1.자동차_1025_1.wav,30m,50m,121,-23,우,왼쪽,False,False,False
1.자동차_1028_1.wav,10m,50m,112,-21,좌,왼쪽,False,False,False
1.자동차_102_1.wav,10m,50m,118,-10,좌,왼쪽,False,False,False
1.자동차_1030_1.wav,10m,50m,69,-24,우,오른쪽,False,False,False
1.자동차_1033_1.wav,11m,50m,72,-26,우,오른쪽,False,False,False
1.자동차_1040_1.wav,24m,50m,93,-20,우,오른쪽,False,False,False
1.자동차_1041_1.wav,1m,50m,110,-22,우,중앙,False,False,False
1.자동차_1045_1.wav,30m,50m,93,-21,우,왼쪽,False,False,False
1.자동차_1046_1.wav,25m,50m,101,-20,우,중앙,False,False,False
1.자동차_1047_1.wav,12m,50m,71,-29,우,오른쪽,False,False,False
1.자동차_1050_1.wav,9m,50m,121,-22,좌,오른쪽,False,False,False
1.자동차_1052_1.wav,1m,50m,118,-21,우,중앙,False,False,False
1.자동차_1053_1.wav,2m,50m,97,-22,좌,왼쪽,False,False,False
1.자동차_1054_1.wav,10m,50m,91,-24,좌,오른쪽,False,False,False
1.자동차_1056_1.wav,10m,50m,81,-24,우,중앙,False,False,False
1.자동차_1058_1.wav,10m,50m,75,-31,좌,왼쪽,False,False,False
1.자동차_1060_1.wav,10m,50m,118,-21,좌,오른쪽,False,False,False
1.자동차_1061_1.wav,10m,50m,88,-22,우,왼쪽,False,False,False
1.자동차_1062_1.wav,10m,50m,115,-18,우,왼쪽,False,False,False
1.자동차_1063_1.wav,3m,50m,118,-21,우,오른쪽,False,False,False
1.자동차_1064_1.wav,60m,50m,68,-30,우,오른쪽,False,False,False
1.자동차_1065_1.wav,15m,50m,76,-23,우,왼쪽,False,False,False
1.자동차_1066_1.wav,30m,50m,82,-26,우,왼쪽,False,False,False
1.자동차_1067_1.wav,13m,50m,106,-20,우,오른쪽,False,False,False
1.자동차_1069_1.wav,25m,50m,92,-27,우,중앙,False,False,False
1.자동차_106_1.wav,10m,50m,71,-22,우,왼쪽,False,False,False
1.자동차_1070_1.wav,10m,50m,72,-29,좌,왼쪽,False,False,False
1.자동차_1071_1.wav,5m,50m,98,-21,우,오른쪽,False,False,False
1.자동차_1075_1.wav,30m,50m,124,-23,우,왼쪽,False,False,False
1.자동차_1076_1.wav,10m,50m,81,-22,우,왼쪽,False,False,False
1.자동차_1077_1.wav,10m,50m,71,-29,좌,왼쪽,False,False,False
1.자동차_1079_1.wav,10m,50m,95,-24,좌,오른쪽,False,False,False
1.자동차_1080_1.wav,5m,50m,119,-18,우,오른쪽,False,False,False
1.자동차_1082_1.wav,12m,50m,73,-28,우,오른쪽,False,False,False
1.자동차_1085_1.wav,30m,50m,75,-27,우,왼쪽,False,False,False
1.자동차_1087_1.wav,30m,50m,88,-22,우,왼쪽,False,False,False
1.자동차_1088_1.wav,24m,50m,101,-23,우,오른쪽,False,False,False
1.자동차_108_1.wav,8m,50m,89,-20,우,왼쪽,False,False,False
1.자동차_1091_1.wav,11m,50m,74,-27,우,오른쪽,False,False,False
1.자동차_1093_1.wav,10m,50m,69,-24,우,왼쪽,False,False,False
1.자동차_1094_1.wav,10m,50m,73,-30,좌,왼쪽,False,False,False
1.자동차_1095_1.wav,10m,50m,85,-24,우,오른쪽,False,False,False
1.자동차_1096_1.wav,24m,50m,107,-19,우,오른쪽,False,False,False
1.자동차_1098_1.wav,30m,50m,73,-23,우,왼쪽,False,False,False
1.자동차_1100_1.wav,10m,50m,74,-29,좌,오른쪽,False,False,False
1.자동차_1108_1.wav,10m,50m,105,-20,좌,오른쪽,False,False,False
1.자동차_110_1.wav,1m,50m,113,-14,좌,왼쪽,False,False,False
1.자동차_1110_1.wav,2m,50m,71,-28,우,오른쪽,False,False,False
1.자동차_1113_1.wav,10m,50m,119,-21,우,왼쪽,False,False,False
1.자동차_1114_1.wav,1m,50m,102,-27,우,중앙,False,False,False
1.자동차_1115_1.wav,2m,50m,110,-19,좌,오른쪽,False,False,False
1.자동차_1116_1.wav,24m,50m,113,-22,우,오른쪽,False,False,False
1.자동차_1118_1.wav,5m,50m,76,-22,우,오른쪽,False,False,False
1.자동차_111_1.wav,10m,50m,70,-20,우,왼쪽,False,False,False
1.자동차_1120_1.wav,2m,50m,120,-19,좌,오른쪽,False,False,False
1.자동차_1121_1.wav,10m,50m,108,-20,우,왼쪽,False,False,False
1.자동차_1122_1.wav,30m,50m,73,-27,우,오른쪽,False,False,False
1.자동차_1125_1.wav,3m,50m,121,-14,좌,오른쪽,False,False,False
1.자동차_1126_1.wav,24m,50m,89,-21,우,오른쪽,False,False,False
1.자동차_1127_1.wav,10m,50m,111,-18,우,왼쪽,False,False,False
1.자동차_1128_1.wav,10m,50m,102,-20,우,오른쪽,False,False,False
1.자동차_112_1.wav,10m,50m,89,-20,우,오른쪽,False,False,False
1.자동차_1130_1.wav,10m,50m,117,-20,우,오른쪽,False,False,False
1.자동차_1132_1.wav,10m,50m,87,-23,우,왼쪽,False,False,False
1.자동차_1133_1.wav,10m,50m,125,-21,좌,오른쪽,False,False,False
1.자동차_1134_1.wav,13m,50m,85,-21,우,오른쪽,False,False,False
1.자동차_1136_1.wav,10m,50m,107,-20,우,왼쪽,False,False,False
1.자동차_1138_1.wav,13m,50m,69,-30,우,오른쪽,False,False,False
1.자동차_1139_1.wav,10m,50m,72,-25,우,오른쪽,False,False,False
1.자동차_1141_1.wav,10m,50m,72,-31,좌,왼쪽,False,False,False
1.자동차_1142_1.wav,1m,50m,114,-19,우,왼쪽,False,False,False
1.자동차_1143_1.wav,10m,50m,86,-24,우,오른쪽,False,False,False
1.자동차_1144_1.wav,10m,50m,128,-19,우,왼쪽,False,False,False
1.자동차_1148_1.wav,11m,50m,69,-28,우,오른쪽,False,False,False
1.자동차_1149_1.wav,15m,50m,73,-24,우,왼쪽,False,False,False
1.자동차_114_1.wav,10m,50m,89,-19,우,오른쪽,False,False,False
1.자동차_1150_1.wav,30m,50m,68,-27,우,왼쪽,False,False,False
1.자동차_1151_1.wav,11m,50m,71,-22,우,오른쪽,False,False,False
1.자동차_1153_1.wav,10m,50m,71,-25,좌,오른쪽,False,False,False
1.자동차_1155_1.wav,10m,50m,101,-19,좌,오른쪽,False,False,False
1.자동차_1156_1.wav,3m,50m,115,-16,좌,왼쪽,False,False,False
1.자동차_1159_1.wav,10m,50m,101,-17,우,왼쪽,False,False,False
1.자동차_1161_1.wav,30m,50m,69,-25,우,왼쪽,False,False,False
1.자동차_1164_1.wav,10m,50m,71,-27,좌,왼쪽,False,False,False
1.자동차_1165_1.wav,30m,50m,102,-21,우,왼쪽,False,False,False
1.자동차_1166_1.wav,5m,50m,90,-21,우,오른쪽,False,False,False
1.자동차_1169_1.wav,13m,50m,68,-30,우,오른쪽,False,False,False
1.자동차_116_1.wav,10m,50m,117,-13,우,오른쪽,False,False,False
1.자동차_1170_1.wav,25m,50m,117,-21,우,중앙,False,False,False
1.자동차_1171_1.wav,10m,50m,116,-23,우,오른쪽,False,False,False
1.자동차_1174_1.wav,12m,50m,74,-34,우,오른쪽,False,False,False
1.자동차_1175_1.wav,13m,50m,73,-23,우,왼쪽,False,False,False
1.자동차_1176_1.wav,10m,50m,109,-22,우,오른쪽,False,False,False
1.자동차_1177_1.wav,10m,50m,69,-27,좌,왼쪽,False,False,False
1.자동차_1178_1.wav,5m,50m,115,-19,우,오른쪽,False,False,False
1.자동차_1179_1.wav,10m,50m,72,-30,좌,왼쪽,False,False,False
1.자동차_1182_1.wav,10m,50m,119,-19,우,왼쪽,False,False,False
1.자동차_1183_1.wav,13m,50m,73,-28,우,왼쪽,False,False,False
1.자동차_1184_1.wav,13m,50m,82,-22,우,왼쪽,False,False,False
1.자동차_1185_1.wav,30m,50m,101,-25,우,오른쪽,False,False,False
1.자동차_1187_1.wav,1m,50m,122,-20,우,왼쪽,False,False,False
1.자동차_1188_1.wav,5m,50m,88,-21,우,오른쪽,False,False,False
1.자동차_1189_1.wav,10m,50m,68,-29,좌,왼쪽,False,False,False
1.자동차_1193_1.wav,10m,50m,73,-23,우,왼쪽,False,False,False
1.자동차_1196_1.wav,18m,50m,72,-25,우,오른쪽,False,False,False
1.자동차_1198_1.wav,13m,50m,75,-26,우,왼쪽,False,False,False
1.자동차_1201_1.wav,10m,50m,72,-29,우,왼쪽,False,False,False
1.자동차_1202_1.wav,30m,50m,75,-26,우,왼쪽,False,False,False
1.자동차_1205_1.wav,1m,50m,74,-27,우,중앙,False,False,False
1.자동차_1208_1.wav,12m,50m,69,-24,우,오른쪽,False,False,False
1.자동차_1210_1.wav,12m,50m,106,-20,우,오른쪽,False,False,False
1.자동차_1211_1.wav,10m,50m,70,-24,우,오른쪽,False,False,False
1.자동차_1216_1.wav,5m,50m,81,-21,우,오른쪽,False,False,False
1.자동차_1217_1.wav,30m,50m,118,-21,우,왼쪽,False,False,False
1.자동차_1218_1.wav,10m,50m,75,-31,우,왼쪽,False,False,False
1.자동차_1219_1.wav,3m,50m,101,-21,우,오른쪽,False,False,False
1.자동차_1220_1.wav,15m,50m,71,-24,우,왼쪽,False,False,False
1.자동차_1221_1.wav,3m,50m,125,-15,좌,왼쪽,False,False,False
1.자동차_1223_1.wav,18m,50m,70,-29,우,오른쪽,False,False,False
1.자동차_1227_1.wav,10m,50m,73,-22,좌,오른쪽,False,False,False
1.자동차_1231_1.wav,10m,50m,82,-22,우,오른쪽,False,False,False
1.자동차_1233_1.wav,10m,50m,111,-22,우,왼쪽,False,False,False
1.자동차_1236_1.wav,10m,50m,110,-28,좌,왼쪽,False,False,False
1.자동차_1237_1.wav,10m,50m,107,-21,좌,오른쪽,False,False,False
1.자동차_1238_1.wav,10m,50m,86,-22,좌,오른쪽,False,False,False
1.자동차_1242_1.wav,3m,50m,116,-10,우,왼쪽,False,False,False
1.자동차_1243_1.wav,11m,50m,68,-23,우,오른쪽,False,False,False
1.자동차_1246_1.wav,13m,50m,74,-23,우,왼쪽,False,False,False
1.자동차_1247_1.wav,20m,50m,69,-23,우,오른쪽,False,False,False
1.자동차_1250_1.wav,12m,50m,94,-21,우,오른쪽,False,False,False
1.자동차_1253_1.wav,10m,50m,75,-28,좌,왼쪽,False,False,False
1.자동차_1256_1.wav,10m,50m,79,-23,우,오른쪽,False,False,False
1.자동차_1258_1.wav,13m,50m,71,-27,우,왼쪽,False,False,False
1.자동차_1259_1.wav,5m,50m,105,-21,우,오른쪽,False,False,False
1.자동차_1266_1.wav,24m,50m,83,-23,우,오른쪽,False,False,False
1.자동차_1267_1.wav,10m,50m,69,-23,우,오른쪽,False,False,False
1.자동차_1270_1.wav,10m,50m,108,-22,좌,오른쪽,False,False,False
1.자동차_1272_1.wav,11m,50m,68,-22,우,오른쪽,False,False,False
1.자동차_1273_1.wav,10m,50m,72,-29,좌,왼쪽,False,False,False
1.자동차_1274_1.wav,10m,50m,71,-29,좌,왼쪽,False,False,False
1.자동차_1275_1.wav,10m,50m,122,-21,우,왼쪽,False,False,False
1.자동차_1276_1.wav,20m,50m,68,-23,우,오른쪽,False,False,False
1.자동차_1277_1.wav,30m,50m,108,-20,우,왼쪽,False,False,False
1.자동차_127_1.wav,10m,50m,111,-12,좌,왼쪽,False,False,False
1.자동차_1281_1.wav,30m,50m,71,-26,우,왼쪽,False,False,False
1.자동차_1283_1.wav,1m,50m,116,-23,우,중앙,False,False,False
1.자동차_1284_1.wav,5m,50m,80,-23,우,오른쪽,False,False,False
1.자동차_1287_1.wav,3m,50m,100,-16,좌,왼쪽,False,False,False
1.자동차_128_1.wav,10m,50m,74,-30,우,오른쪽,False,False,False
1.자동차_1290_1.wav,13m,50m,79,-22,우,왼쪽,False,False,False
1.자동차_1291_1.wav,1m,50m,73,-28,우,중앙,False,False,False
1.자동차_1294_1.wav,5m,50m,110,-22,우,오른쪽,False,False,False
1.자동차_1295_1.wav,10m,50m,83,-25,우,오른쪽,False,False,False
1.자동차_1296_1.wav,10m,50m,74,-23,우,왼쪽,False,False,False
1.자동차_1298_1.wav,10m,50m,119,-21,좌,오른쪽,False,False,False
1.자동차_129_1.wav,6m,50m,69,-22,우,오른쪽,False,False,False
1.자동차_12_1.wav,10m,50m,70,-26,우,왼쪽,False,False,False
1.자동차_1300_1.wav,5m,50m,103,-20,우,오른쪽,False,False,False
1.자동차_1301_1.wav,12m,50m,74,-26,우,오른쪽,False,False,False
1.자동차_1302_1.wav,15m,50m,98,-24,우,왼쪽,False,False,False
1.자동차_1303_1.wav,2m,50m,119,-20,우,오른쪽,False,False,False
1.자동차_1304_1.wav,10m,50m,108,-20,우,오른쪽,False,False,False
1.자동차_1305_1.wav,25m,50m,72,-25,우,중앙,False,False,False
1.자동차_1306_1.wav,13m,50m,69,-26,우,왼쪽,False,False,False
1.자동차_1307_1.wav,30m,50m,72,-27,우,왼쪽,False,False,False
1.자동차_1308_1.wav,12m,50m,69,-31,우,오른쪽,False,False,False
1.자동차_1309_1.wav,30m,50m,119,-21,우,왼쪽,False,False,False
1.자동차_1312_1.wav,13m,50m,74,-22,우,왼쪽,False,False,False
1.자동차_1313_1.wav,5m,50m,80,-20,우,오른쪽,False,False,False
1.자동차_1314_1.wav,9m,50m,114,-21,좌,오른쪽,False,False,False
1.자동차_1316_1.wav,13m,50m,118,-18,우,왼쪽,False,False,False
1.자동차_131_1.wav,75m,50m,73,-27,우,왼쪽,False,False,False
1.자동차_1322_1.wav,10m,50m,70,-23,우,오른쪽,False,False,False
1.자동차_1323_1.wav,10m,50m,76,-20,좌,오른쪽,False,False,False
1.자동차_1324_1.wav,2m,50m,109,-21,좌,왼쪽,False,False,False
1.자동차_1326_1.wav,10m,50m,111,-22,좌,오른쪽,False,False,False
1.자동차_1327_1.wav,2m,50m,121,-20,좌,오른쪽,False,False,False
1.자동차_1329_1.wav,10m,50m,74,-23,좌,왼쪽,False,False,False
1.자동차_1330_1.wav,10m,50m,105,-17,우,중앙,False,False,False
1.자동차_1331_1.wav,13m,50m,103,-26,우,오른쪽,False,False,False
1.자동차_133_1.wav,20m,50m,114,-17,좌,왼쪽,False,False,False
1.자동차_1342_1.wav,10m,50m,101,-21,우,왼쪽,False,False,False
1.자동차_1343_1.wav,11m,50m,75,-26,우,오른쪽,False,False,False
1.자동차_1349_1.wav,24m,50m,106,-22,우,오른쪽,False,False,False
1.자동차_1350_1.wav,13m,50m,73,-22,우,왼쪽,False,False,False
1.자동차_1351_1.wav,13m,50m,87,-27,우,오른쪽,False,False,False
1.자동차_1354_1.wav,10m,50m,95,-22,우,오른쪽,False,False,False
1.자동차_1356_1.wav,10m,50m,70,-25,좌,오른쪽,False,False,False
1.자동차_1357_1.wav,10m,50m,72,-22,좌,오른쪽,False,False,False
1.자동차_1360_1.wav,1m,50m,110,-21,우,중앙,False,False,False
1.자동차_1361_1.wav,30m,50m,102,-24,우,왼쪽,False,False,False
1.자동차_1364_1.wav,9m,50m,82,-21,좌,오른쪽,False,False,False
1.자동차_1371_1.wav,2m,50m,99,-22,좌,왼쪽,False,False,False
1.자동차_1373_1.wav,5m,50m,77,-21,우,오른쪽,False,False,False
1.자동차_1374_1.wav,30m,50m,106,-21,우,왼쪽,False,False,False
1.자동차_1375_1.wav,10m,50m,69,-28,좌,왼쪽,False,False,False
1.자동차_1376_1.wav,2m,50m,87,-23,좌,오른쪽,False,False,False
1.자동차_1377_1.wav,1m,50m,84,-23,우,중앙,False,False,False
1.자동차_1378_1.wav,12m,50m,69,-24,우,오른쪽,False,False,False
1.자동차_1379_1.wav,30m,50m,95,-23,우,왼쪽,False,False,False
1.자동차_1380_1.wav,1m,50m,71,-31,우,중앙,False,False,False
1.자동차_1385_1.wav,9m,50m,115,-22,좌,왼쪽,False,False,False
1.자동차_1387_1.wav,9m,50m,106,-22,좌,오른쪽,False,False,False
1.자동차_138_1.wav,6m,50m,75,-19,우,왼쪽,False,False,False
1.자동차_1390_1.wav,13m,50m,73,-23,우,왼쪽,False,False,False
1.자동차_1391_1.wav,10m,50m,99,-23,좌,오른쪽,False,False,False
1.자동차_1392_1.wav,13m,50m,80,-23,우,왼쪽,False,False,False
1.자동차_1393_1.wav,1m,50m,119,-22,우,중앙,False,False,False
1.자동차_1397_1.wav,60m,50m,73,-30,우,오른쪽,False,False,False
1.자동차_1398_1.wav,10m,50m,107,-17,우,오른쪽,False,False,False
1.자동차_139_1.wav,10m,50m,78,-21,우,왼쪽,False,False,False
1.자동차_1401_1.wav,13m,50m,68,-28,우,왼쪽,False,False,False
1.자동차_1404_1.wav,11m,50m,71,-29,우,오른쪽,False,False,False
1.자동차_1405_1.wav,10m,50m,70,-24,우,오른쪽,False,False,False
1.자동차_1406_1.wav,13m,50m,74,-27,우,왼쪽,False,False,False
1.자동차_1407_1.wav,10m,50m,110,-24,우,왼쪽,False,False,False
1.자동차_1410_1.wav,5m,50m,85,-20,우,오른쪽,False,False,False
1.자동차_1411_1.wav,10m,50m,71,-30,우,왼쪽,False,False,False
1.자동차_1412_1.wav,10m,50m,126,-20,우,오른쪽,False,False,False
1.자동차_1413_1.wav,1m,50m,127,-21,우,왼쪽,False,False,False
1.자동차_1414_1.wav,25m,50m,69,-25,우,중앙,False,False,False
1.자동차_1415_1.wav,5m,50m,112,-19,우,오른쪽,False,False,False
1.자동차_1416_1.wav,15m,50m,71,-25,우,왼쪽,False,False,False
1.자동차_1417_1.wav,13m,50m,68,-27,우,왼쪽,False,False,False
1.자동차_1418_1.wav,13m,50m,84,-23,우,왼쪽,False,False,False
1.자동차_141_1.wav,10m,50m,77,-18,우,오른쪽,False,False,False
1.자동차_1420_1.wav,10m,50m,78,-23,우,오른쪽,False,False,False
1.자동차_1421_1.wav,2m,50m,122,-20,좌,왼쪽,False,False,False
1.자동차_1429_1.wav,10m,50m,68,-30,좌,왼쪽,False,False,False
1.자동차_1430_1.wav,10m,50m,89,-20,우,왼쪽,False,False,False
1.자동차_1432_1.wav,15m,50m,75,-26,우,왼쪽,False,False,False
1.자동차_1433_1.wav,11m,50m,78,-25,우,오른쪽,False,False,False
1.자동차_1434_1.wav,10m,50m,74,-24,좌,오른쪽,False,False,False
1.자동차_1437_1.wav,10m,50m,74,-29,좌,왼쪽,False,False,False
1.자동차_1438_1.wav,10m,50m,70,-23,우,왼쪽,False,False,False
1.자동차_1440_1.wav,30m,50m,108,-20,우,왼쪽,False,False,False
1.자동차_1441_1.wav,15m,50m,72,-23,우,왼쪽,False,False,False
1.자동차_1442_1.wav,1m,50m,119,-24,우,중앙,False,False,False
1.자동차_1443_1.wav,2m,50m,92,-24,우,오른쪽,False,False,False
1.자동차_1444_1.wav,10m,50m,73,-21,좌,오른쪽,False,False,False
1.자동차_1445_1.wav,15m,50m,78,-23,우,왼쪽,False,False,False
1.자동차_1446_1.wav,2m,50m,107,-21,좌,오른쪽,False,False,False
1.자동차_1447_1.wav,10m,50m,69,-22,우,왼쪽,False,False,False
1.자동차_1448_1.wav,10m,50m,98,-22,우,왼쪽,False,False,False
1.자동차_1450_1.wav,10m,50m,100,-23,좌,왼쪽,False,False,False
1.자동차_1454_1.wav,10m,50m,122,-28,좌,왼쪽,False,False,False
1.자동차_1455_1.wav,10m,50m,97,-21,우,오른쪽,False,False,False
1.자동차_1458_1.wav,5m,50m,106,-19,우,오른쪽,False,False,False
1.자동차_1459_1.wav,10m,50m,103,-20,좌,오른쪽,False,False,False
1.자동차_145_1.wav,10m,50m,80,-21,우,왼쪽,False,False,False
1.자동차_1460_1.wav,25m,50m,93,-21,우,중앙,False,False,False
1.자동차_1461_1.wav,1m,50m,126,-21,우,중앙,False,False,False
1.자동차_1463_1.wav,10m,50m,90,-22,우,오른쪽,False,False,False
1.자동차_1464_1.wav,11m,50m,75,-28,우,오른쪽,False,False,False
1.자동차_1466_1.wav,10m,50m,74,-30,좌,왼쪽,False,False,False
1.자동차_1468_1.wav,30m,50m,81,-23,우,왼쪽,False,False,False
1.자동차_1469_1.wav,11m,50m,70,-32,우,오른쪽,False,False,False
1.자동차_1470_1.wav,10m,50m,98,-21,우,왼쪽,False,False,False
1.자동차_1471_1.wav,25m,50m,69,-23,우,중앙,False,False,False
1.자동차_1474_1.wav,10m,50m,101,-20,좌,오른쪽,False,False,False
1.자동차_1475_1.wav,10m,50m,68,-32,좌,왼쪽,False,False,False
1.자동차_1476_1.wav,10m,50m,83,-23,우,오른쪽,False,False,False
1.자동차_1477_1.wav,11m,50m,68,-25,우,오른쪽,False,False,False
1.자동차_1478_1.wav,5m,50m,78,-23,우,오른쪽,False,False,False
1.자동차_1479_1.wav,13m,50m,75,-27,우,왼쪽,False,False,False
1.자동차_1480_1.wav,10m,50m,98,-22,우,오른쪽,False,False,False
1.자동차_1481_1.wav,10m,50m,77,-22,우,오른쪽,False,False,False
1.자동차_1482_1.wav,11m,50m,75,-29,우,오른쪽,False,False,False
1.자동차_1483_1.wav,10m,50m,103,-20,우,중앙,False,False,False
1.자동차_1489_1.wav,10m,50m,125,-19,우,왼쪽,False,False,False
1.자동차_1490_1.wav,10m,50m,109,-20,우,오른쪽,False,False,False
1.자동차_1492_1.wav,30m,50m,105,-20,우,왼쪽,False,False,False
1.자동차_1495_1.wav,24m,50m,112,-17,우,오른쪽,False,False,False
1.자동차_1496_1.wav,10m,50m,71,-26,우,왼쪽,False,False,False
1.자동차_1497_1.wav,10m,50m,74,-22,우,오른쪽,False,False,False
1.자동차_1499_1.wav,3m,50m,112,-14,좌,오른쪽,False,False,False
1.자동차_149_1.wav,10m,50m,122,-12,좌,왼쪽,False,False,False
1.자동차_1501_1.wav,1m,50m,75,-25,우,중앙,False,False,False
1.자동차_1503_1.wav,1m,50m,102,-23,우,중앙,False,False,False
1.자동차_1504_1.wav,10m,50m,75,-25,우,오른쪽,False,False,False
1.자동차_1505_1.wav,24m,50m,75,-24,우,오른쪽,False,False,False
1.자동차_150_1.wav,10m,50m,89,-20,우,왼쪽,False,False,False
1.자동차_1510_1.wav,1m,50m,108,-21,우,중앙,False,False,False
1.자동차_1515_1.wav,10m,50m,102,-22,우,왼쪽,False,False,False
1.자동차_1517_1.wav,18m,50m,70,-28,우,오른쪽,False,False,False
1.자동차_1519_1.wav,30m,50m,76,-24,우,왼쪽,False,False,False
1.자동차_151_1.wav,1m,50m,119,-16,좌,왼쪽,False,False,False
1.자동차_1521_1.wav,10m,50m,113,-20,좌,오른쪽,False,False,False
1.자동차_1522_1.wav,30m,50m,118,-20,우,왼쪽,False,False,False
1.자동차_1527_1.wav,12m,50m,69,-24,우,오른쪽,False,False,False
1.자동차_1528_1.wav,10m,50m,76,-24,우,왼쪽,False,False,False
1.자동차_1529_1.wav,13m,50m,103,-21,우,왼쪽,False,False,False
1.자동차_1530_1.wav,9m,50m,93,-22,좌,오른쪽,False,False,False
1.자동차_1531_1.wav,13m,50m,74,-24,우,왼쪽,False,False,False
1.자동차_1534_1.wav,15m,50m,107,-22,우,왼쪽,False,False,False
1.자동차_1536_1.wav,10m,50m,87,-21,우,오른쪽,False,False,False
1.자동차_153_1.wav,10m,50m,70,-19,우,오른쪽,False,False,False
1.자동차_1541_1.wav,10m,50m,68,-23,우,오른쪽,False,False,False
1.자동차_1542_1.wav,1m,50m,89,-24,우,중앙,False,False,False
1.자동차_1543_1.wav,10m,50m,104,-22,우,오른쪽,False,False,False
1.자동차_1546_1.wav,13m,50m,72,-24,우,왼쪽,False,False,False
1.자동차_1547_1.wav,10m,50m,68,-27,우,왼쪽,False,False,False
1.자동차_1549_1.wav,10m,50m,78,-24,우,오른쪽,False,False,False
1.자동차_1552_1.wav,60m,50m,72,-30,우,오른쪽,False,False,False
1.자동차_1553_1.wav,10m,50m,73,-22,좌,오른쪽,False,False,False
1.자동차_1554_1.wav,10m,50m,94,-22,우,왼쪽,False,False,False
1.자동차_1556_1.wav,3m,50m,126,-17,좌,오른쪽,False,False,False
1.자동차_1558_1.wav,24m,50m,84,-21,우,오른쪽,False,False,False
1.자동차_1559_1.wav,10m,50m,70,-28,좌,왼쪽,False,False,False
1.자동차_1562_1.wav,13m,50m,84,-22,우,왼쪽,False,False,False
1.자동차_1564_1.wav,10m,50m,69,-21,좌,오른쪽,False,False,False
1.자동차_1565_1.wav,30m,50m,102,-27,우,왼쪽,False,False,False
1.자동차_1567_1.wav,13m,50m,71,-25,우,왼쪽,False,False,False
1.자동차_1568_1.wav,3m,50m,114,-8,우,왼쪽,False,False,False
1.자동차_1569_1.wav,15m,50m,78,-23,우,왼쪽,False,False,False
1.자동차_1570_1.wav,25m,50m,84,-25,우,중앙,False,False,False
1.자동차_1571_1.wav,24m,50m,105,-23,우,오른쪽,False,False,False
1.자동차_1574_1.wav,15m,50m,69,-26,우,왼쪽,False,False,False
1.자동차_1577_1.wav,12m,50m,69,-24,우,오른쪽,False,False,False
1.자동차_1578_1.wav,10m,50m,121,-21,우,왼쪽,False,False,False
1.자동차_1579_1.wav,10m,50m,122,-22,좌,오른쪽,False,False,False
1.자동차_1582_1.wav,11m,50m,84,-23,우,오른쪽,False,False,False
1.자동차_1586_1.wav,10m,50m,74,-29,좌,왼쪽,False,False,False
1.자동차_1589_1.wav,10m,50m,121,-20,우,중앙,False,False,False
1.자동차_1593_1.wav,10m,50m,97,-20,우,오른쪽,False,False,False
1.자동차_1595_1.wav,13m,50m,69,-28,우,왼쪽,False,False,False
1.자동차_1597_1.wav,15m,50m,74,-23,우,오른쪽,False,False,False
1.자동차_159_1.wav,10m,50m,75,-26,우,오른쪽,False,False,False
1.자동차_1601_1.wav,10m,50m,68,-30,좌,왼쪽,False,False,False
1.자동차_1602_1.wav,60m,50m,70,-30,우,오른쪽,False,False,False
1.자동차_1604_1.wav,15m,50m,74,-26,우,오른쪽,False,False,False
1.자동차_1608_1.wav,11m,50m,89,-25,우,오른쪽,False,False,False
1.자동차_1610_1.wav,12m,50m,75,-32,우,오른쪽,False,False,False
1.자동차_1613_1.wav,18m,50m,73,-28,우,오른쪽,False,False,False
1.자동차_1616_1.wav,13m,50m,97,-22,우,왼쪽,False,False,False
1.자동차_1618_1.wav,10m,50m,86,-21,우,오른쪽,False,False,False
1.자동차_1619_1.wav,3m,50m,121,-16,좌,왼쪽,False,False,False
1.자동차_1621_1.wav,2m,50m,68,-26,우,오른쪽,False,False,False
1.자동차_1622_1.wav,2m,50m,106,-23,우,오른쪽,False,False,False
1.자동차_1623_1.wav,10m,50m,88,-21,우,왼쪽,False,False,False
1.자동차_1624_1.wav,13m,50m,73,-25,우,왼쪽,False,False,False
1.자동차_1625_1.wav,10m,50m,117,-20,좌,왼쪽,False,False,False
1.자동차_1631_1.wav,13m,50m,69,-22,우,왼쪽,False,False,False
1.자동차_1632_1.wav,10m,50m,107,-17,우,오른쪽,False,False,False
1.자동차_1633_1.wav,10m,50m,92,-24,우,오른쪽,False,False,False
1.자동차_1634_1.wav,18m,50m,70,-29,우,오른쪽,False,False,False
1.자동차_1636_1.wav,5m,50m,105,-20,우,오른쪽,False,False,False
1.자동차_1637_1.wav,10m,50m,78,-22,우,오른쪽,False,False,False
1.자동차_1638_1.wav,10m,50m,83,-23,우,오른쪽,False,False,False
1.자동차_1639_1.wav,10m,50m,101,-21,우,오른쪽,False,False,False
1.자동차_1641_1.wav,11m,50m,73,-24,우,오른쪽,False,False,False
1.자동차_1642_1.wav,10m,50m,80,-24,우,오른쪽,False,False,False
1.자동차_1644_1.wav,10m,50m,69,-30,좌,왼쪽,False,False,False
1.자동차_1645_1.wav,30m,50m,118,-22,우,왼쪽,False,False,False
1.자동차_1646_1.wav,25m,50m,85,-23,우,중앙,False,False,False
1.자동차_1647_1.wav,13m,50m,74,-26,우,왼쪽,False,False,False
1.자동차_1650_1.wav,11m,50m,72,-32,우,오른쪽,False,False,False
1.자동차_1651_1.wav,9m,50m,127,-22,좌,오른쪽,False,False,False
1.자동차_1653_1.wav,30m,50m,72,-25,우,오른쪽,False,False,False
1.자동차_1655_1.wav,25m,50m,72,-28,우,중앙,False,False,False
1.자동차_1657_1.wav,25m,50m,109,-20,우,중앙,False,False,False
1.자동차_1661_1.wav,24m,50m,105,-17,우,오른쪽,False,False,False
1.자동차_1662_1.wav,12m,50m,72,-25,우,왼쪽,False,False,False
1.자동차_1663_1.wav,9m,50m,100,-21,좌,오른쪽,False,False,False
1.자동차_1664_1.wav,10m,50m,122,-16,우,오른쪽,False,False,False
1.자동차_1666_1.wav,11m,50m,71,-28,우,오른쪽,False,False,False
1.자동차_1667_1.wav,2m,50m,75,-22,우,오른쪽,False,False,False
1.자동차_1669_1.wav,13m,50m,102,-23,우,왼쪽,False,False,False
1.자동차_1673_1.wav,15m,50m,108,-22,우,왼쪽,False,False,False
1.자동차_1675_1.wav,10m,50m,81,-23,우,왼쪽,False,False,False
1.자동차_1676_1.wav,10m,50m,121,-19,우,오른쪽,False,False,False
1.자동차_1677_1.wav,1m,50m,94,-24,우,중앙,False,False,False
1.자동차_1678_1.wav,10m,50m,101,-21,우,왼쪽,False,False,False
1.자동차_1680_1.wav,13m,50m,86,-22,우,왼쪽,False,False,False
1.자동차_1682_1.wav,30m,50m,96,-22,우,왼쪽,False,False,False
1.자동차_1683_1.wav,11m,50m,68,-29,우,오른쪽,False,False,False
1.자동차_1687_1.wav,12m,50m,74,-23,우,왼쪽,False,False,False
1.자동차_1689_1.wav,1m,50m,126,-19,우,왼쪽,False,False,False
1.자동차_168_1.wav,10m,50m,82,-21,우,오른쪽,False,False,False
1.자동차_1690_1.wav,10m,50m,68,-29,좌,왼쪽,False,False,False
1.자동차_1691_1.wav,13m,50m,75,-23,우,왼쪽,False,False,False
1.자동차_1693_1.wav,15m,50m,70,-25,우,왼쪽,False,False,False
1.자동차_1694_1.wav,9m,50m,113,-21,좌,오른쪽,False,False,False
1.자동차_1696_1.wav,24m,50m,73,-25,우,오른쪽,False,False,False
1.자동차_1697_1.wav,10m,50m,124,-22,우,왼쪽,False,False,False
1.자동차_1698_1.wav,2m,50m,108,-21,좌,왼쪽,False,False,False
1.자동차_1699_1.wav,9m,50m,117,-20,좌,오른쪽,False,False,False
1.자동차_16_1.wav,10m,50m,74,-23,우,왼쪽,False,False,False
1.자동차_1700_1.wav,1m,50m,119,-16,우,왼쪽,False,False,False
1.자동차_1702_1.wav,10m,50m,123,-21,좌,오른쪽,False,False,False
1.자동차_1703_1.wav,5m,50m,101,-19,우,오른쪽,False,False,False
1.자동차_1704_1.wav,13m,50m,93,-20,우,오른쪽,False,False,False
1.자동차_170_1.wav,10m,50m,113,-21,우,오른쪽,False,False,False
1.자동차_1713_1.wav,10m,50m,94,-20,좌,오른쪽,False,False,False
1.자동차_1715_1.wav,30m,50m,121,-22,우,오른쪽,False,False,False
1.자동차_1717_1.wav,25m,50m,90,-23,우,중앙,False,False,False
1.자동차_1718_1.wav,15m,50m,109,-22,우,왼쪽,False,False,False
1.자동차_171_1.wav,10m,50m,70,-25,우,왼쪽,False,False,False
1.자동차_1721_1.wav,24m,50m,77,-22,우,오른쪽,False,False,False
1.자동차_1724_1.wav,10m,50m,85,-20,우,왼쪽,False,False,False
1.자동차_1726_1.wav,11m,50m,94,-21,우,오른쪽,False,False,False
1.자동차_1727_1.wav,13m,50m,73,-25,우,왼쪽,False,False,False
1.자동차_1728_1.wav,10m,50m,73,-26,우,왼쪽,False,False,False
1.자동차_1729_1.wav,12m,50m,108,-25,우,오른쪽,False,False,False
1.자동차_172_1.wav,13m,50m,72,-22,우,왼쪽,False,False,False
1.자동차_1731_1.wav,10m,50m,93,-22,우,왼쪽,False,False,False
1.자동차_1732_1.wav,10m,50m,99,-19,좌,오른쪽,False,False,False
1.자동차_1734_1.wav,13m,50m,71,-24,우,왼쪽,False,False,False
1.자동차_1736_1.wav,13m,50m,83,-21,우,왼쪽,False,False,False
1.자동차_1739_1.wav,3m,50m,107,-14,좌,오른쪽,False,False,False
1.자동차_173_1.wav,10m,50m,74,-23,우,왼쪽,False,False,False
1.자동차_1740_1.wav,15m,50m,74,-25,우,왼쪽,False,False,False
1.자동차_1741_1.wav,3m,50m,122,-12,우,왼쪽,False,False,False
1.자동차_1746_1.wav,10m,50m,75,-29,좌,왼쪽,False,False,False
1.자동차_1747_1.wav,10m,50m,74,-29,좌,왼쪽,False,False,False
1.자동차_1750_1.wav,24m,50m,120,-18,우,오른쪽,False,False,False
1.자동차_1751_1.wav,10m,50m,73,-22,우,중앙,False,False,False
1.자동차_1752_1.wav,12m,50m,89,-25,우,오른쪽,False,False,False
1.자동차_1754_1.wav,25m,50m,106,-25,우,중앙,False,False,False
1.자동차_1755_1.wav,10m,50m,115,-19,우,중앙,False,False,False
1.자동차_1756_1.wav,10m,50m,103,-22,우,오른쪽,False,False,False
1.자동차_1757_1.wav,3m,50m,104,-15,좌,왼쪽,False,False,False
1.자동차_1759_1.wav,10m,50m,83,-23,우,오른쪽,False,False,False
1.자동차_1763_1.wav,10m,50m,70,-29,좌,오른쪽,False,False,False
1.자동차_1764_1.wav,13m,50m,69,-23,우,오른쪽,False,False,False
1.자동차_1766_1.wav,15m,50m,82,-24,우,왼쪽,False,False,False
1.자동차_1770_1.wav,10m,50m,70,-28,좌,왼쪽,False,False,False
1.자동차_177_1.wav,6m,50m,76,-20,우,오른쪽,False,False,False
1.자동차_17_1.wav,12m,50m,70,-44,우,오른쪽,False,False,False
1.자동차_183_1.wav,10m,50m,71,-24,우,왼쪽,False,False,False
1.자동차_184_1.wav,1250m,50m,68,-24,우,왼쪽,False,False,False
1.자동차_186_1.wav,10m,50m,68,-21,우,오른쪽,False,False,False
1.자동차_18_1.wav,5m,50m,120,-16,우,왼쪽,False,False,False
1.자동차_19048_1.wav,10m,50m,113,-7,좌,오른쪽,False,False,False
1.자동차_19049_1.wav,10m,50m,109,-9,우,오른쪽,False,False,False
1.자동차_19107_1.wav,3m,50m,113,-11,좌,오른쪽,False,False,False
1.자동차_19109_1.wav,3m,50m,116,-7,좌,오른쪽,False,False,False
1.자동차_19110_1.wav,3m,50m,108,-11,우,오른쪽,False,False,False
1.자동차_191_1.wav,8m,50m,71,-24,우,오른쪽,False,False,False
1.자동차_192_1.wav,12m,50m,68,-34,우,왼쪽,False,False,False
1.자동차_19491_1.wav,20m,50m,74,-25,우,오른쪽,False,False,False
1.자동차_194_1.wav,6m,50m,85,-19,우,오른쪽,False,False,False
1.자동차_197_1.wav,20m,50m,113,-10,좌,오른쪽,False,False,False
1.자동차_19832_1.wav,10m,50m,122,-18,좌,오른쪽,False,False,False
1.자동차_19833_1.wav,28m,50m,126,-15,좌,오른쪽,False,False,False
1.자동차_199_1.wav,10m,50m,84,-21,우,왼쪽,False,False,False
1.자동차_200_1.wav,10m,50m,70,-24,우,왼쪽,False,False,False
1.자동차_201_1.wav,10m,50m,70,-26,우,왼쪽,False,False,False
1.자동차_20277_1.wav,70m,50m,71,-23,좌,오른쪽,False,False,False
1.자동차_20280_1.wav,80m,50m,90,-25,좌,오른쪽,False,False,False
1.자동차_20281_1.wav,80m,50m,73,-29,우,오른쪽,False,False,False
1.자동차_20283_1.wav,80m,50m,75,-23,우,오른쪽,False,False,False
1.자동차_203_1.wav,5m,50m,75,-23,우,왼쪽,False,False,False
1.자동차_204_1.wav,10m,50m,112,-22,우,오른쪽,False,False,False
1.자동차_205_1.wav,4m,50m,80,-25,우,오른쪽,False,False,False
1.자동차_206_1.wav,10m,50m,69,-22,우,왼쪽,False,False,False
1.자동차_20_1.wav,10m,50m,90,-20,우,왼쪽,False,False,False
1.자동차_212_1.wav,7m,50m,75,-20,우,오른쪽,False,False,False
1.자동차_214_1.wav,10m,50m,86,-21,우,왼쪽,False,False,False
1.자동차_215_1.wav,10m,50m,72,-27,우,오른쪽,False,False,False
1.자동차_216_1.wav,10m,50m,75,-22,우,왼쪽,False,False,False
1.자동차_217_1.wav,6m,50m,76,-19,우,오른쪽,False,False,False
1.자동차_219_1.wav,10m,50m,81,-23,우,왼쪽,False,False,False
1.자동차_224_1.wav,10m,50m,69,-29,우,오른쪽,False,False,False
1.자동차_228_1.wav,10m,50m,73,-22,우,왼쪽,False,False,False
1.자동차_229_1.wav,1m,50m,119,-15,좌,왼쪽,False,False,False
1.자동차_234_1.wav,6m,50m,87,-24,우,왼쪽,False,False,False
1.자동차_236_1.wav,10m,50m,104,-11,좌,왼쪽,False,False,False
1.자동차_240_1.wav,10m,50m,73,-26,우,왼쪽,False,False,False
1.자동차_248_1.wav,10m,50m,73,-20,우,왼쪽,False,False,False
1.자동차_250_1.wav,10m,50m,72,-19,우,오른쪽,False,False,False
1.자동차_251_1.wav,100m,50m,74,-22,우,오른쪽,False,False,False
1.자동차_256_1.wav,10m,50m,74,-23,우,왼쪽,False,False,False
1.자동차_25_1.wav,10m,50m,68,-26,우,왼쪽,False,False,False
1.자동차_261_1.wav,10m,50m,69,-22,우,왼쪽,False,False,False
1.자동차_262_1.wav,10m,50m,75,-24,우,오른쪽,False,False,False
1.자동차_263_1.wav,10m,50m,69,-22,우,왼쪽,False,False,False
1.자동차_264_1.wav,10m,50m,70,-25,우,왼쪽,False,False,False
1.자동차_269_1.wav,4m,50m,100,-9,좌,오른쪽,False,False,False
1.자동차_271_1.wav,20m,50m,107,-17,좌,왼쪽,False,False,False
1.자동차_274_1.wav,4m,50m,108,-7,좌,왼쪽,False,False,False
1.자동차_275_1.wav,6m,50m,68,-28,우,오른쪽,False,False,False
1.자동차_276_1.wav,7m,50m,69,-27,우,오른쪽,False,False,False
1.자동차_277_1.wav,12m,50m,70,-28,우,오른쪽,False,False,False
1.자동차_278_1.wav,12m,50m,69,-29,우,왼쪽,False,False,False
1.자동차_279_1.wav,12m,50m,129,-21,우,왼쪽,False,False,False
1.자동차_27_1.wav,7m,50m,128,-18,우,왼쪽,False,False,False
1.자동차_280_1.wav,3m,50m,68,-29,우,오른쪽,False,False,False
1.자동차_283_1.wav,12m,50m,93,-24,우,왼쪽,False,False,False
1.자동차_284_1.wav,6m,50m,115,-17,우,오른쪽,False,False,False
1.자동차_285_1.wav,2m,50m,126,-15,우,오른쪽,False,False,False
1.자동차_288_1.wav,4m,50m,119,-19,우,왼쪽,False,False,False
1.자동차_292_1.wav,50m,50m,111,-22,우,왼쪽,True,False,False
1.자동차_294_1.wav,12m,50m,74,-29,우,오른쪽,False,False,False
1.자동차_297_1.wav,20m,50m,108,-11,좌,왼쪽,False,False,False
1.자동차_298_1.wav,8m,50m,71,-27,우,오른쪽,False,False,False
1.자동차_299_1.wav,8m,50m,123,-20,우,오른쪽,False,False,False
1.자동차_300_1.wav,10m,50m,89,-22,우,오른쪽,False,False,False
1.자동차_303_1.wav,12m,50m,72,-30,우,오른쪽,False,False,False
1.자동차_304_1.wav,20m,50m,110,-15,좌,오른쪽,False,False,False
1.자동차_309_1.wav,8m,50m,70,-23,우,오른쪽,False,False,False
1.자동차_310_1.wav,4m,50m,113,-15,우,오른쪽,False,False,False
1.자동차_312_1.wav,20m,50m,114,-15,좌,왼쪽,False,False,False
1.자동차_313_1.wav,20m,50m,104,-18,좌,왼쪽,False,False,False
1.자동차_316_1.wav,450m,50m,68,-32,우,오른쪽,False,False,False
1.자동차_317_1.wav,3m,50m,75,-25,우,오른쪽,False,False,False
1.자동차_319_1.wav,3m,50m,109,-17,우,왼쪽,False,False,False
1.자동차_31_1.wav,10m,50m,74,-21,우,왼쪽,False,False,False
1.자동차_321_1.wav,7m,50m,72,-24,우,오른쪽,False,False,False
1.자동차_323_1.wav,75m,50m,71,-30,우,왼쪽,False,False,False
1.자동차_324_1.wav,3m,50m,105,-16,우,오른쪽,False,False,False
1.자동차_330_1.wav,20m,50m,112,-10,좌,왼쪽,False,False,False
1.자동차_333_1.wav,10m,50m,101,-14,우,왼쪽,False,False,False
1.자동차_335_1.wav,11m,50m,73,-23,우,오른쪽,False,False,False
1.자동차_336_1.wav,20m,50m,124,-13,좌,왼쪽,False,False,False
1.자동차_337_1.wav,3m,50m,121,-18,우,왼쪽,False,False,False
1.자동차_338_1.wav,12m,50m,122,-17,우,왼쪽,False,False,False
1.자동차_339_1.wav,100m,50m,72,-36,우,오른쪽,False,False,False
1.자동차_341_1.wav,2m,50m,126,-12,좌,왼쪽,False,False,False
1.자동차_344_1.wav,100m,50m,71,-24,우,왼쪽,False,False,False
1.자동차_345_1.wav,6m,50m,93,-21,우,오른쪽,False,False,False
1.자동차_348_1.wav,5m,50m,113,-17,우,왼쪽,False,False,False
1.자동차_34_1.wav,10m,50m,72,-18,우,오른쪽,False,False,False
1.자동차_352_1.wav,50m,50m,103,-13,우,왼쪽,True,False,False
1.자동차_353_1.wav,10m,50m,100,-23,우,왼쪽,False,False,False
1.자동차_354_1.wav,50m,50m,106,-23,우,왼쪽,True,False,False
1.자동차_358_1.wav,3m,50m,114,-17,우,오른쪽,False,False,False
1.자동차_359_1.wav,20m,50m,121,-11,좌,오른쪽,False,False,False
1.자동차_361_1.wav,20m,50m,104,-17,좌,왼쪽,False,False,False
1.자동차_364_1.wav,20m,50m,111,-15,좌,왼쪽,False,False,False
1.자동차_366_1.wav,50m,50m,121,-20,우,왼쪽,True,False,False
1.자동차_368_1.wav,20m,50m,125,-13,좌,왼쪽,False,False,False
1.자동차_369_1.wav,3m,50m,70,-24,우,오른쪽,False,False,False
1.자동차_370_1.wav,6m,50m,115,-20,우,오른쪽,False,False,False
1.자동차_371_1.wav,20m,50m,116,-15,좌,오른쪽,False,False,False
1.자동차_372_1.wav,2m,50m,109,-12,좌,왼쪽,False,False,False
1.자동차_373_1.wav,43m,50m,83,-25,우,오른쪽,False,False,False
1.자동차_375_1.wav,13m,50m,87,-22,우,오른쪽,False,False,False
1.자동차_378_1.wav,20m,50m,120,-11,좌,오른쪽,False,False,False
1.자동차_379_1.wav,50m,50m,127,-13,우,왼쪽,True,False,False
1.자동차_38187_1.wav,10m,50m,116,-24,좌,왼쪽,False,False,False
1.자동차_383_1.wav,3m,50m,107,-19,우,오른쪽,False,False,False
1.자동차_384_1.wav,8m,50m,130,-19,우,오른쪽,False,False,False
1.자동차_385_1.wav,11m,50m,126,-18,우,왼쪽,False,False,False
1.자동차_386_1.wav,20m,50m,116,-13,좌,왼쪽,False,False,False
1.자동차_387_1.wav,3m,50m,73,-28,우,오른쪽,False,False,False
1.자동차_388_1.wav,3m,50m,72,-24,우,오른쪽,False,False,False
1.자동차_38_1.wav,10m,50m,69,-23,우,왼쪽,False,False,False
1.자동차_391_1.wav,10m,50m,104,-25,우,중앙,False,False,False
1.자동차_392_1.wav,4m,50m,111,-7,좌,오른쪽,False,False,False
1.자동차_393_1.wav,20m,50m,109,-14,좌,오른쪽,False,False,False
1.자동차_394_1.wav,10m,50m,75,-27,우,왼쪽,False,False,False
1.자동차_398_1.wav,4m,50m,104,-9,좌,오른쪽,False,False,False
1.자동차_399_1.wav,12m,50m,111,-17,우,오른쪽,False,False,False
1.자동차_400_1.wav,5m,50m,110,-18,우,오른쪽,False,False,False
1.자동차_401_1.wav,10m,50m,123,-19,좌,오른쪽,False,False,False
1.자동차_402_1.wav,50m,50m,122,-18,우,왼쪽,True,False,False
1.자동차_405_1.wav,4m,50m,113,-8,좌,오른쪽,False,False,False
1.자동차_406_1.wav,10m,50m,103,-18,우,중앙,False,False,False
1.자동차_407_1.wav,3m,50m,81,-21,우,왼쪽,False,False,False
1.자동차_408_1.wav,450m,50m,71,-32,우,오른쪽,False,False,False
1.자동차_409_1.wav,8m,50m,86,-25,우,오른쪽,False,False,False
1.자동차_411_1.wav,8m,50m,118,-19,우,왼쪽,False,False,False
1.자동차_414_1.wav,8m,50m,112,-21,우,오른쪽,False,False,False
1.자동차_415_1.wav,50m,50m,100,-14,우,왼쪽,True,False,False
1.자동차_419_1.wav,3m,50m,107,-17,우,오른쪽,False,False,False
1.자동차_421_1.wav,200m,50m,72,-39,우,오른쪽,False,False,False
1.자동차_423_1.wav,3m,50m,111,-22,우,오른쪽,False,False,False
1.자동차_425_1.wav,6m,50m,109,-22,우,오른쪽,False,False,False
1.자동차_426_1.wav,3m,50m,107,-14,우,오른쪽,False,False,False
1.자동차_428_1.wav,20m,50m,101,-13,좌,왼쪽,False,False,False
1.자동차_42_1.wav,10m,50m,74,-26,우,왼쪽,False,False,False
1.자동차_433_1.wav,3m,50m,106,-19,우,오른쪽,False,False,False
1.자동차_437_1.wav,2m,50m,102,-12,좌,왼쪽,False,False,False
1.자동차_438_1.wav,4m,50m,112,-19,우,오른쪽,False,False,False
1.자동차_439_1.wav,3m,50m,121,-19,우,왼쪽,False,False,False
1.자동차_440_1.wav,4m,50m,127,-18,우,오른쪽,False,False,False
1.자동차_441_1.wav,3m,50m,68,-26,우,왼쪽,False,False,False
1.자동차_446_1.wav,8m,50m,101,-22,우,오른쪽,False,False,False
1.자동차_447_1.wav,10m,50m,71,-25,우,왼쪽,False,False,False
1.자동차_448_1.wav,3m,50m,117,-15,우,오른쪽,False,False,False
1.자동차_449_1.wav,6m,50m,70,-23,우,오른쪽,False,False,False
1.자동차_450_1.wav,10m,50m,119,-20,우,중앙,False,False,False
1.자동차_451_1.wav,50m,50m,89,-18,우,오른쪽,True,False,False
1.자동차_452_1.wav,10m,50m,96,-22,우,왼쪽,False,False,False
1.자동차_453_1.wav,10m,50m,119,-14,우,중앙,False,False,False
1.자동차_454_1.wav,10m,50m,85,-26,우,왼쪽,False,False,False
1.자동차_455_1.wav,20m,50m,113,-15,좌,왼쪽,False,False,False
1.자동차_456_1.wav,250m,50m,78,-23,우,오른쪽,False,False,False
1.자동차_45715_1.wav,18m,50m,130,-16,우,오른쪽,False,False,False
1.자동차_45731_1.wav,20m,50m,100,-24,우,왼쪽,False,False,False
1.자동차_457_1.wav,60m,50m,72,-45,우,오른쪽,False,False,False
1.자동차_458_1.wav,4m,50m,74,-24,우,오른쪽,False,False,False
1.자동차_459_1.wav,60m,50m,86,-23,우,오른쪽,False,False,False
1.자동차_45_1.wav,10m,50m,73,-21,우,왼쪽,False,False,False
1.자동차_462_1.wav,20m,50m,108,-13,좌,왼쪽,False,False,False
1.자동차_465_1.wav,4m,50m,124,-12,좌,오른쪽,False,False,False
1.자동차_468_1.wav,3m,50m,89,-22,우,오른쪽,False,False,False
1.자동차_469_1.wav,3m,50m,69,-19,우,오른쪽,False,False,False
1.자동차_471_1.wav,8m,50m,105,-20,우,오른쪽,False,False,False
1.자동차_473_1.wav,11m,50m,120,-17,우,왼쪽,False,False,False
1.자동차_475_1.wav,43m,50m,75,-37,우,오른쪽,False,False,False
1.자동차_476_1.wav,50m,50m,94,-24,우,왼쪽,True,False,False
1.자동차_477_1.wav,10m,50m,74,-29,우,왼쪽,False,False,False
1.자동차_483_1.wav,8m,50m,130,-24,우,오른쪽,False,False,False
1.자동차_484_1.wav,3m,50m,100,-19,우,오른쪽,False,False,False
1.자동차_485_1.wav,3m,50m,111,-18,우,오른쪽,False,False,False
1.자동차_486_1.wav,3m,50m,92,-17,우,오른쪽,False,False,False
1.자동차_488_1.wav,4m,50m,102,-21,우,오른쪽,False,False,False
1.자동차_489_1.wav,20m,50m,110,-14,좌,왼쪽,False,False,False
1.자동차_48_1.wav,10m,50m,73,-23,우,왼쪽,False,False,False
1.자동차_490_1.wav,20m,50m,118,-16,좌,왼쪽,False,False,False
1.자동차_493_1.wav,6m,50m,93,-24,우,오른쪽,False,False,False
1.자동차_496_1.wav,6m,50m,108,-21,우,오른쪽,False,False,False
1.자동차_499_1.wav,10m,50m,126,-20,우,오른쪽,False,False,False
1.자동차_4_1.wav,10m,50m,71,-30,우,오른쪽,False,False,False
1.자동차_500_1.wav,50m,50m,72,-24,우,왼쪽,True,False,False
1.자동차_501_1.wav,10m,50m,77,-26,좌,왼쪽,False,False,False
1.자동차_502_1.wav,12m,50m,71,-20,우,오른쪽,False,False,False
1.자동차_503_1.wav,20m,50m,108,-16,좌,왼쪽,False,False,False
1.자동차_504_1.wav,10m,50m,115,-21,우,중앙,False,False,False
1.자동차_509_1.wav,3m,50m,129,-18,우,오른쪽,False,False,False
1.자동차_50_1.wav,10m,50m,71,-22,우,왼쪽,False,False,False
1.자동차_511_1.wav,8m,50m,103,-19,우,오른쪽,False,False,False
1.자동차_512_1.wav,3m,50m,71,-27,우,오른쪽,False,False,False
1.자동차_513_1.wav,8m,50m,118,-20,우,오른쪽,False,False,False
1.자동차_517_1.wav,20m,50m,112,-15,좌,왼쪽,False,False,False
1.자동차_519_1.wav,2m,50m,113,-12,좌,왼쪽,False,False,False
1.자동차_523_1.wav,6m,50m,113,-20,우,오른쪽,False,False,False
1.자동차_524_1.wav,3m,50m,109,-19,우,오른쪽,False,False,False
1.자동차_525_1.wav,12m,50m,72,-39,우,오른쪽,False,False,False
1.자동차_526_1.wav,12m,50m,72,-25,우,왼쪽,False,False,False
1.자동차_530_1.wav,20m,50m,119,-16,좌,왼쪽,False,False,False
1.자동차_532_1.wav,50m,50m,100,-23,우,오른쪽,True,False,False
1.자동차_534_1.wav,3m,50m,102,-17,우,오른쪽,False,False,False
1.자동차_538_1.wav,20m,50m,101,-16,좌,왼쪽,False,False,False
1.자동차_539_1.wav,1m,50m,69,-29,우,중앙,False,False,False
1.자동차_53_1.wav,12m,50m,68,-32,우,왼쪽,False,False,False
1.자동차_540_1.wav,4m,50m,108,-17,우,오른쪽,False,False,False
1.자동차_541_1.wav,10m,50m,73,-27,우,오른쪽,False,False,False
1.자동차_544_1.wav,3m,50m,109,-18,우,오른쪽,False,False,False
1.자동차_546_1.wav,12m,50m,88,-24,우,오른쪽,False,False,False
1.자동차_547_1.wav,13m,50m,69,-22,우,왼쪽,False,False,False
1.자동차_548_1.wav,25m,50m,86,-22,우,중앙,False,False,False
1.자동차_549_1.wav,10m,50m,72,-29,좌,왼쪽,False,False,False
1.자동차_550_1.wav,10m,50m,84,-24,우,왼쪽,False,False,False
1.자동차_553_1.wav,30m,50m,102,-21,우,왼쪽,False,False,False
1.자동차_555_1.wav,10m,50m,105,-24,좌,왼쪽,False,False,False
1.자동차_556_1.wav,3m,50m,124,-8,우,왼쪽,False,False,False
1.자동차_565_1.wav,10m,50m,71,-29,좌,왼쪽,False,False,False
1.자동차_566_1.wav,30m,50m,120,-22,우,왼쪽,False,False,False
1.자동차_567_1.wav,1m,50m,130,-22,우,중앙,False,False,False
1.자동차_569_1.wav,10m,50m,74,-22,우,오른쪽,False,False,False
1.자동차_572_1.wav,5m,50m,86,-20,우,오른쪽,False,False,False
1.자동차_573_1.wav,9m,50m,91,-20,좌,오른쪽,False,False,False
1.자동차_575_1.wav,1m,50m,88,-24,우,중앙,False,False,False
1.자동차_576_1.wav,13m,50m,85,-21,우,오른쪽,False,False,False
1.자동차_577_1.wav,10m,50m,72,-29,좌,왼쪽,False,False,False
1.자동차_578_1.wav,3m,50m,106,-6,우,오른쪽,False,False,False
1.자동차_581_1.wav,3m,50m,119,-6,우,오른쪽,False,False,False
1.자동차_582_1.wav,10m,50m,86,-19,좌,오른쪽,False,False,False
1.자동차_583_1.wav,30m,50m,68,-27,우,왼쪽,False,False,False
1.자동차_584_1.wav,10m,50m,75,-28,좌,왼쪽,False,False,False
1.자동차_585_1.wav,1m,50m,105,-17,우,왼쪽,False,False,False
1.자동차_586_1.wav,13m,50m,69,-24,우,왼쪽,False,False,False
1.자동차_587_1.wav,30m,50m,105,-23,우,왼쪽,False,False,False
1.자동차_588_1.wav,3m,50m,100,-8,우,왼쪽,False,False,False
1.자동차_589_1.wav,10m,50m,70,-22,우,오른쪽,False,False,False
1.자동차_58_1.wav,10m,50m,78,-23,우,왼쪽,False,False,False
1.자동차_590_1.wav,3m,50m,105,-15,좌,왼쪽,False,False,False
1.자동차_591_1.wav,13m,50m,72,-24,우,왼쪽,False,False,False
1.자동차_592_1.wav,13m,50m,71,-24,우,오른쪽,False,False,False
1.자동차_593_1.wav,10m,50m,87,-21,좌,오른쪽,False,False,False
1.자동차_594_1.wav,10m,50m,117,-20,좌,오른쪽,False,False,False
1.자동차_595_1.wav,10m,50m,125,-21,우,왼쪽,False,False,False
1.자동차_596_1.wav,3m,50m,122,-8,우,왼쪽,False,False,False
1.자동차_597_1.wav,2m,50m,127,-20,좌,왼쪽,False,False,False
1.자동차_59_1.wav,20m,50m,107,-13,좌,왼쪽,False,False,False
1.자동차_600_1.wav,24m,50m,111,-20,우,오른쪽,False,False,False
1.자동차_603_1.wav,10m,50m,120,-21,우,중앙,False,False,False
1.자동차_606_1.wav,25m,50m,75,-32,우,중앙,False,False,False
1.자동차_607_1.wav,10m,50m,71,-30,좌,왼쪽,False,False,False
1.자동차_611_1.wav,30m,50m,69,-26,우,왼쪽,False,False,False
1.자동차_612_1.wav,13m,50m,73,-26,우,왼쪽,False,False,False
1.자동차_613_1.wav,12m,50m,71,-30,우,오른쪽,False,False,False
1.자동차_614_1.wav,25m,50m,71,-23,우,중앙,False,False,False
1.자동차_616_1.wav,15m,50m,111,-22,우,왼쪽,False,False,False
1.자동차_617_1.wav,5m,50m,90,-20,우,오른쪽,False,False,False
1.자동차_618_1.wav,3m,50m,121,-8,우,왼쪽,False,False,False
1.자동차_620_1.wav,10m,50m,75,-24,우,중앙,False,False,False
1.자동차_621_1.wav,10m,50m,75,-24,좌,오른쪽,False,False,False
1.자동차_622_1.wav,5m,50m,77,-21,우,오른쪽,False,False,False
1.자동차_623_1.wav,3m,50m,117,-13,좌,오른쪽,False,False,False
1.자동차_624_1.wav,13m,50m,71,-26,우,왼쪽,False,False,False
1.자동차_626_1.wav,3m,50m,100,-8,우,왼쪽,False,False,False
1.자동차_627_1.wav,10m,50m,104,-18,좌,오른쪽,False,False,False
1.자동차_628_1.wav,10m,50m,70,-24,우,오른쪽,False,False,False
1.자동차_629_1.wav,10m,50m,71,-28,좌,왼쪽,False,False,False
1.자동차_630_1.wav,10m,50m,114,-20,우,왼쪽,False,False,False
1.자동차_631_1.wav,12m,50m,69,-25,우,오른쪽,False,False,False
1.자동차_634_1.wav,10m,50m,109,-21,우,왼쪽,False,False,False
1.자동차_636_1.wav,25m,50m,127,-21,우,중앙,False,False,False
1.자동차_637_1.wav,30m,50m,104,-23,우,왼쪽,False,False,False
1.자동차_639_1.wav,10m,50m,109,-18,좌,오른쪽,False,False,False
1.자동차_641_1.wav,25m,50m,80,-24,우,중앙,False,False,False
1.자동차_642_1.wav,10m,50m,70,-30,우,왼쪽,False,False,False
1.자동차_643_1.wav,10m,50m,111,-21,좌,오른쪽,False,False,False
1.자동차_644_1.wav,3m,50m,108,-13,좌,오른쪽,False,False,False
1.자동차_647_1.wav,10m,50m,125,-20,우,오른쪽,False,False,False
1.자동차_648_1.wav,13m,50m,75,-25,우,왼쪽,False,False,False
1.자동차_649_1.wav,2m,50m,78,-24,좌,왼쪽,False,False,False
1.자동차_64_1.wav,10m,50m,73,-24,우,왼쪽,False,False,False
1.자동차_650_1.wav,3m,50m,108,-15,좌,왼쪽,False,False,False
1.자동차_651_1.wav,1m,50m,89,-24,우,중앙,False,False,False
1.자동차_653_1.wav,1m,50m,123,-22,우,중앙,False,False,False
1.자동차_654_1.wav,15m,50m,97,-23,우,왼쪽,False,False,False
1.자동차_655_1.wav,13m,50m,75,-23,우,왼쪽,False,False,False
1.자동차_65634_1.wav,30m,50m,74,-26,우,오른쪽,False,False,False
1.자동차_65654_1.wav,30m,50m,74,-28,좌,오른쪽,False,False,False
1.자동차_65655_1.wav,30m,50m,70,-30,우,오른쪽,False,False,False
1.자동차_65656_1.wav,30m,50m,74,-24,좌,오른쪽,False,False,False
1.자동차_657_1.wav,13m,50m,77,-27,우,오른쪽,False,False,False
1.자동차_658_1.wav,10m,50m,91,-22,좌,오른쪽,False,False,False
1.자동차_659_1.wav,24m,50m,118,-23,우,오른쪽,False,False,False
1.자동차_662_1.wav,10m,50m,109,-21,우,왼쪽,False,False,False
1.자동차_664_1.wav,10m,50m,107,-22,좌,왼쪽,False,False,False
1.자동차_667_1.wav,2m,50m,107,-21,좌,오른쪽,False,False,False
1.자동차_670_1.wav,13m,50m,68,-26,우,왼쪽,False,False,False
1.자동차_672_1.wav,10m,50m,107,-21,좌,오른쪽,False,False,False
1.자동차_673_1.wav,1m,50m,88,-23,우,중앙,False,False,False
1.자동차_674_1.wav,30m,50m,102,-22,우,오른쪽,False,False,False
1.자동차_678_1.wav,9m,50m,96,-22,좌,오른쪽,False,False,False
1.자동차_679_1.wav,9m,50m,116,-21,좌,오른쪽,False,False,False
1.자동차_681_1.wav,2m,50m,110,-23,좌,오른쪽,False,False,False
1.자동차_682_1.wav,10m,50m,75,-28,좌,왼쪽,False,False,False
1.자동차_684_1.wav,13m,50m,71,-30,우,왼쪽,False,False,False
1.자동차_685_1.wav,30m,50m,86,-24,우,왼쪽,False,False,False
1.자동차_689_1.wav,13m,50m,81,-28,우,오른쪽,False,False,False
1.자동차_68_1.wav,10m,50m,74,-23,우,왼쪽,False,False,False
1.자동차_690_1.wav,10m,50m,100,-20,좌,오른쪽,False,False,False
1.자동차_691_1.wav,10m,50m,77,-21,우,오른쪽,False,False,False
1.자동차_692_1.wav,10m,50m,74,-23,우,오른쪽,False,False,False
1.자동차_693_1.wav,1m,50m,110,-21,우,중앙,False,False,False
1.자동차_694_1.wav,10m,50m,75,-27,우,오른쪽,False,False,False
1.자동차_696_1.wav,10m,50m,81,-21,우,오른쪽,False,False,False
1.자동차_697_1.wav,10m,50m,75,-23,좌,오른쪽,False,False,False
1.자동차_699_1.wav,10m,50m,118,-20,우,오른쪽,False,False,False
1.자동차_6_1.wav,6m,50m,69,-23,우,오른쪽,False,False,False
1.자동차_702_1.wav,11m,50m,119,-20,우,오른쪽,False,False,False
1.자동차_704_1.wav,5m,50m,76,-22,우,오른쪽,False,False,False
1.자동차_706_1.wav,24m,50m,107,-15,우,오른쪽,False,False,False
1.자동차_707_1.wav,3m,50m,108,-6,우,오른쪽,False,False,False
1.자동차_711_1.wav,25m,50m,123,-22,우,중앙,False,False,False
1.자동차_712_1.wav,13m,50m,68,-29,우,오른쪽,False,False,False
1.자동차_713_1.wav,3m,50m,102,-17,좌,왼쪽,False,False,False
1.자동차_715_1.wav,9m,50m,109,-20,좌,왼쪽,False,False,False
1.자동차_716_1.wav,1m,50m,73,-31,우,중앙,False,False,False
1.자동차_717_1.wav,5m,50m,84,-21,우,오른쪽,False,False,False
1.자동차_718_1.wav,13m,50m,71,-27,우,왼쪽,False,False,False
1.자동차_719_1.wav,30m,50m,124,-20,우,오른쪽,False,False,False
1.자동차_720_1.wav,24m,50m,68,-24,우,오른쪽,False,False,False
1.자동차_721_1.wav,10m,50m,125,-17,우,왼쪽,False,False,False
1.자동차_722_1.wav,24m,50m,71,-26,우,오른쪽,False,False,False
1.자동차_725_1.wav,2m,50m,127,-12,우,오른쪽,False,False,False
1.자동차_728_1.wav,10m,50m,69,-31,좌,왼쪽,False,False,False
1.자동차_730_1.wav,10m,50m,104,-21,우,왼쪽,False,False,False
1.자동차_735_1.wav,13m,50m,69,-26,우,왼쪽,False,False,False
1.자동차_744_1.wav,9m,50m,113,-21,좌,오른쪽,False,False,False
1.자동차_747_1.wav,10m,50m,75,-31,좌,왼쪽,False,False,False
1.자동차_748_1.wav,10m,50m,73,-24,좌,오른쪽,False,False,False
1.자동차_749_1.wav,10m,50m,104,-20,우,왼쪽,False,False,False
1.자동차_751_1.wav,3m,50m,103,-7,우,왼쪽,False,False,False
1.자동차_752_1.wav,10m,50m,96,-22,좌,왼쪽,False,False,False
1.자동차_753_1.wav,30m,50m,126,-22,우,왼쪽,False,False,False
1.자동차_755_1.wav,24m,50m,102,-20,우,오른쪽,False,False,False
1.자동차_756_1.wav,10m,50m,76,-24,우,왼쪽,False,False,False
1.자동차_758_1.wav,1m,50m,122,-20,우,중앙,False,False,False
1.자동차_75_1.wav,10m,50m,70,-24,우,왼쪽,False,False,False
1.자동차_76516_1.wav,20m,50m,68,-28,우,오른쪽,False,False,False
1.자동차_76_1.wav,20m,50m,110,-18,좌,왼쪽,False,False,False
1.자동차_770_1.wav,11m,50m,78,-20,우,오른쪽,False,False,False
1.자동차_771_1.wav,2m,50m,123,-20,좌,오른쪽,False,False,False
1.자동차_772_1.wav,3m,50m,126,-21,우,오른쪽,False,False,False
1.자동차_774_1.wav,2m,50m,121,-22,좌,왼쪽,False,False,False
1.자동차_776_1.wav,10m,50m,125,-18,우,오른쪽,False,False,False
1.자동차_77846_1.wav,5m,50m,127,-20,좌,왼쪽,False,False,False
1.자동차_778_1.wav,11m,50m,69,-27,우,오른쪽,False,False,False
1.자동차_780_1.wav,13m,50m,69,-29,우,오른쪽,False,False,False
1.자동차_783_1.wav,2m,50m,80,-21,좌,오른쪽,False,False,False
1.자동차_78419_1.wav,6m,50m,116,-18,좌,왼쪽,False,False,False
1.자동차_784_1.wav,13m,50m,70,-27,우,왼쪽,False,False,False
1.자동차_788_1.wav,15m,50m,82,-25,우,왼쪽,False,False,False
1.자동차_789_1.wav,10m,50m,82,-23,우,오른쪽,False,False,False
1.자동차_78_1.wav,3m,50m,114,-17,우,오른쪽,False,False,False
1.자동차_790_1.wav,10m,50m,117,-20,좌,오른쪽,False,False,False
1.자동차_795_1.wav,3m,50m,114,-16,좌,왼쪽,False,False,False
1.자동차_796_1.wav,10m,50m,75,-28,좌,오른쪽,False,False,False
1.자동차_797_1.wav,30m,50m,79,-23,우,왼쪽,False,False,False
1.자동차_79_1.wav,10m,50m,78,-24,우,오른쪽,False,False,False
1.자동차_7_1.wav,10m,50m,120,-16,우,왼쪽,False,False,False
1.자동차_807_1.wav,5m,50m,97,-20,우,오른쪽,False,False,False
1.자동차_809_1.wav,10m,50m,74,-29,좌,왼쪽,False,False,False
1.자동차_80_1.wav,75m,50m,74,-28,우,왼쪽,False,False,False
1.자동차_810_1.wav,10m,50m,71,-28,좌,왼쪽,False,False,False
1.자동차_812_1.wav,24m,50m,102,-18,우,오른쪽,False,False,False
1.자동차_815_1.wav,10m,50m,100,-21,좌,오른쪽,False,False,False
1.자동차_818_1.wav,10m,50m,89,-23,우,중앙,False,False,False
1.자동차_819_1.wav,30m,50m,101,-22,우,왼쪽,False,False,False
1.자동차_826_1.wav,10m,50m,72,-24,우,왼쪽,False,False,False
1.자동차_829_1.wav,10m,50m,85,-24,우,왼쪽,False,False,False
1.자동차_830_1.wav,1m,50m,110,-23,우,중앙,False,False,False
1.자동차_834_1.wav,10m,50m,121,-22,좌,오른쪽,False,False,False
1.자동차_835_1.wav,25m,50m,75,-25,우,중앙,False,False,False
1.자동차_836_1.wav,25m,50m,100,-24,우,중앙,False,False,False
1.자동차_837_1.wav,10m,50m,103,-20,좌,오른쪽,False,False,False
1.자동차_838_1.wav,10m,50m,85,-21,우,왼쪽,False,False,False
1.자동차_839_1.wav,10m,50m,75,-25,우,왼쪽,False,False,False
1.자동차_840_1.wav,9m,50m,106,-21,좌,오른쪽,False,False,False
1.자동차_842_1.wav,15m,50m,105,-23,우,왼쪽,False,False,False
1.자동차_843_1.wav,10m,50m,76,-24,우,오른쪽,False,False,False
1.자동차_844_1.wav,10m,50m,122,-20,우,왼쪽,False,False,False
1.자동차_845_1.wav,10m,50m,109,-20,좌,오른쪽,False,False,False
1.자동차_846_1.wav,3m,50m,111,-18,좌,왼쪽,False,False,False
1.자동차_849_1.wav,24m,50m,105,-20,우,오른쪽,False,False,False
1.자동차_850_1.wav,13m,50m,68,-26,우,왼쪽,False,False,False
1.자동차_852_1.wav,13m,50m,73,-22,우,왼쪽,False,False,False
1.자동차_858_1.wav,10m,50m,102,-20,좌,오른쪽,False,False,False
1.자동차_860_1.wav,10m,50m,73,-26,우,오른쪽,False,False,False
1.자동차_862_1.wav,10m,50m,68,-26,좌,오른쪽,False,False,False
1.자동차_864_1.wav,10m,50m,96,-21,우,왼쪽,False,False,False
1.자동차_868_1.wav,5m,50m,92,-22,우,오른쪽,False,False,False
1.자동차_869_1.wav,25m,50m,70,-27,우,중앙,False,False,False
1.자동차_870_1.wav,30m,50m,68,-29,우,왼쪽,False,False,False
1.자동차_872_1.wav,10m,50m,72,-29,좌,왼쪽,False,False,False
1.자동차_875_1.wav,10m,50m,70,-28,좌,왼쪽,False,False,False
1.자동차_876_1.wav,10m,50m,91,-21,좌,오른쪽,False,False,False
1.자동차_87719_1.wav,2m,50m,72,-22,위,오른쪽,False,False,False
1.자동차_877_1.wav,25m,50m,115,-22,우,중앙,False,False,False
1.자동차_878_1.wav,3m,50m,119,-17,좌,왼쪽,False,False,False
1.자동차_880_1.wav,10m,50m,84,-22,우,오른쪽,False,False,False
1.자동차_881_1.wav,24m,50m,112,-14,우,오른쪽,False,False,False
1.자동차_882_1.wav,10m,50m,93,-22,좌,오른쪽,False,False,False
1.자동차_883_1.wav,25m,50m,71,-26,우,중앙,False,False,False
1.자동차_884_1.wav,10m,50m,75,-32,좌,왼쪽,False,False,False
1.자동차_885_1.wav,9m,50m,115,-20,좌,왼쪽,False,False,False
1.자동차_888_1.wav,2m,50m,104,-21,우,오른쪽,False,False,False
1.자동차_889_1.wav,10m,50m,73,-29,좌,왼쪽,False,False,False
1.자동차_88_1.wav,10m,50m,74,-23,우,왼쪽,False,False,False
1.자동차_890_1.wav,2m,50m,103,-22,좌,왼쪽,False,False,False
1.자동차_894_1.wav,10m,50m,68,-26,우,오른쪽,False,False,False
1.자동차_896_1.wav,15m,50m,73,-26,우,왼쪽,False,False,False
1.자동차_897_1.wav,24m,50m,69,-24,우,오른쪽,False,False,False
1.자동차_89_1.wav,10m,50m,72,-20,우,오른쪽,False,False,False
1.자동차_8_1.wav,10m,50m,76,-19,우,오른쪽,False,False,False
1.자동차_900_1.wav,13m,50m,71,-22,우,왼쪽,False,False,False
1.자동차_901_1.wav,5m,50m,88,-20,우,오른쪽,False,False,False
1.자동차_905_1.wav,12m,50m,68,-27,우,오른쪽,False,False,False
1.자동차_907_1.wav,10m,50m,113,-20,우,오른쪽,False,False,False
1.자동차_914_1.wav,10m,50m,93,-20,우,왼쪽,False,False,False
1.자동차_915_1.wav,2m,50m,124,-10,우,오른쪽,False,False,False
1.자동차_916_1.wav,10m,50m,70,-29,좌,왼쪽,False,False,False
1.자동차_918_1.wav,10m,50m,71,-30,좌,왼쪽,False,False,False
1.자동차_920_1.wav,10m,50m,70,-31,좌,왼쪽,False,False,False
1.자동차_921_1.wav,1m,50m,75,-25,우,중앙,False,False,False
1.자동차_922_1.wav,10m,50m,97,-23,우,왼쪽,False,False,False
1.자동차_923_1.wav,10m,50m,90,-21,좌,오른쪽,False,False,False
1.자동차_924_1.wav,25m,50m,75,-24,우,중앙,False,False,False
1.자동차_925_1.wav,24m,50m,111,-19,우,오른쪽,False,False,False
1.자동차_930_1.wav,25m,50m,71,-26,우,중앙,False,False,False
1.자동차_932_1.wav,10m,50m,112,-29,좌,왼쪽,False,False,False
1.자동차_933_1.wav,10m,50m,117,-25,좌,오른쪽,False,False,False
1.자동차_934_1.wav,10m,50m,122,-20,좌,오른쪽,False,False,False
1.자동차_938_1.wav,9m,50m,90,-22,좌,오른쪽,False,False,False
1.자동차_93_1.wav,10m,50m,70,-24,우,왼쪽,False,False,False
1.자동차_943_1.wav,60m,50m,74,-30,우,오른쪽,False,False,False
1.자동차_946_1.wav,10m,50m,68,-29,좌,왼쪽,False,False,False
1.자동차_94_1.wav,10m,50m,70,-27,우,오른쪽,False,False,False
1.자동차_951_1.wav,9m,50m,123,-20,좌,오른쪽,False,False,False
1.자동차_952_1.wav,13m,50m,87,-22,우,왼쪽,False,False,False
1.자동차_953_1.wav,11m,50m,71,-26,우,오른쪽,False,False,False
1.자동차_954_1.wav,11m,50m,75,-27,우,오른쪽,False,False,False
1.자동차_955_1.wav,30m,50m,72,-23,우,왼쪽,False,False,False
1.자동차_956_1.wav,10m,50m,103,-22,좌,오른쪽,False,False,False
1.자동차_959_1.wav,1m,50m,125,-16,우,왼쪽,False,False,False
1.자동차_960_1.wav,10m,50m,73,-24,좌,오른쪽,False,False,False
1.자동차_961_1.wav,10m,50m,72,-28,좌,왼쪽,False,False,False
1.자동차_963_1.wav,24m,50m,90,-21,우,오른쪽,False,False,False
1.자동차_967_1.wav,10m,50m,104,-21,좌,오른쪽,False,False,False
1.자동차_968_1.wav,5m,50m,107,-20,우,오른쪽,False,False,False
1.자동차_969_1.wav,5m,50m,118,-19,우,오른쪽,False,False,False
1.자동차_970_1.wav,13m,50m,71,-32,우,왼쪽,False,False,False
1.자동차_971_1.wav,10m,50m,70,-26,좌,오른쪽,False,False,False
1.자동차_972_1.wav,1m,50m,125,-14,우,왼쪽,False,False,False
1.자동차_973_1.wav,10m,50m,98,-23,우,왼쪽,False,False,False
1.자동차_974_1.wav,9m,50m,119,-21,좌,오른쪽,False,False,False
1.자동차_977_1.wav,15m,50m,79,-24,우,왼쪽,False,False,False
1.자동차_981_1.wav,10m,50m,100,-20,좌,오른쪽,False,False,False
1.자동차_983_1.wav,2m,50m,83,-22,좌,왼쪽,False,False,False
1.자동차_984_1.wav,10m,50m,75,-24,우,왼쪽,False,False,False
1.자동차_986_1.wav,10m,50m,92,-23,우,오른쪽,False,False,False
1.자동차_98_1.wav,10m,50m,68,-23,우,오른쪽,False,False,False
1.자동차_992_1.wav,10m,50m,70,-29,좌,왼쪽,False,False,False
1.자동차_993_1.wav,3m,50m,115,-16,좌,왼쪽,False,False,False
1.자동차_995_1.wav,5m,50m,118,-20,우,오른쪽,False,False,False
1.자동차_998_1.wav,10m,50m,75,-24,우,왼쪽,False,False,False
1.자동차_9_1.wav,8m,50m,75,-25,우,오른쪽,False,False,False
2.이륜자동차_1773_1.wav,3m,50m,124,-17,우,오른쪽,False,False,False
2.이륜자동차_1774_1.wav,6m,50m,68,-23,우,오른쪽,False,False,False
2.이륜자동차_1775_1.wav,6m,50m,71,-24,우,오른쪽,False,False,False
2.이륜자동차_1776_1.wav,5m,50m,94,-25,우,오른쪽,False,False,False
2.이륜자동차_1817_1.wav,2m,50m,102,-17,우,왼쪽,False,False,False
2.이륜자동차_1820_1.wav,10m,50m,71,-23,우,왼쪽,False,False,False
2.이륜자동차_1823_1.wav,60m,50m,72,-25,우,오른쪽,False,False,False
2.이륜자동차_1825_1.wav,10m,50m,68,-34,좌,오른쪽,False,False,False
2.이륜자동차_1827_1.wav,10m,50m,120,-15,좌,왼쪽,False,False,False
2.이륜자동차_1830_1.wav,10m,50m,73,-32,좌,중앙,False,False,False
2.이륜자동차_1834_1.wav,2m,50m,74,-24,우,오른쪽,False,False,False
2.이륜자동차_1836_1.wav,12m,50m,69,-30,우,오른쪽,False,False,False
2.이륜자동차_1838_1.wav,10m,50m,81,-22,우,중앙,False,False,False
2.이륜자동차_1840_1.wav,1m,50m,68,-25,우,오른쪽,False,False,False
2.이륜자동차_1841_1.wav,10m,50m,119,-18,좌,오른쪽,False,False,False
2.이륜자동차_1843_1.wav,11m,50m,73,-32,우,오른쪽,False,False,False
2.이륜자동차_1844_1.wav,11m,50m,115,-20,우,오른쪽,False,False,False
2.이륜자동차_1849_1.wav,12m,50m,113,-16,우,오른쪽,False,False,False
2.이륜자동차_1850_1.wav,10m,50m,115,-17,우,오른쪽,False,False,False
2.이륜자동차_1851_1.wav,3m,50m,113,-17,좌,오른쪽,False,False,False
2.이륜자동차_1852_1.wav,10m,50m,126,-18,우,왼쪽,False,False,False
2.이륜자동차_1853_1.wav,11m,50m,74,-28,우,오른쪽,False,False,False
2.이륜자동차_1854_1.wav,16m,50m,71,-27,우,오른쪽,False,False,False
2.이륜자동차_1855_1.wav,10m,50m,122,-16,좌,왼쪽,False,False,False
2.이륜자동차_1859_1.wav,2m,50m,124,-8,우,오른쪽,False,False,False
2.이륜자동차_1861_1.wav,2m,50m,109,-13,우,오른쪽,False,False,False
2.이륜자동차_1864_1.wav,2m,50m,104,-23,우,오른쪽,False,False,False
2.이륜자동차_1868_1.wav,10m,50m,112,-18,우,왼쪽,False,False,False
2.이륜자동차_1869_1.wav,16m,50m,68,-26,우,오른쪽,False,False,False
2.이륜자동차_1870_1.wav,2m,50m,75,-23,우,오른쪽,False,False,False
2.이륜자동차_1872_1.wav,2m,50m,127,-17,우,오른쪽,False,False,False
2.이륜자동차_1880_1.wav,10m,50m,115,-18,좌,왼쪽,False,False,False
2.이륜자동차_1882_1.wav,1m,50m,73,-33,우,왼쪽,False,False,False
2.이륜자동차_1885_1.wav,1m,50m,74,-22,우,왼쪽,False,False,False
2.이륜자동차_1887_1.wav,10m,50m,72,-28,우,왼쪽,False,False,False
2.이륜자동차_1888_1.wav,1m,50m,69,-34,우,오른쪽,False,False,False
2.이륜자동차_1889_1.wav,20m,50m,110,-14,우,왼쪽,False,False,False
2.이륜자동차_1894_1.wav,1m,50m,71,-21,우,오른쪽,False,False,False
2.이륜자동차_1895_1.wav,5m,50m,74,-19,우,오른쪽,False,False,False
2.이륜자동차_1896_1.wav,12m,50m,71,-26,우,오른쪽,False,False,False
2.이륜자동차_1897_1.wav,10m,50m,68,-31,우,중앙,False,False,False
2.이륜자동차_1898_1.wav,11m,50m,69,-30,우,오른쪽,False,False,False
2.이륜자동차_1899_1.wav,10m,50m,68,-22,좌,오른쪽,False,False,False
2.이륜자동차_1900_1.wav,12m,50m,80,-25,우,오른쪽,False,False,False
2.이륜자동차_1902_1.wav,12m,50m,127,-20,우,오른쪽,False,False,False
2.이륜자동차_1904_1.wav,2m,50m,105,-18,우,왼쪽,False,False,False
2.이륜자동차_1908_1.wav,10m,50m,118,-15,좌,왼쪽,False,False,False
2.이륜자동차_1909_1.wav,1m,50m,68,-26,우,오른쪽,False,False,False
2.이륜자동차_1910_1.wav,3m,50m,127,-9,좌,왼쪽,False,False,False
2.이륜자동차_1916_1.wav,11m,50m,68,-30,우,오른쪽,False,False,False
2.이륜자동차_1917_1.wav,12m,50m,74,-29,우,오른쪽,False,False,False
2.이륜자동차_1919_1.wav,10m,50m,109,-17,좌,왼쪽,False,False,False
2.이륜자동차_1920_1.wav,1m,50m,125,-14,좌,왼쪽,False,False,False
2.이륜자동차_1923_1.wav,10m,50m,118,-17,좌,오른쪽,False,False,False
2.이륜자동차_1926_1.wav,1m,50m,74,-32,우,오른쪽,False,False,False
2.이륜자동차_1928_1.wav,1m,50m,68,-32,우,오른쪽,False,False,False
2.이륜자동차_1930_1.wav,10m,50m,71,-23,좌,왼쪽,False,False,False
2.이륜자동차_1931_1.wav,11m,50m,100,-19,우,오른쪽,False,False,False
2.이륜자동차_1932_1.wav,2m,50m,69,-22,우,오른쪽,False,False,False
2.이륜자동차_1934_1.wav,1m,50m,68,-31,우,오른쪽,False,False,False
2.이륜자동차_1935_1.wav,11m,50m,74,-30,우,오른쪽,False,False,False
2.이륜자동차_1936_1.wav,2m,50m,111,-18,우,왼쪽,False,False,False
2.이륜자동차_1938_1.wav,10m,50m,117,-18,좌,왼쪽,False,False,False
2.이륜자동차_1939_1.wav,3m,50m,116,-16,좌,왼쪽,False,False,False
2.이륜자동차_1941_1.wav,2m,50m,70,-24,우,오른쪽,False,False,False
2.이륜자동차_1943_1.wav,3m,50m,120,-5,좌,왼쪽,False,False,False
2.이륜자동차_1944_1.wav,2m,50m,102,-14,우,오른쪽,False,False,False
2.이륜자동차_1946_1.wav,20m,50m,122,-15,우,왼쪽,False,False,False
2.이륜자동차_1947_1.wav,10m,50m,121,-16,좌,왼쪽,False,False,False
2.이륜자동차_1951_1.wav,20m,50m,75,-30,우,왼쪽,False,False,False
2.이륜자동차_1952_1.wav,10m,50m,85,-21,좌,오른쪽,False,False,False
2.이륜자동차_1953_1.wav,11m,50m,68,-40,우,오른쪽,False,False,False
2.이륜자동차_1954_1.wav,10m,50m,78,-23,좌,오른쪽,False,False,False
2.이륜자동차_1955_1.wav,3m,50m,117,-13,좌,왼쪽,False,False,False
2.이륜자동차_1957_1.wav,1m,50m,74,-32,우,왼쪽,False,False,False
2.이륜자동차_1959_1.wav,10m,50m,112,-17,좌,오른쪽,False,False,False
2.이륜자동차_1964_1.wav,70m,50m,125,-19,좌,왼쪽,False,False,False
2.이륜자동차_1965_1.wav,10m,50m,82,-20,좌,오른쪽,False,False,False
2.이륜자동차_1966_1.wav,1m,50m,122,-16,우,오른쪽,False,False,False
2.이륜자동차_1968_1.wav,12m,50m,72,-22,우,왼쪽,False,False,False
2.이륜자동차_1969_1.wav,10m,50m,105,-16,좌,왼쪽,False,False,False
2.이륜자동차_1973_1.wav,11m,50m,71,-24,우,오른쪽,False,False,False
2.이륜자동차_1979_1.wav,20m,50m,102,-19,우,왼쪽,False,False,False
2.이륜자동차_1980_1.wav,10m,50m,98,-20,우,중앙,False,False,False
2.이륜자동차_1985_1.wav,10m,50m,75,-31,우,중앙,False,False,False
2.이륜자동차_1990_1.wav,10m,50m,72,-26,좌,오른쪽,False,False,False
2.이륜자동차_1992_1.wav,1m,50m,73,-23,우,오른쪽,False,False,False
2.이륜자동차_1993_1.wav,2m,50m,70,-20,우,오른쪽,False,False,False
2.이륜자동차_1994_1.wav,12m,50m,102,-24,우,왼쪽,False,False,False
2.이륜자동차_1998_1.wav,10m,50m,117,-14,좌,왼쪽,False,False,False
2.이륜자동차_2000_1.wav,10m,50m,100,-18,우,중앙,False,False,False
2.이륜자동차_2001_1.wav,2m,50m,85,-20,우,오른쪽,False,False,False
2.이륜자동차_2003_1.wav,15m,50m,68,-24,우,오른쪽,False,False,False
2.이륜자동차_2007_1.wav,1m,50m,70,-27,우,오른쪽,False,False,False
2.이륜자동차_2010_1.wav,10m,50m,119,-18,좌,오른쪽,False,False,False
2.이륜자동차_2011_1.wav,10m,50m,74,-23,좌,오른쪽,False,False,False
2.이륜자동차_2014_1.wav,20m,50m,73,-22,우,왼쪽,False,False,False
2.이륜자동차_2016_1.wav,2m,50m,120,-11,좌,왼쪽,False,False,False
2.이륜자동차_2027_1.wav,2m,50m,102,-18,우,왼쪽,False,False,False
2.이륜자동차_2028_1.wav,3m,50m,106,-10,좌,오른쪽,False,False,False
2.이륜자동차_2030_1.wav,50m,50m,96,-20,우,오른쪽,True,False,False
2.이륜자동차_2031_1.wav,3m,50m,109,-11,좌,오른쪽,False,False,False
2.이륜자동차_2034_1.wav,10m,50m,122,-17,우,왼쪽,False,False,False
2.이륜자동차_2038_1.wav,10m,50m,104,-14,좌,왼쪽,False,False,False
2.이륜자동차_2040_1.wav,10m,50m,115,-18,우,왼쪽,False,False,False
2.이륜자동차_2043_1.wav,10m,50m,75,-23,좌,오른쪽,False,False,False
2.이륜자동차_2049_1.wav,10m,50m,68,-24,좌,오른쪽,False,False,False
2.이륜자동차_2057_1.wav,2m,50m,95,-20,우,왼쪽,False,False,False
2.이륜자동차_2060_1.wav,10m,50m,72,-24,우,왼쪽,False,False,False
2.이륜자동차_2063_1.wav,10m,50m,72,-24,좌,오른쪽,False,False,False
2.이륜자동차_2066_1.wav,10m,50m,70,-23,우,왼쪽,False,False,False
2.이륜자동차_2067_1.wav,12m,50m,69,-28,우,오른쪽,False,False,False
2.이륜자동차_2068_1.wav,20m,50m,71,-31,우,왼쪽,False,False,False
2.이륜자동차_2070_1.wav,10m,50m,126,-15,우,중앙,False,False,False
2.이륜자동차_2074_1.wav,2m,50m,114,-14,우,오른쪽,False,False,False
2.이륜자동차_2077_1.wav,10m,50m,71,-28,좌,중앙,False,False,False
2.이륜자동차_2078_1.wav,11m,50m,71,-26,우,오른쪽,False,False,False
2.이륜자동차_2082_1.wav,2m,50m,127,-16,우,왼쪽,False,False,False
2.이륜자동차_2087_1.wav,100m,50m,71,-25,우,오른쪽,False,False,False
2.이륜자동차_2088_1.wav,11m,50m,78,-22,우,오른쪽,False,False,False
2.이륜자동차_2090_1.wav,11m,50m,70,-26,우,오른쪽,False,False,False
2.이륜자동차_2091_1.wav,2m,50m,124,-12,우,오른쪽,False,False,False
2.이륜자동차_2093_1.wav,10m,50m,116,-20,우,왼쪽,False,False,False
2.이륜자동차_2096_1.wav,24m,50m,117,-13,우,오른쪽,False,False,False
2.이륜자동차_2097_1.wav,12m,50m,69,-29,우,오른쪽,False,False,False
2.이륜자동차_2098_1.wav,16m,50m,68,-26,우,오른쪽,False,False,False
2.이륜자동차_2099_1.wav,20m,50m,69,-30,우,왼쪽,False,False,False
2.이륜자동차_2104_1.wav,11m,50m,69,-27,우,오른쪽,False,False,False
2.이륜자동차_2107_1.wav,12m,50m,69,-40,우,오른쪽,False,False,False
2.이륜자동차_2108_1.wav,10m,50m,99,-18,좌,왼쪽,False,False,False
2.이륜자동차_2109_1.wav,10m,50m,88,-20,좌,오른쪽,False,False,False
2.이륜자동차_2110_1.wav,12m,50m,121,-13,우,오른쪽,False,False,False
2.이륜자동차_2111_1.wav,20m,50m,72,-28,우,왼쪽,False,False,False
2.이륜자동차_2113_1.wav,2m,50m,118,-17,우,오른쪽,False,False,False
2.이륜자동차_2114_1.wav,10m,50m,71,-27,우,오른쪽,False,False,False
2.이륜자동차_2121_1.wav,3m,50m,112,-12,좌,오른쪽,False,False,False
2.이륜자동차_2126_1.wav,10m,50m,68,-34,우,오른쪽,False,False,False
2.이륜자동차_2127_1.wav,3m,50m,103,-11,좌,오른쪽,False,False,False
2.이륜자동차_2128_1.wav,10m,50m,105,-14,좌,왼쪽,False,False,False
2.이륜자동차_2132_1.wav,10m,50m,102,-9,좌,왼쪽,False,False,False
2.이륜자동차_2138_1.wav,10m,50m,120,-10,우,왼쪽,False,False,False
2.이륜자동차_2141_1.wav,4m,50m,75,-42,우,오른쪽,False,False,False
2.이륜자동차_2144_1.wav,11m,50m,82,-21,우,오른쪽,False,False,False
2.이륜자동차_2145_1.wav,12m,50m,69,-27,우,오른쪽,False,False,False
2.이륜자동차_2149_1.wav,50m,50m,70,-25,우,왼쪽,True,False,False
2.이륜자동차_2152_1.wav,12m,50m,68,-30,우,오른쪽,False,False,False
2.이륜자동차_2154_1.wav,10m,50m,110,-17,좌,왼쪽,False,False,False
2.이륜자동차_2155_1.wav,11m,50m,71,-32,우,오른쪽,False,False,False
2.이륜자동차_2157_1.wav,2m,50m,105,-18,우,왼쪽,False,False,False
2.이륜자동차_2158_1.wav,10m,50m,95,-19,우,왼쪽,False,False,False
2.이륜자동차_2159_1.wav,1m,50m,75,-25,우,오른쪽,False,False,False
2.이륜자동차_2161_1.wav,12m,50m,70,-32,우,오른쪽,False,False,False
2.이륜자동차_2162_1.wav,12m,50m,74,-26,우,오른쪽,False,False,False
2.이륜자동차_2163_1.wav,2m,50m,114,-22,우,왼쪽,False,False,False
2.이륜자동차_2166_1.wav,1m,50m,114,-14,우,오른쪽,False,False,False
2.이륜자동차_2170_1.wav,15m,50m,106,-21,우,왼쪽,False,False,False
2.이륜자동차_2171_1.wav,20m,50m,76,-24,우,왼쪽,False,False,False
2.이륜자동차_2172_1.wav,11m,50m,72,-27,우,오른쪽,False,False,False
2.이륜자동차_2175_1.wav,2m,50m,119,-20,우,오른쪽,False,False,False
2.이륜자동차_2176_1.wav,10m,50m,104,-20,좌,왼쪽,False,False,False
2.이륜자동차_2177_1.wav,1m,50m,72,-28,우,왼쪽,False,False,False
2.이륜자동차_2178_1.wav,10m,50m,96,-19,좌,왼쪽,False,False,False
2.이륜자동차_2179_1.wav,5m,50m,105,-16,우,오른쪽,False,False,False
2.이륜자동차_2180_1.wav,10m,50m,74,-22,우,오른쪽,False,False,False
2.이륜자동차_2182_1.wav,11m,50m,74,-24,우,오른쪽,False,False,False
2.이륜자동차_2185_1.wav,2m,50m,77,-20,우,왼쪽,False,False,False
2.이륜자동차_2193_1.wav,1m,50m,70,-32,우,오른쪽,False,False,False
2.이륜자동차_2196_1.wav,10m,50m,68,-30,우,중앙,False,False,False
2.이륜자동차_2197_1.wav,10m,50m,70,-25,우,왼쪽,False,False,False
2.이륜자동차_2198_1.wav,11m,50m,71,-27,우,오른쪽,False,False,False
2.이륜자동차_2199_1.wav,2m,50m,72,-22,우,오른쪽,False,False,False
2.이륜자동차_2201_1.wav,11m,50m,69,-27,우,오른쪽,False,False,False
2.이륜자동차_2205_1.wav,10m,50m,69,-22,좌,오른쪽,False,False,False
2.이륜자동차_2206_1.wav,1m,50m,73,-35,우,오른쪽,False,False,False
2.이륜자동차_2212_1.wav,2m,50m,69,-23,우,오른쪽,False,False,False
2.이륜자동차_2214_1.wav,10m,50m,106,-19,우,왼쪽,False,False,False
2.이륜자동차_2215_1.wav,12m,50m,112,-15,우,오른쪽,False,False,False
2.이륜자동차_2216_1.wav,10m,50m,76,-23,좌,오른쪽,False,False,False
2.이륜자동차_2217_1.wav,20m,50m,75,-28,우,왼쪽,False,False,False
2.이륜자동차_2221_1.wav,10m,50m,72,-22,우,왼쪽,False,False,False
2.이륜자동차_2222_1.wav,11m,50m,74,-27,우,오른쪽,False,False,False
2.이륜자동차_2225_1.wav,1m,50m,72,-32,우,오른쪽,False,False,False
2.이륜자동차_2228_1.wav,10m,50m,113,-12,좌,왼쪽,False,False,False
2.이륜자동차_2230_1.wav,11m,50m,72,-26,우,오른쪽,False,False,False
2.이륜자동차_2233_1.wav,11m,50m,72,-24,우,오른쪽,False,False,False
2.이륜자동차_2235_1.wav,12m,50m,103,-21,우,왼쪽,False,False,False
2.이륜자동차_2239_1.wav,11m,50m,70,-29,우,오른쪽,False,False,False
2.이륜자동차_2240_1.wav,12m,50m,73,-33,우,오른쪽,False,False,False
2.이륜자동차_2241_1.wav,6m,50m,107,-19,우,오른쪽,False,False,False
2.이륜자동차_2242_1.wav,2m,50m,115,-7,우,왼쪽,False,False,False
2.이륜자동차_2244_1.wav,20m,50m,73,-26,우,왼쪽,False,False,False
2.이륜자동차_2246_1.wav,20m,50m,121,-19,우,왼쪽,False,False,False
2.이륜자동차_2248_1.wav,2m,50m,79,-22,우,오른쪽,False,False,False
2.이륜자동차_2252_1.wav,12m,50m,69,-27,우,오른쪽,False,False,False
2.이륜자동차_2253_1.wav,16m,50m,74,-42,우,중앙,False,False,False
2.이륜자동차_2254_1.wav,10m,50m,74,-34,좌,중앙,False,False,False
2.이륜자동차_2255_1.wav,2m,50m,120,-14,우,왼쪽,False,False,False
2.이륜자동차_2256_1.wav,2m,50m,90,-21,우,오른쪽,False,False,False
2.이륜자동차_2259_1.wav,11m,50m,73,-21,우,오른쪽,False,False,False
2.이륜자동차_2260_1.wav,12m,50m,78,-23,우,오른쪽,False,False,False
2.이륜자동차_2262_1.wav,10m,50m,81,-22,좌,오른쪽,False,False,False
2.이륜자동차_2263_1.wav,2m,50m,108,-11,우,왼쪽,False,False,False
2.이륜자동차_2265_1.wav,1m,50m,74,-32,우,왼쪽,False,False,False
2.이륜자동차_2266_1.wav,10m,50m,123,-17,우,왼쪽,False,False,False
2.이륜자동차_2267_1.wav,10m,50m,111,-16,우,오른쪽,False,False,False
2.이륜자동차_2268_1.wav,24m,50m,70,-35,우,오른쪽,False,False,False
2.이륜자동차_2269_1.wav,2m,50m,95,-23,우,왼쪽,False,False,False
2.이륜자동차_2270_1.wav,2m,50m,68,-24,우,오른쪽,False,False,False
2.이륜자동차_2276_1.wav,11m,50m,68,-30,우,오른쪽,False,False,False
2.이륜자동차_2277_1.wav,12m,50m,69,-22,우,오른쪽,False,False,False
2.이륜자동차_2278_1.wav,1m,50m,68,-28,우,오른쪽,False,False,False
2.이륜자동차_2279_1.wav,10m,50m,112,-16,좌,왼쪽,False,False,False
2.이륜자동차_2280_1.wav,10m,50m,71,-24,우,오른쪽,False,False,False
2.이륜자동차_2281_1.wav,11m,50m,71,-31,우,오른쪽,False,False,False
2.이륜자동차_2282_1.wav,10m,50m,100,-15,좌,왼쪽,False,False,False
2.이륜자동차_2283_1.wav,24m,50m,74,-24,우,오른쪽,False,False,False
2.이륜자동차_2285_1.wav,2m,50m,110,-11,좌,오른쪽,False,False,False
2.이륜자동차_2287_1.wav,30m,50m,72,-25,우,왼쪽,False,False,False
2.이륜자동차_2288_1.wav,1m,50m,70,-35,우,오른쪽,False,False,False
2.이륜자동차_2290_1.wav,10m,50m,72,-24,좌,왼쪽,False,False,False
2.이륜자동차_2292_1.wav,1m,50m,72,-31,우,왼쪽,False,False,False
2.이륜자동차_2293_1.wav,2m,50m,74,-22,우,왼쪽,False,False,False
2.이륜자동차_2294_1.wav,2m,50m,109,-17,우,오른쪽,False,False,False
2.이륜자동차_2296_1.wav,1m,50m,106,-18,우,오른쪽,False,False,False
2.이륜자동차_2297_1.wav,11m,50m,72,-21,우,오른쪽,False,False,False
2.이륜자동차_2298_1.wav,11m,50m,71,-28,우,오른쪽,False,False,False
2.이륜자동차_2299_1.wav,11m,50m,75,-27,우,오른쪽,False,False,False
2.이륜자동차_2300_1.wav,3m,50m,102,-16,좌,왼쪽,False,False,False
2.이륜자동차_2303_1.wav,1m,50m,68,-29,우,왼쪽,False,False,False
2.이륜자동차_2307_1.wav,12m,50m,76,-23,우,왼쪽,False,False,False
2.이륜자동차_2308_1.wav,20m,50m,108,-14,좌,왼쪽,False,False,False
2.이륜자동차_2309_1.wav,2m,50m,94,-18,우,오른쪽,False,False,False
2.이륜자동차_2310_1.wav,10m,50m,72,-22,우,왼쪽,False,False,False
2.이륜자동차_2312_1.wav,11m,50m,74,-26,우,오른쪽,False,False,False
2.이륜자동차_2313_1.wav,2m,50m,111,-16,우,왼쪽,False,False,False
2.이륜자동차_2314_1.wav,3m,50m,127,-9,좌,오른쪽,False,False,False
2.이륜자동차_2315_1.wav,6m,50m,74,-22,우,왼쪽,False,False,False
2.이륜자동차_2316_1.wav,10m,50m,72,-35,좌,중앙,False,False,False
2.이륜자동차_2320_1.wav,1m,50m,84,-24,우,오른쪽,False,False,False
2.이륜자동차_2321_1.wav,1m,50m,69,-34,우,오른쪽,False,False,False
2.이륜자동차_2322_1.wav,10m,50m,73,-22,우,왼쪽,False,False,False
2.이륜자동차_2325_1.wav,2m,50m,103,-17,우,왼쪽,False,False,False
2.이륜자동차_2326_1.wav,10m,50m,68,-27,우,중앙,False,False,False
2.이륜자동차_2327_1.wav,12m,50m,74,-22,우,오른쪽,False,False,False
2.이륜자동차_2328_1.wav,2m,50m,114,-13,우,오른쪽,False,False,False
2.이륜자동차_2330_1.wav,2m,50m,75,-23,우,오른쪽,False,False,False
2.이륜자동차_2331_1.wav,10m,50m,72,-24,좌,오른쪽,False,False,False
2.이륜자동차_2333_1.wav,12m,50m,73,-28,우,오른쪽,False,False,False
2.이륜자동차_2335_1.wav,10m,50m,127,-16,좌,왼쪽,False,False,False
2.이륜자동차_2336_1.wav,2m,50m,116,-8,우,오른쪽,False,False,False
2.이륜자동차_2338_1.wav,1m,50m,69,-36,우,왼쪽,False,False,False
2.이륜자동차_2339_1.wav,10m,50m,125,-14,우,중앙,False,False,False
2.이륜자동차_2340_1.wav,12m,50m,70,-27,우,오른쪽,False,False,False
2.이륜자동차_2344_1.wav,10m,50m,116,-18,좌,왼쪽,False,False,False
2.이륜자동차_2345_1.wav,11m,50m,90,-19,우,오른쪽,False,False,False
2.이륜자동차_2347_1.wav,3m,50m,118,-10,좌,오른쪽,False,False,False
2.이륜자동차_2348_1.wav,12m,50m,74,-31,우,오른쪽,False,False,False
2.이륜자동차_2351_1.wav,10m,50m,71,-22,우,왼쪽,False,False,False
2.이륜자동차_2353_1.wav,10m,50m,106,-17,좌,왼쪽,False,False,False
2.이륜자동차_2356_1.wav,11m,50m,127,-13,우,오른쪽,False,False,False
2.이륜자동차_2357_1.wav,10m,50m,124,-22,우,중앙,False,False,False
2.이륜자동차_2358_1.wav,10m,50m,72,-24,우,왼쪽,False,False,False
2.이륜자동차_2359_1.wav,2m,50m,72,-24,우,오른쪽,False,False,False
2.이륜자동차_2360_1.wav,11m,50m,128,-17,우,오른쪽,False,False,False
2.이륜자동차_2361_1.wav,11m,50m,73,-28,우,오른쪽,False,False,False
2.이륜자동차_2362_1.wav,11m,50m,71,-34,우,오른쪽,False,False,False
2.이륜자동차_2369_1.wav,15m,50m,90,-21,우,왼쪽,False,False,False
2.이륜자동차_2372_1.wav,2m,50m,116,-12,우,왼쪽,False,False,False
2.이륜자동차_2374_1.wav,10m,50m,68,-28,우,중앙,False,False,False
2.이륜자동차_2375_1.wav,12m,50m,96,-21,우,오른쪽,False,False,False
2.이륜자동차_2377_1.wav,16m,50m,75,-29,우,오른쪽,False,False,False
2.이륜자동차_2379_1.wav,2m,50m,120,-16,우,왼쪽,False,False,False
2.이륜자동차_2380_1.wav,6m,50m,105,-21,우,왼쪽,False,False,False
2.이륜자동차_2381_1.wav,10m,50m,108,-17,좌,오른쪽,False,False,False
2.이륜자동차_2384_1.wav,10m,50m,112,-21,좌,왼쪽,False,False,False
2.이륜자동차_2385_1.wav,3m,50m,102,-12,좌,오른쪽,False,False,False
2.이륜자동차_2386_1.wav,10m,50m,124,-18,좌,오른쪽,False,False,False
2.이륜자동차_2392_1.wav,5m,50m,92,-22,우,왼쪽,False,False,False
2.이륜자동차_2395_1.wav,11m,50m,120,-17,우,오른쪽,False,False,False
2.이륜자동차_2397_1.wav,10m,50m,122,-19,우,왼쪽,False,False,False
2.이륜자동차_2398_1.wav,1m,50m,112,-19,우,오른쪽,False,False,False
2.이륜자동차_2401_1.wav,2m,50m,106,-13,우,왼쪽,False,False,False
2.이륜자동차_2403_1.wav,11m,50m,74,-22,우,오른쪽,False,False,False
2.이륜자동차_2404_1.wav,10m,50m,73,-29,우,중앙,False,False,False
2.이륜자동차_2405_1.wav,12m,50m,90,-24,우,오른쪽,False,False,False
2.이륜자동차_2406_1.wav,11m,50m,94,-23,우,오른쪽,False,False,False
2.이륜자동차_2409_1.wav,10m,50m,68,-23,우,오른쪽,False,False,False
2.이륜자동차_2410_1.wav,10m,50m,75,-29,우,중앙,False,False,False
2.이륜자동차_2411_1.wav,11m,50m,68,-32,우,오른쪽,False,False,False
2.이륜자동차_2412_1.wav,12m,50m,104,-20,우,오른쪽,False,False,False
2.이륜자동차_2414_1.wav,10m,50m,74,-25,좌,오른쪽,False,False,False
2.이륜자동차_2417_1.wav,3m,50m,69,-24,좌,왼쪽,False,False,False
2.이륜자동차_2421_1.wav,10m,50m,75,-22,좌,오른쪽,False,False,False
2.이륜자동차_2422_1.wav,1m,50m,71,-38,우,오른쪽,False,False,False
2.이륜자동차_2423_1.wav,10m,50m,74,-21,우,왼쪽,False,False,False
2.이륜자동차_2424_1.wav,10m,50m,110,-17,좌,왼쪽,False,False,False
2.이륜자동차_2425_1.wav,10m,50m,92,-20,우,왼쪽,False,False,False
2.이륜자동차_2426_1.wav,11m,50m,75,-29,우,오른쪽,False,False,False
2.이륜자동차_2429_1.wav,2m,50m,103,-18,우,왼쪽,False,False,False
2.이륜자동차_2431_1.wav,12m,50m,72,-24,우,오른쪽,False,False,False
2.이륜자동차_2432_1.wav,2m,50m,86,-19,우,왼쪽,False,False,False
2.이륜자동차_2433_1.wav,3m,50m,103,-13,좌,왼쪽,False,False,False
2.이륜자동차_2434_1.wav,11m,50m,71,-27,우,오른쪽,False,False,False
2.이륜자동차_2438_1.wav,10m,50m,99,-20,좌,왼쪽,False,False,False
2.이륜자동차_2443_1.wav,11m,50m,74,-28,우,오른쪽,False,False,False
2.이륜자동차_2448_1.wav,10m,50m,113,-19,우,왼쪽,False,False,False
2.이륜자동차_2449_1.wav,10m,50m,72,-39,우,중앙,False,False,False
2.이륜자동차_2452_1.wav,12m,50m,68,-28,우,오른쪽,False,False,False
2.이륜자동차_2453_1.wav,10m,50m,120,-16,좌,왼쪽,False,False,False
2.이륜자동차_2455_1.wav,1m,50m,75,-34,우,왼쪽,False,False,False
2.이륜자동차_2456_1.wav,70m,50m,111,-15,좌,왼쪽,False,False,False
2.이륜자동차_2457_1.wav,1m,50m,74,-28,우,왼쪽,False,False,False
2.이륜자동차_2459_1.wav,8m,50m,81,-22,우,오른쪽,False,False,False
2.이륜자동차_2460_1.wav,1m,50m,75,-30,우,오른쪽,False,False,False
2.이륜자동차_2463_1.wav,10m,50m,97,-19,좌,왼쪽,False,False,False
2.이륜자동차_2466_1.wav,11m,50m,68,-24,우,오른쪽,False,False,False
2.이륜자동차_2468_1.wav,10m,50m,126,-15,좌,왼쪽,False,False,False
2.이륜자동차_2470_1.wav,2m,50m,71,-24,우,오른쪽,False,False,False
2.이륜자동차_2471_1.wav,30m,50m,70,-27,우,왼쪽,False,False,False
2.이륜자동차_2472_1.wav,10m,50m,122,-12,좌,오른쪽,False,False,False
2.이륜자동차_2474_1.wav,20m,50m,101,-18,우,왼쪽,False,False,False
2.이륜자동차_2475_1.wav,10m,50m,100,-16,좌,왼쪽,False,False,False
2.이륜자동차_2480_1.wav,2m,50m,122,-15,우,오른쪽,False,False,False
2.이륜자동차_2482_1.wav,12m,50m,70,-31,우,오른쪽,False,False,False
2.이륜자동차_2484_1.wav,15m,50m,106,-20,우,왼쪽,False,False,False
2.이륜자동차_2486_1.wav,10m,50m,124,-16,좌,왼쪽,False,False,False
2.이륜자동차_2487_1.wav,12m,50m,116,-19,우,왼쪽,False,False,False
2.이륜자동차_2488_1.wav,10m,50m,74,-26,우,중앙,False,False,False
2.이륜자동차_2489_1.wav,10m,50m,72,-22,좌,오른쪽,False,False,False
2.이륜자동차_2491_1.wav,10m,50m,70,-33,우,중앙,False,False,False
2.이륜자동차_2492_1.wav,10m,50m,72,-21,우,왼쪽,False,False,False
2.이륜자동차_2493_1.wav,2m,50m,103,-21,우,오른쪽,False,False,False
2.이륜자동차_2494_1.wav,10m,50m,89,-21,우,왼쪽,False,False,False
2.이륜자동차_2495_1.wav,10m,50m,128,-18,좌,왼쪽,False,False,False
2.이륜자동차_2498_1.wav,1m,50m,75,-23,우,오른쪽,False,False,False
2.이륜자동차_2500_1.wav,15m,50m,69,-28,우,왼쪽,False,False,False
2.이륜자동차_2504_1.wav,8m,50m,76,-22,우,오른쪽,False,False,False
2.이륜자동차_2505_1.wav,2m,50m,84,-21,우,오른쪽,False,False,False
2.이륜자동차_2506_1.wav,10m,50m,107,-16,좌,왼쪽,False,False,False
2.이륜자동차_2510_1.wav,10m,50m,111,-16,좌,왼쪽,False,False,False
2.이륜자동차_2512_1.wav,2m,50m,127,-13,우,오른쪽,False,False,False
2.이륜자동차_2514_1.wav,10m,50m,109,-17,좌,오른쪽,False,False,False
2.이륜자동차_2516_1.wav,2m,50m,121,-16,우,오른쪽,False,False,False
2.이륜자동차_2521_1.wav,12m,50m,73,-32,우,오른쪽,False,False,False
2.이륜자동차_2522_1.wav,12m,50m,73,-29,우,오른쪽,False,False,False
2.이륜자동차_2524_1.wav,12m,50m,81,-30,우,오른쪽,False,False,False
2.이륜자동차_2526_1.wav,12m,50m,72,-27,우,오른쪽,False,False,False
2.이륜자동차_2528_1.wav,10m,50m,100,-14,좌,왼쪽,False,False,False
2.이륜자동차_2531_1.wav,10m,50m,123,-16,좌,왼쪽,False,False,False
2.이륜자동차_2532_1.wav,2m,50m,108,-18,우,왼쪽,False,False,False
2.이륜자동차_2533_1.wav,10m,50m,73,-23,우,왼쪽,False,False,False
2.이륜자동차_2536_1.wav,10m,50m,110,-16,좌,왼쪽,False,False,False
2.이륜자동차_2537_1.wav,10m,50m,70,-22,우,왼쪽,False,False,False
2.이륜자동차_2538_1.wav,10m,50m,72,-31,우,중앙,False,False,False
2.이륜자동차_2539_1.wav,30m,50m,68,-34,우,오른쪽,False,False,False
2.이륜자동차_2544_1.wav,11m,50m,121,-20,우,오른쪽,False,False,False
2.이륜자동차_2548_1.wav,2m,50m,88,-20,우,오른쪽,False,False,False
2.이륜자동차_2550_1.wav,45m,50m,124,-19,우,왼쪽,False,False,False
2.이륜자동차_2551_1.wav,20m,50m,103,-25,우,왼쪽,False,False,False
2.이륜자동차_2553_1.wav,11m,50m,69,-25,우,오른쪽,False,False,False
2.이륜자동차_2556_1.wav,11m,50m,73,-27,우,오른쪽,False,False,False
2.이륜자동차_2557_1.wav,5m,50m,81,-24,우,오른쪽,False,False,False
2.이륜자동차_2559_1.wav,20m,50m,109,-25,우,왼쪽,False,False,False
2.이륜자동차_2560_1.wav,10m,50m,125,-15,우,중앙,False,False,False
2.이륜자동차_2562_1.wav,10m,50m,109,-16,좌,왼쪽,False,False,False
2.이륜자동차_2563_1.wav,11m,50m,75,-30,우,오른쪽,False,False,False
2.이륜자동차_2567_1.wav,10m,50m,93,-22,우,왼쪽,False,False,False
2.이륜자동차_2568_1.wav,1m,50m,70,-27,우,오른쪽,False,False,False
2.이륜자동차_2569_1.wav,1m,50m,83,-24,우,오른쪽,False,False,False
2.이륜자동차_2573_1.wav,10m,50m,72,-27,우,왼쪽,False,False,False
2.이륜자동차_2575_1.wav,10m,50m,123,-19,좌,왼쪽,False,False,False
2.이륜자동차_2576_1.wav,10m,50m,107,-19,좌,왼쪽,False,False,False
2.이륜자동차_2577_1.wav,12m,50m,72,-32,우,오른쪽,False,False,False
2.이륜자동차_2580_1.wav,2m,50m,121,-17,우,왼쪽,False,False,False
2.이륜자동차_2585_1.wav,11m,50m,73,-22,우,오른쪽,False,False,False
2.이륜자동차_2586_1.wav,3m,50m,126,-9,좌,왼쪽,False,False,False
2.이륜자동차_2587_1.wav,12m,50m,71,-41,우,오른쪽,False,False,False
2.이륜자동차_2588_1.wav,10m,50m,110,-21,우,오른쪽,False,False,False
2.이륜자동차_2589_1.wav,11m,50m,74,-31,우,오른쪽,False,False,False
2.이륜자동차_2590_1.wav,30m,50m,75,-33,우,왼쪽,False,False,False
2.이륜자동차_2591_1.wav,2m,50m,109,-16,우,왼쪽,False,False,False
2.이륜자동차_2594_1.wav,12m,50m,69,-37,우,왼쪽,False,False,False
2.이륜자동차_2595_1.wav,10m,50m,109,-15,좌,왼쪽,False,False,False
2.이륜자동차_2596_1.wav,11m,50m,71,-27,우,오른쪽,False,False,False
2.이륜자동차_2598_1.wav,12m,50m,72,-27,우,오른쪽,False,False,False
2.이륜자동차_2599_1.wav,10m,50m,70,-32,좌,오른쪽,False,False,False
2.이륜자동차_2600_1.wav,2m,50m,107,-16,우,오른쪽,False,False,False
2.이륜자동차_2602_1.wav,15m,50m,82,-25,우,왼쪽,False,False,False
2.이륜자동차_2603_1.wav,1m,50m,73,-26,우,오른쪽,False,False,False
2.이륜자동차_2606_1.wav,10m,50m,106,-18,우,오른쪽,False,False,False
2.이륜자동차_2608_1.wav,12m,50m,112,-14,우,오른쪽,False,False,False
2.이륜자동차_2609_1.wav,1m,50m,73,-29,우,오른쪽,False,False,False
2.이륜자동차_2610_1.wav,1m,50m,102,-15,좌,왼쪽,False,False,False
2.이륜자동차_2611_1.wav,15m,50m,69,-25,우,왼쪽,False,False,False
2.이륜자동차_2614_1.wav,1m,50m,73,-32,우,왼쪽,False,False,False
2.이륜자동차_2617_1.wav,10m,50m,104,-16,좌,오른쪽,False,False,False
2.이륜자동차_2618_1.wav,12m,50m,69,-31,우,왼쪽,False,False,False
2.이륜자동차_2620_1.wav,11m,50m,75,-35,우,오른쪽,False,False,False
2.이륜자동차_2624_1.wav,2m,50m,94,-19,우,왼쪽,False,False,False
2.이륜자동차_2629_1.wav,2m,50m,111,-18,우,오른쪽,False,False,False
2.이륜자동차_2631_1.wav,1m,50m,103,-17,우,오른쪽,False,False,False
2.이륜자동차_2632_1.wav,1m,50m,122,-13,좌,왼쪽,False,False,False
2.이륜자동차_2635_1.wav,20m,50m,75,-27,우,왼쪽,False,False,False
2.이륜자동차_2636_1.wav,2m,50m,123,-18,우,왼쪽,False,False,False
2.이륜자동차_2637_1.wav,10m,50m,72,-26,우,중앙,False,False,False
2.이륜자동차_2638_1.wav,10m,50m,68,-32,우,왼쪽,False,False,False
2.이륜자동차_2640_1.wav,10m,50m,68,-27,좌,오른쪽,False,False,False
2.이륜자동차_2641_1.wav,11m,50m,92,-24,우,오른쪽,False,False,False
2.이륜자동차_2645_1.wav,12m,50m,74,-30,우,오른쪽,False,False,False
2.이륜자동차_2650_1.wav,10m,50m,74,-22,우,왼쪽,False,False,False
2.이륜자동차_2652_1.wav,70m,50m,117,-19,좌,왼쪽,False,False,False
2.이륜자동차_2653_1.wav,30m,50m,70,-34,우,왼쪽,False,False,False
2.이륜자동차_2658_1.wav,10m,50m,106,-24,좌,오른쪽,False,False,False
2.이륜자동차_2659_1.wav,1m,50m,74,-35,우,왼쪽,False,False,False
2.이륜자동차_2660_1.wav,11m,50m,75,-35,우,오른쪽,False,False,False
2.이륜자동차_2662_1.wav,2m,50m,71,-21,우,왼쪽,False,False,False
2.이륜자동차_2663_1.wav,20m,50m,74,-32,우,왼쪽,False,False,False
2.이륜자동차_2664_1.wav,10m,50m,111,-15,좌,오른쪽,False,False,False
2.이륜자동차_2666_1.wav,1m,50m,73,-31,우,오른쪽,False,False,False
2.이륜자동차_2667_1.wav,12m,50m,68,-30,우,오른쪽,False,False,False
2.이륜자동차_2668_1.wav,11m,50m,68,-24,우,오른쪽,False,False,False
2.이륜자동차_2671_1.wav,1m,50m,71,-25,우,오른쪽,False,False,False
2.이륜자동차_2672_1.wav,11m,50m,73,-27,우,오른쪽,False,False,False
2.이륜자동차_2675_1.wav,1m,50m,69,-30,우,중앙,False,False,False
2.이륜자동차_2676_1.wav,1m,50m,70,-43,우,왼쪽,False,False,False
2.이륜자동차_2677_1.wav,12m,50m,74,-23,우,오른쪽,False,False,False
2.이륜자동차_2678_1.wav,11m,50m,69,-36,우,오른쪽,False,False,False
2.이륜자동차_2679_1.wav,11m,50m,68,-32,우,오른쪽,False,False,False
2.이륜자동차_2680_1.wav,10m,50m,71,-23,우,왼쪽,False,False,False
2.이륜자동차_2683_1.wav,10m,50m,95,-21,우,오른쪽,False,False,False
2.이륜자동차_2686_1.wav,12m,50m,69,-22,우,왼쪽,False,False,False
2.이륜자동차_2691_1.wav,10m,50m,126,-18,좌,왼쪽,False,False,False
2.이륜자동차_2693_1.wav,2m,50m,85,-19,우,오른쪽,False,False,False
2.이륜자동차_2697_1.wav,10m,50m,85,-20,좌,왼쪽,False,False,False
2.이륜자동차_2698_1.wav,11m,50m,69,-25,우,오른쪽,False,False,False
2.이륜자동차_2699_1.wav,12m,50m,112,-20,우,오른쪽,False,False,False
2.이륜자동차_2702_1.wav,10m,50m,74,-30,우,중앙,False,False,False
2.이륜자동차_2704_1.wav,15m,50m,123,-14,우,왼쪽,False,False,False
2.이륜자동차_2706_1.wav,8m,50m,75,-21,우,오른쪽,False,False,False
2.이륜자동차_2708_1.wav,10m,50m,74,-26,우,왼쪽,False,False,False
2.이륜자동차_2709_1.wav,10m,50m,88,-21,좌,왼쪽,False,False,False
2.이륜자동차_2710_1.wav,2m,50m,77,-21,우,오른쪽,False,False,False
2.이륜자동차_2712_1.wav,12m,50m,69,-36,우,오른쪽,False,False,False
2.이륜자동차_2713_1.wav,11m,50m,82,-23,우,오른쪽,False,False,False
2.이륜자동차_2714_1.wav,16m,50m,69,-23,우,오른쪽,False,False,False
2.이륜자동차_2715_1.wav,1m,50m,70,-34,우,왼쪽,False,False,False
2.이륜자동차_2716_1.wav,3m,50m,112,-13,좌,오른쪽,False,False,False
2.이륜자동차_2717_1.wav,10m,50m,74,-23,좌,오른쪽,False,False,False
2.이륜자동차_2718_1.wav,10m,50m,71,-27,우,왼쪽,False,False,False
2.이륜자동차_2721_1.wav,10m,50m,69,-24,좌,오른쪽,False,False,False
2.이륜자동차_2722_1.wav,1m,50m,69,-32,우,오른쪽,False,False,False
2.이륜자동차_2724_1.wav,12m,50m,91,-26,우,오른쪽,False,False,False
2.이륜자동차_2725_1.wav,16m,50m,71,-28,우,중앙,False,False,False
2.이륜자동차_2726_1.wav,20m,50m,122,-17,우,왼쪽,False,False,False
2.이륜자동차_2728_1.wav,2m,50m,108,-18,우,왼쪽,False,False,False
2.이륜자동차_2730_1.wav,10m,50m,102,-22,우,왼쪽,False,False,False
2.이륜자동차_2734_1.wav,11m,50m,71,-28,우,오른쪽,False,False,False
2.이륜자동차_2735_1.wav,15m,50m,119,-20,우,왼쪽,False,False,False
2.이륜자동차_2738_1.wav,11m,50m,74,-29,우,오른쪽,False,False,False
2.이륜자동차_2740_1.wav,11m,50m,99,-23,우,오른쪽,False,False,False
2.이륜자동차_2742_1.wav,10m,50m,73,-23,우,왼쪽,False,False,False
2.이륜자동차_2744_1.wav,10m,50m,99,-22,우,오른쪽,False,False,False
2.이륜자동차_2746_1.wav,16m,50m,73,-27,우,오른쪽,False,False,False
2.이륜자동차_2751_1.wav,11m,50m,118,-18,우,오른쪽,False,False,False
2.이륜자동차_2754_1.wav,10m,50m,68,-24,우,왼쪽,False,False,False
2.이륜자동차_2755_1.wav,12m,50m,70,-26,우,오른쪽,False,False,False
2.이륜자동차_2756_1.wav,3m,50m,104,-7,좌,오른쪽,False,False,False
2.이륜자동차_2760_1.wav,11m,50m,68,-29,우,오른쪽,False,False,False
2.이륜자동차_2762_1.wav,10m,50m,82,-27,우,중앙,False,False,False
2.이륜자동차_2766_1.wav,11m,50m,70,-28,우,오른쪽,False,False,False
2.이륜자동차_2767_1.wav,12m,50m,82,-25,우,오른쪽,False,False,False
2.이륜자동차_2768_1.wav,2m,50m,103,-16,우,왼쪽,False,False,False
2.이륜자동차_2769_1.wav,2m,50m,120,-17,우,왼쪽,False,False,False
2.이륜자동차_2772_1.wav,11m,50m,69,-32,우,오른쪽,False,False,False
2.이륜자동차_2773_1.wav,3m,50m,105,-11,좌,오른쪽,False,False,False
2.이륜자동차_2774_1.wav,2m,50m,122,-21,우,오른쪽,False,False,False
2.이륜자동차_2775_1.wav,10m,50m,75,-40,우,중앙,False,False,False
2.이륜자동차_2776_1.wav,2m,50m,110,-12,우,오른쪽,False,False,False
2.이륜자동차_2777_1.wav,2m,50m,105,-20,우,오른쪽,False,False,False
2.이륜자동차_2778_1.wav,12m,50m,74,-26,우,오른쪽,False,False,False
2.이륜자동차_2781_1.wav,10m,50m,73,-31,우,중앙,False,False,False
2.이륜자동차_2783_1.wav,1m,50m,68,-30,우,오른쪽,False,False,False
2.이륜자동차_2784_1.wav,3m,50m,122,-11,좌,오른쪽,False,False,False
2.이륜자동차_2788_1.wav,2m,50m,126,-20,우,왼쪽,False,False,False
2.이륜자동차_2789_1.wav,11m,50m,75,-29,우,오른쪽,False,False,False
2.이륜자동차_2792_1.wav,15m,50m,106,-18,우,왼쪽,False,False,False
2.이륜자동차_2795_1.wav,10m,50m,122,-16,좌,왼쪽,False,False,False
2.이륜자동차_2798_1.wav,2m,50m,98,-20,우,오른쪽,False,False,False
2.이륜자동차_2799_1.wav,1m,50m,68,-28,우,왼쪽,False,False,False
2.이륜자동차_2800_1.wav,10m,50m,96,-20,우,왼쪽,False,False,False
2.이륜자동차_2802_1.wav,10m,50m,109,-18,좌,왼쪽,False,False,False
2.이륜자동차_2803_1.wav,1m,50m,72,-34,우,왼쪽,False,False,False
2.이륜자동차_2804_1.wav,1m,50m,69,-27,우,오른쪽,False,False,False
2.이륜자동차_2805_1.wav,11m,50m,127,-17,우,오른쪽,False,False,False
2.이륜자동차_2808_1.wav,1m,50m,114,-15,좌,왼쪽,False,False,False
2.이륜자동차_2809_1.wav,12m,50m,105,-18,우,왼쪽,False,False,False
2.이륜자동차_2811_1.wav,12m,50m,75,-26,우,오른쪽,False,False,False
2.이륜자동차_2814_1.wav,1m,50m,70,-24,우,오른쪽,False,False,False
2.이륜자동차_2816_1.wav,20m,50m,72,-28,우,왼쪽,False,False,False
2.이륜자동차_2819_1.wav,10m,50m,74,-25,좌,오른쪽,False,False,False
2.이륜자동차_2822_1.wav,10m,50m,107,-14,우,왼쪽,False,False,False
2.이륜자동차_2824_1.wav,12m,50m,74,-27,우,오른쪽,False,False,False
2.이륜자동차_2828_1.wav,11m,50m,69,-37,우,오른쪽,False,False,False
2.이륜자동차_2830_1.wav,20m,50m,75,-27,우,왼쪽,False,False,False
2.이륜자동차_2831_1.wav,10m,50m,70,-29,우,중앙,False,False,False
2.이륜자동차_2832_1.wav,15m,50m,126,-20,우,왼쪽,False,False,False
2.이륜자동차_2833_1.wav,1m,50m,114,-21,우,왼쪽,False,False,False
2.이륜자동차_2835_1.wav,11m,50m,88,-21,우,오른쪽,False,False,False
2.이륜자동차_2838_1.wav,10m,50m,93,-19,좌,왼쪽,False,False,False
2.이륜자동차_2839_1.wav,2m,50m,117,-17,우,오른쪽,False,False,False
2.이륜자동차_2841_1.wav,15m,50m,69,-25,우,왼쪽,False,False,False
2.이륜자동차_2842_1.wav,3m,50m,122,-9,좌,오른쪽,False,False,False
2.이륜자동차_2844_1.wav,70m,50m,124,-15,좌,왼쪽,False,False,False
2.이륜자동차_2846_1.wav,10m,50m,103,-16,좌,왼쪽,False,False,False
2.이륜자동차_2847_1.wav,2m,50m,125,-16,우,오른쪽,False,False,False
2.이륜자동차_2848_1.wav,10m,50m,126,-24,우,중앙,False,False,False
2.이륜자동차_2849_1.wav,1m,50m,102,-11,좌,왼쪽,False,False,False
2.이륜자동차_2852_1.wav,11m,50m,69,-25,우,오른쪽,False,False,False
2.이륜자동차_2853_1.wav,11m,50m,100,-24,우,오른쪽,False,False,False
2.이륜자동차_2857_1.wav,2m,50m,125,-16,우,오른쪽,False,False,False
2.이륜자동차_2859_1.wav,10m,50m,88,-23,우,왼쪽,False,False,False
2.이륜자동차_2860_1.wav,10m,50m,74,-25,좌,오른쪽,False,False,False
2.이륜자동차_2861_1.wav,2m,50m,123,-16,우,왼쪽,False,False,False
2.이륜자동차_2864_1.wav,12m,50m,74,-30,우,오른쪽,False,False,False
2.이륜자동차_2865_1.wav,1m,50m,75,-36,우,왼쪽,False,False,False
2.이륜자동차_2867_1.wav,2m,50m,100,-17,우,오른쪽,False,False,False
2.이륜자동차_2869_1.wav,12m,50m,119,-17,우,왼쪽,False,False,False
2.이륜자동차_2870_1.wav,11m,50m,74,-28,우,오른쪽,False,False,False
2.이륜자동차_2871_1.wav,1m,50m,75,-34,우,중앙,False,False,False
2.이륜자동차_2872_1.wav,10m,50m,70,-22,우,왼쪽,False,False,False
2.이륜자동차_2873_1.wav,10m,50m,112,-17,우,오른쪽,False,False,False
2.이륜자동차_2874_1.wav,2m,50m,73,-22,우,오른쪽,False,False,False
2.이륜자동차_2875_1.wav,3m,50m,122,-14,좌,오른쪽,False,False,False
2.이륜자동차_2876_1.wav,10m,50m,70,-23,우,왼쪽,False,False,False
2.이륜자동차_2877_1.wav,10m,50m,105,-14,좌,왼쪽,False,False,False
2.이륜자동차_2879_1.wav,10m,50m,107,-16,좌,오른쪽,False,False,False
2.이륜자동차_2883_1.wav,3m,50m,123,-14,좌,왼쪽,False,False,False
2.이륜자동차_2885_1.wav,10m,50m,68,-21,좌,오른쪽,False,False,False
2.이륜자동차_2886_1.wav,1m,50m,118,-26,우,오른쪽,False,False,False
2.이륜자동차_2888_1.wav,10m,50m,69,-24,우,왼쪽,False,False,False
2.이륜자동차_2889_1.wav,10m,50m,76,-24,우,왼쪽,False,False,False
2.이륜자동차_2890_1.wav,3m,50m,121,-17,좌,왼쪽,False,False,False
2.이륜자동차_2892_1.wav,2m,50m,98,-20,우,오른쪽,False,False,False
2.이륜자동차_2897_1.wav,1m,50m,118,-19,우,오른쪽,False,False,False
2.이륜자동차_2900_1.wav,8m,50m,79,-22,우,오른쪽,False,False,False
2.이륜자동차_2904_1.wav,2m,50m,111,-20,우,오른쪽,False,False,False
2.이륜자동차_2906_1.wav,15m,50m,106,-18,우,왼쪽,False,False,False
2.이륜자동차_2909_1.wav,10m,50m,69,-24,좌,오른쪽,False,False,False
2.이륜자동차_2914_1.wav,5m,50m,68,-22,우,오른쪽,False,False,False
2.이륜자동차_2919_1.wav,12m,50m,71,-28,우,오른쪽,False,False,False
2.이륜자동차_2920_1.wav,10m,50m,94,-23,우,중앙,False,False,False
2.이륜자동차_2922_1.wav,1m,50m,110,-14,우,오른쪽,False,False,False
2.이륜자동차_2923_1.wav,2m,50m,99,-17,우,왼쪽,False,False,False
2.이륜자동차_2925_1.wav,20m,50m,73,-28,우,왼쪽,False,False,False
2.이륜자동차_2928_1.wav,2m,50m,114,-18,우,오른쪽,False,False,False
2.이륜자동차_2930_1.wav,10m,50m,71,-28,좌,오른쪽,False,False,False
2.이륜자동차_2937_1.wav,1m,50m,100,-26,우,오른쪽,False,False,False
2.이륜자동차_2939_1.wav,10m,50m,102,-20,좌,왼쪽,False,False,False
2.이륜자동차_2940_1.wav,12m,50m,96,-22,우,왼쪽,False,False,False
2.이륜자동차_2941_1.wav,4m,50m,71,-35,우,왼쪽,False,False,False
2.이륜자동차_2942_1.wav,12m,50m,93,-29,우,오른쪽,False,False,False
2.이륜자동차_2944_1.wav,12m,50m,75,-30,우,오른쪽,False,False,False
2.이륜자동차_2945_1.wav,1m,50m,70,-36,우,왼쪽,False,False,False
2.이륜자동차_2947_1.wav,15m,50m,102,-19,우,왼쪽,False,False,False
2.이륜자동차_2951_1.wav,11m,50m,71,-30,우,오른쪽,False,False,False
2.이륜자동차_2952_1.wav,16m,50m,68,-30,우,오른쪽,False,False,False
2.이륜자동차_2953_1.wav,10m,50m,113,-16,좌,왼쪽,False,False,False
2.이륜자동차_2957_1.wav,10m,50m,69,-23,우,왼쪽,False,False,False
2.이륜자동차_2958_1.wav,10m,50m,73,-26,우,왼쪽,False,False,False
2.이륜자동차_2959_1.wav,1m,50m,70,-31,우,중앙,False,False,False
2.이륜자동차_2964_1.wav,16m,50m,94,-21,우,오른쪽,False,False,False
2.이륜자동차_2966_1.wav,2m,50m,130,-16,우,오른쪽,False,False,False
2.이륜자동차_2968_1.wav,11m,50m,74,-28,우,오른쪽,False,False,False
2.이륜자동차_2971_1.wav,3m,50m,114,-12,좌,왼쪽,False,False,False
2.이륜자동차_2972_1.wav,2m,50m,123,-13,우,오른쪽,False,False,False
2.이륜자동차_2974_1.wav,10m,50m,108,-18,우,오른쪽,False,False,False
2.이륜자동차_2975_1.wav,10m,50m,69,-23,좌,오른쪽,False,False,False
2.이륜자동차_2977_1.wav,11m,50m,118,-18,우,오른쪽,False,False,False
2.이륜자동차_2978_1.wav,1m,50m,71,-36,우,왼쪽,False,False,False
2.이륜자동차_2982_1.wav,3m,50m,111,-15,좌,왼쪽,False,False,False
2.이륜자동차_2984_1.wav,10m,50m,68,-26,우,왼쪽,False,False,False
2.이륜자동차_2985_1.wav,10m,50m,77,-28,우,중앙,False,False,False
2.이륜자동차_2986_1.wav,10m,50m,71,-24,우,왼쪽,False,False,False
2.이륜자동차_2987_1.wav,10m,50m,92,-22,좌,오른쪽,False,False,False
2.이륜자동차_2989_1.wav,2m,50m,80,-20,우,오른쪽,False,False,False
2.이륜자동차_2991_1.wav,1m,50m,79,-24,우,왼쪽,False,False,False
2.이륜자동차_2993_1.wav,3m,50m,78,-22,좌,오른쪽,False,False,False
2.이륜자동차_2994_1.wav,11m,50m,70,-27,우,오른쪽,False,False,False
2.이륜자동차_2996_1.wav,1m,50m,71,-27,우,오른쪽,False,False,False
2.이륜자동차_2997_1.wav,3m,50m,100,-8,좌,오른쪽,False,False,False
2.이륜자동차_2998_1.wav,1m,50m,80,-22,우,오른쪽,False,False,False
2.이륜자동차_2999_1.wav,12m,50m,69,-31,우,오른쪽,False,False,False
2.이륜자동차_3000_1.wav,15m,50m,118,-10,우,왼쪽,False,False,False
2.이륜자동차_3002_1.wav,1m,50m,75,-25,우,오른쪽,False,False,False
2.이륜자동차_3003_1.wav,10m,50m,114,-22,우,왼쪽,False,False,False
2.이륜자동차_3004_1.wav,10m,50m,107,-16,좌,왼쪽,False,False,False
2.이륜자동차_3006_1.wav,10m,50m,100,-15,좌,왼쪽,False,False,False
2.이륜자동차_3010_1.wav,20m,50m,72,-34,우,왼쪽,False,False,False
2.이륜자동차_3013_1.wav,10m,50m,75,-22,우,왼쪽,False,False,False
2.이륜자동차_3015_1.wav,11m,50m,72,-26,우,오른쪽,False,False,False
2.이륜자동차_3016_1.wav,10m,50m,117,-15,좌,왼쪽,False,False,False
2.이륜자동차_3019_1.wav,10m,50m,115,-13,좌,오른쪽,False,False,False
2.이륜자동차_3020_1.wav,12m,50m,74,-27,우,오른쪽,False,False,False
2.이륜자동차_3021_1.wav,1m,50m,71,-35,우,왼쪽,False,False,False
2.이륜자동차_3024_1.wav,11m,50m,96,-19,우,오른쪽,False,False,False
2.이륜자동차_3025_1.wav,20m,50m,116,-15,좌,왼쪽,False,False,False
2.이륜자동차_3028_1.wav,10m,50m,77,-22,우,왼쪽,False,False,False
2.이륜자동차_3029_1.wav,20m,50m,70,-23,우,왼쪽,False,False,False
2.이륜자동차_3033_1.wav,15m,50m,73,-29,우,왼쪽,False,False,False
2.이륜자동차_3034_1.wav,16m,50m,71,-27,우,오른쪽,False,False,False
2.이륜자동차_3035_1.wav,2m,50m,126,-17,우,왼쪽,False,False,False
2.이륜자동차_3036_1.wav,2m,50m,74,-20,우,오른쪽,False,False,False
2.이륜자동차_3037_1.wav,12m,50m,126,-16,우,왼쪽,False,False,False
2.이륜자동차_3039_1.wav,11m,50m,69,-26,우,오른쪽,False,False,False
2.이륜자동차_3040_1.wav,10m,50m,109,-15,좌,왼쪽,False,False,False
2.이륜자동차_3042_1.wav,15m,50m,93,-23,우,왼쪽,False,False,False
2.이륜자동차_3044_1.wav,10m,50m,70,-29,우,왼쪽,False,False,False
2.이륜자동차_3045_1.wav,1m,50m,74,-27,우,오른쪽,False,False,False
2.이륜자동차_3047_1.wav,20m,50m,74,-22,우,왼쪽,False,False,False
2.이륜자동차_3049_1.wav,12m,50m,75,-22,우,왼쪽,False,False,False
2.이륜자동차_3051_1.wav,10m,50m,116,-18,좌,왼쪽,False,False,False
2.이륜자동차_3052_1.wav,15m,50m,113,-16,우,왼쪽,False,False,False
2.이륜자동차_3053_1.wav,10m,50m,105,-15,좌,왼쪽,False,False,False
2.이륜자동차_3054_1.wav,11m,50m,120,-16,우,오른쪽,False,False,False
2.이륜자동차_3055_1.wav,12m,50m,75,-31,우,오른쪽,False,False,False
2.이륜자동차_3056_1.wav,12m,50m,106,-22,우,오른쪽,False,False,False
2.이륜자동차_3057_1.wav,2m,50m,103,-20,우,오른쪽,False,False,False
2.이륜자동차_3058_1.wav,12m,50m,69,-24,우,왼쪽,False,False,False
2.이륜자동차_3059_1.wav,12m,50m,121,-17,우,왼쪽,False,False,False
2.이륜자동차_3060_1.wav,2m,50m,122,-18,우,왼쪽,False,False,False
2.이륜자동차_3061_1.wav,20m,50m,70,-24,우,왼쪽,False,False,False
2.이륜자동차_3062_1.wav,3m,50m,118,-11,좌,오른쪽,False,False,False
2.이륜자동차_3063_1.wav,3m,50m,125,-15,좌,오른쪽,False,False,False
2.이륜자동차_3064_1.wav,12m,50m,69,-28,우,오른쪽,False,False,False
2.이륜자동차_3066_1.wav,2m,50m,117,-18,우,오른쪽,False,False,False
2.이륜자동차_3069_1.wav,11m,50m,69,-24,우,오른쪽,False,False,False
2.이륜자동차_3072_1.wav,16m,50m,100,-23,우,오른쪽,False,False,False
2.이륜자동차_3076_1.wav,10m,50m,104,-15,좌,왼쪽,False,False,False
2.이륜자동차_3078_1.wav,11m,50m,71,-35,우,오른쪽,False,False,False
2.이륜자동차_3081_1.wav,5m,50m,74,-22,우,오른쪽,False,False,False
2.이륜자동차_3082_1.wav,1m,50m,118,-23,우,왼쪽,False,False,False
2.이륜자동차_3083_1.wav,10m,50m,113,-9,좌,왼쪽,False,False,False
2.이륜자동차_3085_1.wav,20m,50m,71,-30,우,왼쪽,False,False,False
