wav_file,json_distance,wav_predicted_distance,json_decibel,wav_predicted_decibel,json_direction,wav_predicted_direction
1.자동차_1000_1.wav,30m,1098520.5m,122,-21,우,왼쪽
1.자동차_1001_1.wav,10m,907474.8m,105,-19,좌,중앙
1.자동차_1008_1.wav,13m,2877518.2m,71,-29,우,중앙
1.자동차_1010_1.wav,10m,1808795.7m,74,-25,좌,중앙
1.자동차_1011_1.wav,24m,820359.3m,120,-18,우,중앙
1.자동차_1012_1.wav,10m,2780749.1m,70,-29,좌,중앙
1.자동차_1013_1.wav,24m,2241918.7m,69,-27,우,중앙
1.자동차_1017_1.wav,1m,737176.3m,106,-17,우,중앙
1.자동차_1018_1.wav,2m,873527.4m,126,-19,우,중앙
1.자동차_1020_1.wav,10m,2618256.6m,70,-28,좌,중앙
1.자동차_1025_1.wav,30m,1433621.4m,121,-23,우,왼쪽
1.자동차_1028_1.wav,10m,1089807.5m,112,-21,좌,중앙
1.자동차_102_1.wav,10m,326087.9m,118,-10,좌,왼쪽
1.자동차_1030_1.wav,10m,1658614.6m,69,-24,우,중앙
1.자동차_1033_1.wav,11m,1894090.9m,72,-26,우,중앙
1.자동차_1040_1.wav,24m,995541.5m,93,-20,우,중앙
1.자동차_1041_1.wav,1m,1221604.7m,110,-22,우,중앙
1.자동차_1045_1.wav,30m,1116787.7m,93,-21,우,왼쪽
1.자동차_1046_1.wav,25m,1049363.5m,101,-20,우,중앙
1.자동차_1047_1.wav,12m,2944584.1m,71,-29,우,중앙
1.자동차_1050_1.wav,9m,1189667.9m,121,-22,좌,중앙
1.자동차_1052_1.wav,1m,1144045.5m,118,-21,우,중앙
1.자동차_1053_1.wav,2m,1235827.6m,97,-22,좌,중앙
1.자동차_1054_1.wav,10m,1491736.7m,91,-24,좌,중앙
1.자동차_1056_1.wav,10m,1560323.8m,81,-24,우,중앙
1.자동차_1058_1.wav,10m,3691621.7m,75,-31,좌,중앙
1.자동차_1060_1.wav,10m,1131213.3m,118,-21,좌,중앙
1.자동차_1061_1.wav,10m,1320086.7m,88,-22,우,중앙
1.자동차_1062_1.wav,10m,791642.3m,115,-18,우,중앙
1.자동차_1063_1.wav,3m,1181342.2m,118,-21,우,중앙
1.자동차_1064_1.wav,60m,3351366.5m,68,-30,우,중앙
1.자동차_1065_1.wav,15m,1444781.0m,76,-23,우,중앙
1.자동차_1066_1.wav,30m,2064817.9m,82,-26,우,중앙
1.자동차_1067_1.wav,13m,1048414.2m,106,-20,우,중앙
1.자동차_1069_1.wav,25m,2179495.1m,92,-27,우,중앙
1.자동차_106_1.wav,10m,1216976.2m,71,-22,우,중앙
1.자동차_1070_1.wav,10m,2898333.2m,72,-29,좌,중앙
1.자동차_1071_1.wav,5m,1142510.1m,98,-21,우,중앙
1.자동차_1075_1.wav,30m,1377050.1m,124,-23,우,왼쪽
1.자동차_1076_1.wav,10m,1195154.2m,81,-22,우,중앙
1.자동차_1077_1.wav,10m,2862880.5m,71,-29,좌,중앙
1.자동차_1079_1.wav,10m,1525889.6m,95,-24,좌,중앙
1.자동차_1080_1.wav,5m,842894.5m,119,-18,우,중앙
1.자동차_1082_1.wav,12m,2563669.0m,73,-28,우,중앙
1.자동차_1085_1.wav,30m,2280720.5m,75,-27,우,왼쪽
1.자동차_1087_1.wav,30m,1243439.6m,88,-22,우,왼쪽
1.자동차_1088_1.wav,24m,1460034.4m,101,-23,우,중앙
1.자동차_108_1.wav,8m,963342.9m,89,-20,우,중앙
1.자동차_1091_1.wav,11m,2221797.0m,74,-27,우,중앙
1.자동차_1093_1.wav,10m,1524394.9m,69,-24,우,중앙
1.자동차_1094_1.wav,10m,2971062.2m,73,-30,좌,왼쪽
1.자동차_1095_1.wav,10m,1639748.4m,85,-24,우,중앙
1.자동차_1096_1.wav,24m,892583.8m,107,-19,우,중앙
1.자동차_1098_1.wav,30m,1352153.6m,73,-23,우,왼쪽
1.자동차_1100_1.wav,10m,2914288.0m,74,-29,좌,중앙
1.자동차_1108_1.wav,10m,999715.0m,105,-20,좌,중앙
1.자동차_110_1.wav,1m,475128.1m,113,-14,좌,중앙
1.자동차_1110_1.wav,2m,2580457.0m,71,-28,우,중앙
1.자동차_1113_1.wav,10m,1140430.9m,119,-21,우,왼쪽
1.자동차_1114_1.wav,1m,2324320.9m,102,-27,우,중앙
1.자동차_1115_1.wav,2m,882242.6m,110,-19,좌,중앙
1.자동차_1116_1.wav,24m,1228449.0m,113,-22,우,중앙
1.자동차_1118_1.wav,5m,1336653.5m,76,-22,우,중앙
1.자동차_111_1.wav,10m,1036698.6m,70,-20,우,중앙
1.자동차_1120_1.wav,2m,935559.0m,120,-19,좌,중앙
1.자동차_1121_1.wav,10m,973735.4m,108,-20,우,중앙
1.자동차_1122_1.wav,30m,2246333.8m,73,-27,우,중앙
1.자동차_1125_1.wav,3m,496275.6m,121,-14,좌,중앙
1.자동차_1126_1.wav,24m,1097903.0m,89,-21,우,중앙
1.자동차_1127_1.wav,10m,817034.8m,111,-18,우,중앙
1.자동차_1128_1.wav,10m,1039612.0m,102,-20,우,중앙
1.자동차_112_1.wav,10m,1005591.1m,89,-20,우,중앙
1.자동차_1130_1.wav,10m,1002254.8m,117,-20,우,중앙
1.자동차_1132_1.wav,10m,1425906.0m,87,-23,우,중앙
1.자동차_1133_1.wav,10m,1084162.9m,125,-21,좌,중앙
1.자동차_1134_1.wav,13m,1111118.6m,85,-21,우,중앙
1.자동차_1136_1.wav,10m,1007549.4m,107,-20,우,중앙
1.자동차_1138_1.wav,13m,2971559.2m,69,-30,우,중앙
1.자동차_1139_1.wav,10m,1777804.6m,72,-25,우,중앙
1.자동차_1141_1.wav,10m,3495500.7m,72,-31,좌,중앙
1.자동차_1142_1.wav,1m,929922.8m,114,-19,우,중앙
1.자동차_1143_1.wav,10m,1666488.2m,86,-24,우,중앙
1.자동차_1144_1.wav,10m,938277.6m,128,-19,우,중앙
1.자동차_1148_1.wav,11m,2529448.5m,69,-28,우,중앙
1.자동차_1149_1.wav,15m,1676996.7m,73,-24,우,중앙
1.자동차_114_1.wav,10m,871939.5m,89,-19,우,중앙
1.자동차_1150_1.wav,30m,2145174.9m,68,-27,우,왼쪽
1.자동차_1151_1.wav,11m,1284392.8m,71,-22,우,중앙
1.자동차_1153_1.wav,10m,1740940.0m,71,-25,좌,중앙
1.자동차_1155_1.wav,10m,909496.7m,101,-19,좌,중앙
1.자동차_1156_1.wav,3m,633026.8m,115,-16,좌,중앙
1.자동차_1159_1.wav,10m,692854.7m,101,-17,우,중앙
1.자동차_1161_1.wav,30m,1848290.7m,69,-25,우,왼쪽
1.자동차_1164_1.wav,10m,2152815.7m,71,-27,좌,왼쪽
1.자동차_1165_1.wav,30m,1159625.5m,102,-21,우,왼쪽
1.자동차_1166_1.wav,5m,1164029.9m,90,-21,우,중앙
1.자동차_1169_1.wav,13m,3148645.5m,68,-30,우,중앙
1.자동차_116_1.wav,10m,439810.4m,117,-13,우,중앙
1.자동차_1170_1.wav,25m,1065769.3m,117,-21,우,중앙
1.자동차_1171_1.wav,10m,1391425.2m,116,-23,우,중앙
1.자동차_1174_1.wav,12m,5281300.5m,74,-34,우,중앙
1.자동차_1175_1.wav,13m,1417591.3m,73,-23,우,중앙
1.자동차_1176_1.wav,10m,1274808.8m,109,-22,우,중앙
1.자동차_1177_1.wav,10m,2211620.0m,69,-27,좌,중앙
1.자동차_1178_1.wav,5m,898658.7m,115,-19,우,중앙
1.자동차_1179_1.wav,10m,2990286.5m,72,-30,좌,중앙
1.자동차_1182_1.wav,10m,859919.5m,119,-19,우,중앙
1.자동차_1183_1.wav,13m,2437624.4m,73,-28,우,중앙
1.자동차_1184_1.wav,13m,1207736.3m,82,-22,우,중앙
1.자동차_1185_1.wav,30m,1861987.4m,101,-25,우,중앙
1.자동차_1187_1.wav,1m,985743.6m,122,-20,우,중앙
1.자동차_1188_1.wav,5m,1090632.2m,88,-21,우,중앙
1.자동차_1189_1.wav,10m,2723753.5m,68,-29,좌,중앙
1.자동차_1193_1.wav,10m,1405555.1m,73,-23,우,중앙
1.자동차_1196_1.wav,18m,1688636.3m,72,-25,우,중앙
1.자동차_1198_1.wav,13m,1938768.3m,75,-26,우,중앙
1.자동차_1201_1.wav,10m,2796942.0m,72,-29,우,중앙
1.자동차_1202_1.wav,30m,1976070.2m,75,-26,우,중앙
1.자동차_1205_1.wav,1m,2177002.7m,74,-27,우,중앙
1.자동차_1208_1.wav,12m,1673659.0m,69,-24,우,중앙
1.자동차_1210_1.wav,12m,947422.4m,106,-20,우,중앙
1.자동차_1211_1.wav,10m,1582967.1m,70,-24,우,중앙
1.자동차_1216_1.wav,5m,1168332.9m,81,-21,우,중앙
1.자동차_1217_1.wav,30m,1083819.7m,118,-21,우,왼쪽
1.자동차_1218_1.wav,10m,3613571.7m,75,-31,우,중앙
1.자동차_1219_1.wav,3m,1077123.5m,101,-21,우,중앙
1.자동차_1220_1.wav,15m,1572847.8m,71,-24,우,중앙
1.자동차_1221_1.wav,3m,585700.1m,125,-15,좌,중앙
1.자동차_1223_1.wav,18m,2827648.3m,70,-29,우,중앙
1.자동차_1227_1.wav,10m,1266758.6m,73,-22,좌,중앙
1.자동차_1231_1.wav,10m,1331414.0m,82,-22,우,중앙
1.자동차_1233_1.wav,10m,1327200.2m,111,-22,우,왼쪽
1.자동차_1236_1.wav,10m,2534483.4m,110,-28,좌,중앙
1.자동차_1237_1.wav,10m,1166525.0m,107,-21,좌,중앙
1.자동차_1238_1.wav,10m,1316433.2m,86,-22,좌,중앙
1.자동차_1242_1.wav,3m,325371.3m,116,-10,우,중앙
1.자동차_1243_1.wav,11m,1471673.6m,68,-23,우,중앙
1.자동차_1246_1.wav,13m,1436226.7m,74,-23,우,중앙
1.자동차_1247_1.wav,20m,1473320.1m,69,-23,우,중앙
1.자동차_1250_1.wav,12m,1091535.0m,94,-21,우,중앙
1.자동차_1253_1.wav,10m,2630877.9m,75,-28,좌,중앙
1.자동차_1256_1.wav,10m,1344464.7m,79,-23,우,중앙
1.자동차_1258_1.wav,13m,2139103.6m,71,-27,우,중앙
1.자동차_1259_1.wav,5m,1117779.4m,105,-21,우,중앙
1.자동차_1266_1.wav,24m,1346094.9m,83,-23,우,중앙
1.자동차_1267_1.wav,10m,1435231.3m,69,-23,우,중앙
1.자동차_1270_1.wav,10m,1185156.2m,108,-22,좌,중앙
1.자동차_1272_1.wav,11m,1327772.9m,68,-22,우,중앙
1.자동차_1273_1.wav,10m,2683490.9m,72,-29,좌,중앙
1.자동차_1274_1.wav,10m,2738734.5m,71,-29,좌,중앙
1.자동차_1275_1.wav,10m,1124052.7m,122,-21,우,중앙
1.자동차_1276_1.wav,20m,1423656.1m,68,-23,우,중앙
1.자동차_1277_1.wav,30m,1035648.5m,108,-20,우,왼쪽
1.자동차_127_1.wav,10m,418889.1m,111,-12,좌,왼쪽
1.자동차_1281_1.wav,30m,1954138.9m,71,-26,우,왼쪽
1.자동차_1283_1.wav,1m,1422154.2m,116,-23,우,중앙
1.자동차_1284_1.wav,5m,1423229.2m,80,-23,우,중앙
1.자동차_1287_1.wav,3m,604746.0m,100,-16,좌,중앙
1.자동차_128_1.wav,10m,3237438.4m,74,-30,우,중앙
1.자동차_1290_1.wav,13m,1193949.7m,79,-22,우,중앙
1.자동차_1291_1.wav,1m,2600916.5m,73,-28,우,중앙
1.자동차_1294_1.wav,5m,1273467.6m,110,-22,우,중앙
1.자동차_1295_1.wav,10m,1690444.3m,83,-25,우,중앙
1.자동차_1296_1.wav,10m,1476946.7m,74,-23,우,중앙
1.자동차_1298_1.wav,10m,1077279.3m,119,-21,좌,중앙
1.자동차_129_1.wav,6m,1264921.1m,69,-22,우,오른쪽
1.자동차_12_1.wav,10m,1938913.1m,70,-26,우,중앙
1.자동차_1300_1.wav,5m,1017809.4m,103,-20,우,중앙
1.자동차_1301_1.wav,12m,1972954.7m,74,-26,우,중앙
1.자동차_1302_1.wav,15m,1648762.4m,98,-24,우,중앙
1.자동차_1303_1.wav,2m,983241.1m,119,-20,우,중앙
1.자동차_1304_1.wav,10m,1024786.2m,108,-20,우,중앙
1.자동차_1305_1.wav,25m,1830361.3m,72,-25,우,중앙
1.자동차_1306_1.wav,13m,1963597.8m,69,-26,우,중앙
1.자동차_1307_1.wav,30m,2187346.8m,72,-27,우,중앙
1.자동차_1308_1.wav,12m,3512523.3m,69,-31,우,중앙
1.자동차_1309_1.wav,30m,1166516.3m,119,-21,우,왼쪽
1.자동차_1312_1.wav,13m,1307942.0m,74,-22,우,중앙
1.자동차_1313_1.wav,5m,1048438.8m,80,-20,우,중앙
1.자동차_1314_1.wav,9m,1178042.3m,114,-21,좌,중앙
1.자동차_1316_1.wav,13m,817128.9m,118,-18,우,왼쪽
1.자동차_131_1.wav,75m,2242734.9m,73,-27,우,중앙
1.자동차_1322_1.wav,10m,1484157.1m,70,-23,우,중앙
1.자동차_1323_1.wav,10m,1059801.9m,76,-20,좌,중앙
1.자동차_1324_1.wav,2m,1095996.9m,109,-21,좌,중앙
1.자동차_1326_1.wav,10m,1214034.1m,111,-22,좌,중앙
1.자동차_1327_1.wav,2m,1063257.6m,121,-20,좌,중앙
1.자동차_1329_1.wav,10m,1477144.2m,74,-23,좌,중앙
1.자동차_1330_1.wav,10m,690962.5m,105,-17,우,중앙
1.자동차_1331_1.wav,13m,2026888.3m,103,-26,우,중앙
1.자동차_133_1.wav,20m,691074.8m,114,-17,좌,중앙
1.자동차_1342_1.wav,10m,1092525.6m,101,-21,우,중앙
1.자동차_1343_1.wav,11m,1932327.8m,75,-26,우,중앙
1.자동차_1349_1.wav,24m,1328229.9m,106,-22,우,중앙
1.자동차_1350_1.wav,13m,1337844.9m,73,-22,우,중앙
1.자동차_1351_1.wav,13m,2139238.6m,87,-27,우,중앙
1.자동차_1354_1.wav,10m,1322776.7m,95,-22,우,중앙
1.자동차_1356_1.wav,10m,1796467.9m,70,-25,좌,중앙
1.자동차_1357_1.wav,10m,1330696.8m,72,-22,좌,중앙
1.자동차_1360_1.wav,1m,1148550.4m,110,-21,우,중앙
1.자동차_1361_1.wav,30m,1505765.2m,102,-24,우,중앙
1.자동차_1364_1.wav,9m,1128914.0m,82,-21,좌,중앙
1.자동차_1371_1.wav,2m,1301597.7m,99,-22,좌,중앙
1.자동차_1373_1.wav,5m,1157550.1m,77,-21,우,중앙
1.자동차_1374_1.wav,30m,1066056.2m,106,-21,우,왼쪽
1.자동차_1375_1.wav,10m,2384309.8m,69,-28,좌,중앙
1.자동차_1376_1.wav,2m,1467055.5m,87,-23,좌,중앙
1.자동차_1377_1.wav,1m,1388775.8m,84,-23,우,중앙
1.자동차_1378_1.wav,12m,1664049.9m,69,-24,우,중앙
1.자동차_1379_1.wav,30m,1422360.1m,95,-23,우,왼쪽
1.자동차_1380_1.wav,1m,3591898.6m,71,-31,우,중앙
1.자동차_1385_1.wav,9m,1264997.4m,115,-22,좌,중앙
1.자동차_1387_1.wav,9m,1216835.0m,106,-22,좌,중앙
1.자동차_138_1.wav,6m,926359.0m,75,-19,우,중앙
1.자동차_1390_1.wav,13m,1384368.5m,73,-23,우,중앙
1.자동차_1391_1.wav,10m,1445848.2m,99,-23,좌,중앙
1.자동차_1392_1.wav,13m,1438675.4m,80,-23,우,중앙
1.자동차_1393_1.wav,1m,1183893.1m,119,-22,우,중앙
1.자동차_1397_1.wav,60m,3111424.9m,73,-30,우,중앙
1.자동차_1398_1.wav,10m,701677.6m,107,-17,우,중앙
1.자동차_139_1.wav,10m,1079147.3m,78,-21,우,중앙
1.자동차_1401_1.wav,13m,2509119.8m,68,-28,우,중앙
1.자동차_1404_1.wav,11m,2737127.1m,71,-29,우,중앙
1.자동차_1405_1.wav,10m,1604912.2m,70,-24,우,중앙
1.자동차_1406_1.wav,13m,2290793.8m,74,-27,우,중앙
1.자동차_1407_1.wav,10m,1498848.8m,110,-24,우,왼쪽
1.자동차_1410_1.wav,5m,1014483.7m,85,-20,우,중앙
1.자동차_1411_1.wav,10m,3164521.9m,71,-30,우,중앙
1.자동차_1412_1.wav,10m,986371.8m,126,-20,우,중앙
1.자동차_1413_1.wav,1m,1080691.9m,127,-21,우,중앙
1.자동차_1414_1.wav,25m,1788710.7m,69,-25,우,중앙
1.자동차_1415_1.wav,5m,920704.6m,112,-19,우,중앙
1.자동차_1416_1.wav,15m,1788539.0m,71,-25,우,중앙
1.자동차_1417_1.wav,13m,2142936.4m,68,-27,우,중앙
1.자동차_1418_1.wav,13m,1484137.5m,84,-23,우,중앙
1.자동차_141_1.wav,10m,780861.2m,77,-18,우,중앙
1.자동차_1420_1.wav,10m,1465298.4m,78,-23,우,중앙
1.자동차_1421_1.wav,2m,1006833.9m,122,-20,좌,중앙
1.자동차_1429_1.wav,10m,3192249.3m,68,-30,좌,중앙
1.자동차_1430_1.wav,10m,954797.8m,89,-20,우,중앙
1.자동차_1432_1.wav,15m,1926757.5m,75,-26,우,중앙
1.자동차_1433_1.wav,11m,1776672.1m,78,-25,우,중앙
1.자동차_1434_1.wav,10m,1645846.3m,74,-24,좌,중앙
1.자동차_1437_1.wav,10m,2902731.6m,74,-29,좌,중앙
1.자동차_1438_1.wav,10m,1360963.0m,70,-23,우,중앙
1.자동차_1440_1.wav,30m,1022096.2m,108,-20,우,왼쪽
1.자동차_1441_1.wav,15m,1481212.1m,72,-23,우,중앙
1.자동차_1442_1.wav,1m,1567499.5m,119,-24,우,중앙
1.자동차_1443_1.wav,2m,1667868.1m,92,-24,우,중앙
1.자동차_1444_1.wav,10m,1134235.2m,73,-21,좌,중앙
1.자동차_1445_1.wav,15m,1463693.8m,78,-23,우,중앙
1.자동차_1446_1.wav,2m,1081219.4m,107,-21,좌,중앙
1.자동차_1447_1.wav,10m,1256535.9m,69,-22,우,중앙
1.자동차_1448_1.wav,10m,1216909.8m,98,-22,우,중앙
1.자동차_1450_1.wav,10m,1445341.4m,100,-23,좌,중앙
1.자동차_1454_1.wav,10m,2423072.4m,122,-28,좌,중앙
1.자동차_1455_1.wav,10m,1088386.8m,97,-21,우,중앙
1.자동차_1458_1.wav,5m,919168.7m,106,-19,우,중앙
1.자동차_1459_1.wav,10m,1044201.6m,103,-20,좌,중앙
1.자동차_145_1.wav,10m,1084491.5m,80,-21,우,중앙
1.자동차_1460_1.wav,25m,1079745.8m,93,-21,우,중앙
1.자동차_1461_1.wav,1m,1137038.3m,126,-21,우,중앙
1.자동차_1463_1.wav,10m,1213420.1m,90,-22,우,중앙
1.자동차_1464_1.wav,11m,2571194.4m,75,-28,우,중앙
1.자동차_1466_1.wav,10m,3292780.0m,74,-30,좌,중앙
1.자동차_1468_1.wav,30m,1405372.8m,81,-23,우,왼쪽
1.자동차_1469_1.wav,11m,4153276.8m,70,-32,우,중앙
1.자동차_1470_1.wav,10m,1135915.3m,98,-21,우,중앙
1.자동차_1471_1.wav,25m,1453372.9m,69,-23,우,중앙
1.자동차_1474_1.wav,10m,975907.8m,101,-20,좌,중앙
1.자동차_1475_1.wav,10m,3881262.3m,68,-32,좌,중앙
1.자동차_1476_1.wav,10m,1374359.8m,83,-23,우,중앙
1.자동차_1477_1.wav,11m,1743670.2m,68,-25,우,중앙
1.자동차_1478_1.wav,5m,1364991.4m,78,-23,우,중앙
1.자동차_1479_1.wav,13m,2275311.3m,75,-27,우,중앙
1.자동차_1480_1.wav,10m,1286874.6m,98,-22,우,중앙
1.자동차_1481_1.wav,10m,1280151.6m,77,-22,우,중앙
1.자동차_1482_1.wav,11m,2707610.9m,75,-29,우,중앙
1.자동차_1483_1.wav,10m,993297.9m,103,-20,우,중앙
1.자동차_1489_1.wav,10m,856446.9m,125,-19,우,왼쪽
1.자동차_1490_1.wav,10m,1037470.4m,109,-20,우,중앙
1.자동차_1492_1.wav,30m,1016622.3m,105,-20,우,왼쪽
1.자동차_1495_1.wav,24m,726808.7m,112,-17,우,중앙
1.자동차_1496_1.wav,10m,1915570.7m,71,-26,우,중앙
1.자동차_1497_1.wav,10m,1259094.9m,74,-22,우,중앙
1.자동차_1499_1.wav,3m,476438.6m,112,-14,좌,중앙
1.자동차_149_1.wav,10m,387737.5m,122,-12,좌,중앙
1.자동차_1501_1.wav,1m,1777941.9m,75,-25,우,중앙
1.자동차_1503_1.wav,1m,1471422.3m,102,-23,우,중앙
1.자동차_1504_1.wav,10m,1810270.7m,75,-25,우,중앙
1.자동차_1505_1.wav,24m,1539664.5m,75,-24,우,중앙
1.자동차_150_1.wav,10m,997087.7m,89,-20,우,중앙
1.자동차_1510_1.wav,1m,1122163.7m,108,-21,우,중앙
1.자동차_1515_1.wav,10m,1251669.9m,102,-22,우,중앙
1.자동차_1517_1.wav,18m,2568761.7m,70,-28,우,중앙
1.자동차_1519_1.wav,30m,1538282.9m,76,-24,우,왼쪽
1.자동차_151_1.wav,1m,603393.2m,119,-16,좌,중앙
1.자동차_1521_1.wav,10m,945347.7m,113,-20,좌,중앙
1.자동차_1522_1.wav,30m,946848.6m,118,-20,우,왼쪽
1.자동차_1527_1.wav,12m,1526780.1m,69,-24,우,중앙
1.자동차_1528_1.wav,10m,1511520.4m,76,-24,우,중앙
1.자동차_1529_1.wav,13m,1121979.9m,103,-21,우,중앙
1.자동차_1530_1.wav,9m,1190988.7m,93,-22,좌,중앙
1.자동차_1531_1.wav,13m,1678363.3m,74,-24,우,중앙
1.자동차_1534_1.wav,15m,1325198.7m,107,-22,우,중앙
1.자동차_1536_1.wav,10m,1163421.6m,87,-21,우,중앙
1.자동차_153_1.wav,10m,935669.7m,70,-19,우,오른쪽
1.자동차_1541_1.wav,10m,1373426.8m,68,-23,우,중앙
1.자동차_1542_1.wav,1m,1686198.5m,89,-24,우,중앙
1.자동차_1543_1.wav,10m,1199100.5m,104,-22,우,중앙
1.자동차_1546_1.wav,13m,1679805.6m,72,-24,우,중앙
1.자동차_1547_1.wav,10m,2147566.2m,68,-27,우,중앙
1.자동차_1549_1.wav,10m,1553743.3m,78,-24,우,중앙
1.자동차_1552_1.wav,60m,3281556.9m,72,-30,우,중앙
1.자동차_1553_1.wav,10m,1280109.8m,73,-22,좌,중앙
1.자동차_1554_1.wav,10m,1187148.2m,94,-22,우,중앙
1.자동차_1556_1.wav,3m,705367.4m,126,-17,좌,중앙
1.자동차_1558_1.wav,24m,1124507.3m,84,-21,우,중앙
1.자동차_1559_1.wav,10m,2360272.1m,70,-28,좌,중앙
1.자동차_1562_1.wav,13m,1197150.5m,84,-22,우,중앙
1.자동차_1564_1.wav,10m,1155278.1m,69,-21,좌,중앙
1.자동차_1565_1.wav,30m,2162501.4m,102,-27,우,왼쪽
1.자동차_1567_1.wav,13m,1867549.9m,71,-25,우,중앙
1.자동차_1568_1.wav,3m,256897.3m,114,-8,우,중앙
1.자동차_1569_1.wav,15m,1446199.8m,78,-23,우,중앙
1.자동차_1570_1.wav,25m,1701782.3m,84,-25,우,중앙
1.자동차_1571_1.wav,24m,1418298.5m,105,-23,우,중앙
1.자동차_1574_1.wav,15m,1877055.7m,69,-26,우,중앙
1.자동차_1577_1.wav,12m,1609866.3m,69,-24,우,중앙
1.자동차_1578_1.wav,10m,1133974.0m,121,-21,우,중앙
1.자동차_1579_1.wav,10m,1331727.2m,122,-22,좌,중앙
1.자동차_1582_1.wav,11m,1456098.1m,84,-23,우,중앙
1.자동차_1586_1.wav,10m,2694268.5m,74,-29,좌,중앙
1.자동차_1589_1.wav,10m,979202.9m,121,-20,우,중앙
1.자동차_1593_1.wav,10m,1012119.7m,97,-20,우,중앙
1.자동차_1595_1.wav,13m,2393940.7m,69,-28,우,중앙
1.자동차_1597_1.wav,15m,1449944.0m,74,-23,우,중앙
1.자동차_159_1.wav,10m,1894809.1m,75,-26,우,중앙
1.자동차_1601_1.wav,10m,3263363.2m,68,-30,좌,중앙
1.자동차_1602_1.wav,60m,3026756.9m,70,-30,우,중앙
1.자동차_1604_1.wav,15m,2076820.0m,74,-26,우,중앙
1.자동차_1608_1.wav,11m,1853531.7m,89,-25,우,중앙
1.자동차_1610_1.wav,12m,3891810.1m,75,-32,우,중앙
1.자동차_1613_1.wav,18m,2586681.6m,73,-28,우,중앙
1.자동차_1616_1.wav,13m,1272963.6m,97,-22,우,중앙
1.자동차_1618_1.wav,10m,1167282.4m,86,-21,우,중앙
1.자동차_1619_1.wav,3m,654978.3m,121,-16,좌,중앙
1.자동차_1621_1.wav,2m,2016522.4m,68,-26,우,중앙
1.자동차_1622_1.wav,2m,1369944.9m,106,-23,우,중앙
1.자동차_1623_1.wav,10m,1164540.3m,88,-21,우,왼쪽
1.자동차_1624_1.wav,13m,1862692.0m,73,-25,우,중앙
1.자동차_1625_1.wav,10m,981230.5m,117,-20,좌,중앙
1.자동차_1631_1.wav,13m,1331257.5m,69,-22,우,중앙
1.자동차_1632_1.wav,10m,733527.6m,107,-17,우,중앙
1.자동차_1633_1.wav,10m,1511927.7m,92,-24,우,중앙
1.자동차_1634_1.wav,18m,2731897.4m,70,-29,우,중앙
1.자동차_1636_1.wav,5m,1005806.6m,105,-20,우,중앙
1.자동차_1637_1.wav,10m,1286796.5m,78,-22,우,중앙
1.자동차_1638_1.wav,10m,1367291.4m,83,-23,우,중앙
1.자동차_1639_1.wav,10m,1169437.8m,101,-21,우,중앙
1.자동차_1641_1.wav,11m,1614807.0m,73,-24,우,중앙
1.자동차_1642_1.wav,10m,1576269.3m,80,-24,우,중앙
1.자동차_1644_1.wav,10m,3258373.0m,69,-30,좌,중앙
1.자동차_1645_1.wav,30m,1254906.9m,118,-22,우,왼쪽
1.자동차_1646_1.wav,25m,1486983.1m,85,-23,우,중앙
1.자동차_1647_1.wav,13m,1943899.7m,74,-26,우,중앙
1.자동차_1650_1.wav,11m,3858747.6m,72,-32,우,중앙
1.자동차_1651_1.wav,9m,1193328.6m,127,-22,좌,중앙
1.자동차_1653_1.wav,30m,1834329.9m,72,-25,우,중앙
1.자동차_1655_1.wav,25m,2654923.6m,72,-28,우,중앙
1.자동차_1657_1.wav,25m,992379.4m,109,-20,우,중앙
1.자동차_1661_1.wav,24m,709151.1m,105,-17,우,중앙
1.자동차_1662_1.wav,12m,1709444.1m,72,-25,우,중앙
1.자동차_1663_1.wav,9m,1092067.1m,100,-21,좌,중앙
1.자동차_1664_1.wav,10m,634882.0m,122,-16,우,중앙
1.자동차_1666_1.wav,11m,2479156.9m,71,-28,우,중앙
1.자동차_1667_1.wav,2m,1212138.9m,75,-22,우,중앙
1.자동차_1669_1.wav,13m,1415184.6m,102,-23,우,중앙
1.자동차_1673_1.wav,15m,1291861.7m,108,-22,우,중앙
1.자동차_1675_1.wav,10m,1385304.3m,81,-23,우,중앙
1.자동차_1676_1.wav,10m,906524.1m,121,-19,우,중앙
1.자동차_1677_1.wav,1m,1616122.1m,94,-24,우,중앙
1.자동차_1678_1.wav,10m,1124657.6m,101,-21,우,중앙
1.자동차_1680_1.wav,13m,1187387.2m,86,-22,우,중앙
1.자동차_1682_1.wav,30m,1207039.0m,96,-22,우,중앙
1.자동차_1683_1.wav,11m,2740448.4m,68,-29,우,중앙
1.자동차_1687_1.wav,12m,1378194.3m,74,-23,우,중앙
1.자동차_1689_1.wav,1m,916857.6m,126,-19,우,중앙
1.자동차_168_1.wav,10m,1128184.6m,82,-21,우,중앙
1.자동차_1690_1.wav,10m,2729239.8m,68,-29,좌,중앙
1.자동차_1691_1.wav,13m,1406926.7m,75,-23,우,중앙
1.자동차_1693_1.wav,15m,1774743.0m,70,-25,우,중앙
1.자동차_1694_1.wav,9m,1152219.7m,113,-21,좌,중앙
1.자동차_1696_1.wav,24m,1757313.2m,73,-25,우,중앙
1.자동차_1697_1.wav,10m,1234445.1m,124,-22,우,중앙
1.자동차_1698_1.wav,2m,1170064.4m,108,-21,좌,왼쪽
1.자동차_1699_1.wav,9m,1061362.9m,117,-20,좌,중앙
1.자동차_16_1.wav,10m,1371559.2m,74,-23,우,왼쪽
1.자동차_1700_1.wav,1m,602430.0m,119,-16,우,중앙
1.자동차_1702_1.wav,10m,1075238.5m,123,-21,좌,중앙
1.자동차_1703_1.wav,5m,873388.2m,101,-19,우,중앙
1.자동차_1704_1.wav,13m,1006472.7m,93,-20,우,중앙
1.자동차_170_1.wav,10m,1091613.3m,113,-21,우,중앙
1.자동차_1713_1.wav,10m,1031985.8m,94,-20,좌,중앙
1.자동차_1715_1.wav,30m,1328070.9m,121,-22,우,중앙
1.자동차_1717_1.wav,25m,1465940.1m,90,-23,우,중앙
1.자동차_1718_1.wav,15m,1317584.1m,109,-22,우,중앙
1.자동차_171_1.wav,10m,1776815.3m,70,-25,우,중앙
1.자동차_1721_1.wav,24m,1232468.5m,77,-22,우,중앙
1.자동차_1724_1.wav,10m,989270.7m,85,-20,우,중앙
1.자동차_1726_1.wav,11m,1144826.9m,94,-21,우,중앙
1.자동차_1727_1.wav,13m,1712576.7m,73,-25,우,중앙
1.자동차_1728_1.wav,10m,1943529.2m,73,-26,우,중앙
1.자동차_1729_1.wav,12m,1745758.6m,108,-25,우,중앙
1.자동차_172_1.wav,13m,1232418.8m,72,-22,우,중앙
1.자동차_1731_1.wav,10m,1329409.3m,93,-22,우,중앙
1.자동차_1732_1.wav,10m,899312.6m,99,-19,좌,중앙
1.자동차_1734_1.wav,13m,1496965.4m,71,-24,우,중앙
1.자동차_1736_1.wav,13m,1089331.3m,83,-21,우,중앙
1.자동차_1739_1.wav,3m,529841.7m,107,-14,좌,중앙
1.자동차_173_1.wav,10m,1383059.1m,74,-23,우,중앙
1.자동차_1740_1.wav,15m,1772150.6m,74,-25,우,중앙
1.자동차_1741_1.wav,3m,388899.0m,122,-12,우,중앙
1.자동차_1746_1.wav,10m,2898530.6m,75,-29,좌,중앙
1.자동차_1747_1.wav,10m,2917839.4m,74,-29,좌,중앙
1.자동차_1750_1.wav,24m,771337.0m,120,-18,우,중앙
1.자동차_1751_1.wav,10m,1204232.3m,73,-22,우,중앙
1.자동차_1752_1.wav,12m,1726822.7m,89,-25,우,중앙
1.자동차_1754_1.wav,25m,1726548.3m,106,-25,우,중앙
1.자동차_1755_1.wav,10m,847089.7m,115,-19,우,중앙
1.자동차_1756_1.wav,10m,1235845.1m,103,-22,우,중앙
1.자동차_1757_1.wav,3m,579752.0m,104,-15,좌,중앙
1.자동차_1759_1.wav,10m,1404213.1m,83,-23,우,중앙
1.자동차_1763_1.wav,10m,2744742.3m,70,-29,좌,중앙
1.자동차_1764_1.wav,13m,1408419.1m,69,-23,우,오른쪽
1.자동차_1766_1.wav,15m,1524171.4m,82,-24,우,중앙
1.자동차_1770_1.wav,10m,2626856.8m,70,-28,좌,중앙
1.자동차_177_1.wav,6m,1007390.3m,76,-20,우,중앙
1.자동차_17_1.wav,12m,15485324.4m,70,-44,우,중앙
1.자동차_183_1.wav,10m,1501079.4m,71,-24,우,중앙
1.자동차_184_1.wav,1250m,1489059.2m,68,-24,우,중앙
1.자동차_186_1.wav,10m,1174973.3m,68,-21,우,중앙
1.자동차_18_1.wav,5m,656557.7m,120,-16,우,중앙
1.자동차_19048_1.wav,10m,219601.5m,113,-7,좌,중앙
1.자동차_19049_1.wav,10m,292230.2m,109,-9,우,중앙
1.자동차_19107_1.wav,3m,362175.5m,113,-11,좌,중앙
1.자동차_19109_1.wav,3m,225341.5m,116,-7,좌,중앙
1.자동차_19110_1.wav,3m,373005.5m,108,-11,우,중앙
1.자동차_191_1.wav,8m,1527020.5m,71,-24,우,중앙
1.자동차_192_1.wav,12m,5141260.3m,68,-34,우,중앙
1.자동차_19491_1.wav,20m,1864224.4m,74,-25,우,중앙
1.자동차_194_1.wav,6m,858903.6m,85,-19,우,중앙
1.자동차_197_1.wav,20m,310243.1m,113,-10,좌,중앙
1.자동차_19832_1.wav,10m,808496.8m,122,-18,좌,중앙
1.자동차_19833_1.wav,28m,591689.7m,126,-15,좌,중앙
1.자동차_199_1.wav,10m,1096508.8m,84,-21,우,중앙
1.자동차_200_1.wav,10m,1574610.7m,70,-24,우,중앙
1.자동차_201_1.wav,10m,2032768.1m,70,-26,우,중앙
1.자동차_20277_1.wav,70m,1439240.5m,71,-23,좌,중앙
1.자동차_20280_1.wav,80m,1688970.8m,90,-25,좌,중앙
1.자동차_20281_1.wav,80m,2888073.4m,73,-29,우,중앙
1.자동차_20283_1.wav,80m,1343068.1m,75,-23,우,중앙
1.자동차_203_1.wav,5m,1375043.1m,75,-23,우,왼쪽
1.자동차_204_1.wav,10m,1316199.0m,112,-22,우,중앙
1.자동차_205_1.wav,4m,1696473.0m,80,-25,우,중앙
1.자동차_206_1.wav,10m,1197099.8m,69,-22,우,중앙
1.자동차_20_1.wav,10m,1049521.0m,90,-20,우,중앙
1.자동차_212_1.wav,7m,1036172.8m,75,-20,우,오른쪽
1.자동차_214_1.wav,10m,1151834.8m,86,-21,우,중앙
1.자동차_215_1.wav,10m,2274251.4m,72,-27,우,중앙
1.자동차_216_1.wav,10m,1184905.1m,75,-22,우,중앙
1.자동차_217_1.wav,6m,929509.4m,76,-19,우,오른쪽
1.자동차_219_1.wav,10m,1427283.9m,81,-23,우,중앙
1.자동차_224_1.wav,10m,2789004.0m,69,-29,우,중앙
1.자동차_228_1.wav,10m,1281386.1m,73,-22,우,중앙
1.자동차_229_1.wav,1m,554826.7m,119,-15,좌,중앙
1.자동차_234_1.wav,6m,1581880.9m,87,-24,우,중앙
1.자동차_236_1.wav,10m,355767.8m,104,-11,좌,중앙
1.자동차_240_1.wav,10m,1965873.5m,73,-26,우,중앙
1.자동차_248_1.wav,10m,1019813.8m,73,-20,우,중앙
1.자동차_250_1.wav,10m,851129.1m,72,-19,우,오른쪽
1.자동차_251_1.wav,100m,1224983.6m,74,-22,우,중앙
1.자동차_256_1.wav,10m,1375586.3m,74,-23,우,중앙
1.자동차_25_1.wav,10m,2113951.9m,68,-26,우,중앙
1.자동차_261_1.wav,10m,1256541.9m,69,-22,우,중앙
1.자동차_262_1.wav,10m,1521747.7m,75,-24,우,중앙
1.자동차_263_1.wav,10m,1333890.7m,69,-22,우,중앙
1.자동차_264_1.wav,10m,1848257.2m,70,-25,우,중앙
1.자동차_269_1.wav,4m,276985.0m,100,-9,좌,중앙
1.자동차_271_1.wav,20m,696409.4m,107,-17,좌,중앙
1.자동차_274_1.wav,4m,230067.1m,108,-7,좌,중앙
1.자동차_275_1.wav,6m,2648835.7m,68,-28,우,중앙
1.자동차_276_1.wav,7m,2228746.9m,69,-27,우,중앙
1.자동차_277_1.wav,12m,2643747.5m,70,-28,우,중앙
1.자동차_278_1.wav,12m,2835720.7m,69,-29,우,중앙
1.자동차_279_1.wav,12m,1101722.7m,129,-21,우,중앙
1.자동차_27_1.wav,7m,746574.1m,128,-18,우,중앙
1.자동차_280_1.wav,3m,2712634.5m,68,-29,우,중앙
1.자동차_283_1.wav,12m,1488747.7m,93,-24,우,중앙
1.자동차_284_1.wav,6m,740787.1m,115,-17,우,중앙
1.자동차_285_1.wav,2m,540618.6m,126,-15,우,중앙
1.자동차_288_1.wav,4m,885328.8m,119,-19,우,중앙
1.자동차_292_1.wav,50m,1263723.3m,111,-22,우,중앙
1.자동차_294_1.wav,12m,2904043.6m,74,-29,우,중앙
1.자동차_297_1.wav,20m,361456.0m,108,-11,좌,중앙
1.자동차_298_1.wav,8m,2203802.9m,71,-27,우,중앙
1.자동차_299_1.wav,8m,1057170.3m,123,-20,우,중앙
1.자동차_300_1.wav,10m,1192695.4m,89,-22,우,중앙
1.자동차_303_1.wav,12m,3287969.0m,72,-30,우,중앙
1.자동차_304_1.wav,20m,584459.5m,110,-15,좌,중앙
1.자동차_309_1.wav,8m,1439114.9m,70,-23,우,중앙
1.자동차_310_1.wav,4m,552064.0m,113,-15,우,중앙
1.자동차_312_1.wav,20m,553334.3m,114,-15,좌,중앙
1.자동차_313_1.wav,20m,776752.6m,104,-18,좌,중앙
1.자동차_316_1.wav,450m,3802101.0m,68,-32,우,중앙
1.자동차_317_1.wav,3m,1761264.4m,75,-25,우,중앙
1.자동차_319_1.wav,3m,684310.8m,109,-17,우,중앙
1.자동차_31_1.wav,10m,1176651.5m,74,-21,우,중앙
1.자동차_321_1.wav,7m,1600310.2m,72,-24,우,중앙
1.자동차_323_1.wav,75m,3268418.9m,71,-30,우,중앙
1.자동차_324_1.wav,3m,658419.4m,105,-16,우,중앙
1.자동차_330_1.wav,20m,323301.5m,112,-10,좌,중앙
1.자동차_333_1.wav,10m,530707.1m,101,-14,우,중앙
1.자동차_335_1.wav,11m,1358662.0m,73,-23,우,중앙
1.자동차_336_1.wav,20m,463493.5m,124,-13,좌,중앙
1.자동차_337_1.wav,3m,757704.1m,121,-18,우,중앙
1.자동차_338_1.wav,12m,690873.3m,122,-17,우,중앙
1.자동차_339_1.wav,100m,6460633.1m,72,-36,우,중앙
1.자동차_341_1.wav,2m,396803.0m,126,-12,좌,중앙
1.자동차_344_1.wav,100m,1584457.2m,71,-24,우,중앙
1.자동차_345_1.wav,6m,1178819.8m,93,-21,우,중앙
1.자동차_348_1.wav,5m,709523.5m,113,-17,우,중앙
1.자동차_34_1.wav,10m,807265.3m,72,-18,우,중앙
1.자동차_352_1.wav,50m,425898.8m,103,-13,우,중앙
1.자동차_353_1.wav,10m,1430281.9m,100,-23,우,중앙
1.자동차_354_1.wav,50m,1449466.0m,106,-23,우,왼쪽
1.자동차_358_1.wav,3m,741681.5m,114,-17,우,중앙
1.자동차_359_1.wav,20m,351040.5m,121,-11,좌,중앙
1.자동차_361_1.wav,20m,678000.4m,104,-17,좌,중앙
1.자동차_364_1.wav,20m,549141.2m,111,-15,좌,중앙
1.자동차_366_1.wav,50m,991998.0m,121,-20,우,왼쪽
1.자동차_368_1.wav,20m,433473.8m,125,-13,좌,중앙
1.자동차_369_1.wav,3m,1580591.4m,70,-24,우,중앙
1.자동차_370_1.wav,6m,947765.0m,115,-20,우,중앙
1.자동차_371_1.wav,20m,574362.4m,116,-15,좌,중앙
1.자동차_372_1.wav,2m,384701.3m,109,-12,좌,중앙
1.자동차_373_1.wav,43m,1840280.5m,83,-25,우,중앙
1.자동차_375_1.wav,13m,1337538.4m,87,-22,우,중앙
1.자동차_378_1.wav,20m,340017.6m,120,-11,좌,중앙
1.자동차_379_1.wav,50m,453719.0m,127,-13,우,중앙
1.자동차_38187_1.wav,10m,1522546.5m,116,-24,좌,왼쪽
1.자동차_383_1.wav,3m,916071.8m,107,-19,우,중앙
1.자동차_384_1.wav,8m,918989.9m,130,-19,우,중앙
1.자동차_385_1.wav,11m,791797.5m,126,-18,우,중앙
1.자동차_386_1.wav,20m,450833.1m,116,-13,좌,중앙
1.자동차_387_1.wav,3m,2494368.6m,73,-28,우,중앙
1.자동차_388_1.wav,3m,1512663.8m,72,-24,우,중앙
1.자동차_38_1.wav,10m,1343877.3m,69,-23,우,중앙
1.자동차_391_1.wav,10m,1834505.0m,104,-25,우,중앙
1.자동차_392_1.wav,4m,220124.2m,111,-7,좌,중앙
1.자동차_393_1.wav,20m,472617.9m,109,-14,좌,중앙
1.자동차_394_1.wav,10m,2335878.9m,75,-27,우,중앙
1.자동차_398_1.wav,4m,285000.9m,104,-9,좌,중앙
1.자동차_399_1.wav,12m,707909.9m,111,-17,우,중앙
1.자동차_400_1.wav,5m,846134.5m,110,-18,우,중앙
1.자동차_401_1.wav,10m,921120.0m,123,-19,좌,중앙
1.자동차_402_1.wav,50m,812234.2m,122,-18,우,왼쪽
1.자동차_405_1.wav,4m,249050.3m,113,-8,좌,중앙
1.자동차_406_1.wav,10m,768756.3m,103,-18,우,중앙
1.자동차_407_1.wav,3m,1166541.1m,81,-21,우,중앙
1.자동차_408_1.wav,450m,4101576.4m,71,-32,우,중앙
1.자동차_409_1.wav,8m,1811028.0m,86,-25,우,중앙
1.자동차_411_1.wav,8m,919671.0m,118,-19,우,중앙
1.자동차_414_1.wav,8m,1094005.2m,112,-21,우,중앙
1.자동차_415_1.wav,50m,516447.1m,100,-14,우,왼쪽
1.자동차_419_1.wav,3m,676603.7m,107,-17,우,중앙
1.자동차_421_1.wav,200m,9048638.5m,72,-39,우,중앙
1.자동차_423_1.wav,3m,1335984.7m,111,-22,우,중앙
1.자동차_425_1.wav,6m,1305226.0m,109,-22,우,중앙
1.자동차_426_1.wav,3m,520924.2m,107,-14,우,중앙
1.자동차_428_1.wav,20m,429535.7m,101,-13,좌,중앙
1.자동차_42_1.wav,10m,1876199.0m,74,-26,우,중앙
1.자동차_433_1.wav,3m,888238.6m,106,-19,우,중앙
1.자동차_437_1.wav,2m,380572.2m,102,-12,좌,중앙
1.자동차_438_1.wav,4m,857533.5m,112,-19,우,중앙
1.자동차_439_1.wav,3m,884673.5m,121,-19,우,중앙
1.자동차_440_1.wav,4m,787433.0m,127,-18,우,중앙
1.자동차_441_1.wav,3m,1911098.8m,68,-26,우,중앙
1.자동차_446_1.wav,8m,1213799.9m,101,-22,우,중앙
1.자동차_447_1.wav,10m,1730872.9m,71,-25,우,중앙
1.자동차_448_1.wav,3m,583443.2m,117,-15,우,중앙
1.자동차_449_1.wav,6m,1438846.0m,70,-23,우,중앙
1.자동차_450_1.wav,10m,1057669.2m,119,-20,우,중앙
1.자동차_451_1.wav,50m,761075.3m,89,-18,우,중앙
1.자동차_452_1.wav,10m,1248379.3m,96,-22,우,중앙
1.자동차_453_1.wav,10m,524787.0m,119,-14,우,중앙
1.자동차_454_1.wav,10m,2017330.9m,85,-26,우,중앙
1.자동차_455_1.wav,20m,557805.9m,113,-15,좌,중앙
1.자동차_456_1.wav,250m,1398716.2m,78,-23,우,중앙
1.자동차_45715_1.wav,18m,627164.5m,130,-16,우,중앙
1.자동차_45731_1.wav,20m,1519171.5m,100,-24,우,중앙
1.자동차_457_1.wav,60m,17236027.6m,72,-45,우,중앙
1.자동차_458_1.wav,4m,1594835.0m,74,-24,우,중앙
1.자동차_459_1.wav,60m,1477098.9m,86,-23,우,중앙
1.자동차_45_1.wav,10m,1117285.2m,73,-21,우,중앙
1.자동차_462_1.wav,20m,432608.9m,108,-13,좌,중앙
1.자동차_465_1.wav,4m,374771.3m,124,-12,좌,중앙
1.자동차_468_1.wav,3m,1202544.0m,89,-22,우,중앙
1.자동차_469_1.wav,3m,938613.5m,69,-19,우,중앙
1.자동차_471_1.wav,8m,1056505.6m,105,-20,우,중앙
1.자동차_473_1.wav,11m,689573.3m,120,-17,우,중앙
1.자동차_475_1.wav,43m,7007841.6m,75,-37,우,중앙
1.자동차_476_1.wav,50m,1677334.7m,94,-24,우,왼쪽
1.자동차_477_1.wav,10m,2787020.2m,74,-29,우,중앙
1.자동차_483_1.wav,8m,1510119.3m,130,-24,우,중앙
1.자동차_484_1.wav,3m,872614.3m,100,-19,우,중앙
1.자동차_485_1.wav,3m,757927.3m,111,-18,우,중앙
1.자동차_486_1.wav,3m,727500.9m,92,-17,우,중앙
1.자동차_488_1.wav,4m,1114277.1m,102,-21,우,중앙
1.자동차_489_1.wav,20m,501089.6m,110,-14,좌,중앙
1.자동차_48_1.wav,10m,1438267.3m,73,-23,우,중앙
1.자동차_490_1.wav,20m,623013.8m,118,-16,좌,중앙
1.자동차_493_1.wav,6m,1506807.6m,93,-24,우,중앙
1.자동차_496_1.wav,6m,1075163.2m,108,-21,우,중앙
1.자동차_499_1.wav,10m,1050475.0m,126,-20,우,중앙
1.자동차_4_1.wav,10m,3297411.9m,71,-30,우,중앙
1.자동차_500_1.wav,50m,1528026.9m,72,-24,우,중앙
1.자동차_501_1.wav,10m,1947736.4m,77,-26,좌,중앙
1.자동차_502_1.wav,12m,1024455.3m,71,-20,우,중앙
1.자동차_503_1.wav,20m,628867.7m,108,-16,좌,중앙
1.자동차_504_1.wav,10m,1144065.8m,115,-21,우,중앙
1.자동차_509_1.wav,3m,774980.2m,129,-18,우,중앙
1.자동차_50_1.wav,10m,1206121.0m,71,-22,우,중앙
1.자동차_511_1.wav,8m,873996.1m,103,-19,우,중앙
1.자동차_512_1.wav,3m,2288331.7m,71,-27,우,중앙
1.자동차_513_1.wav,8m,1023950.1m,118,-20,우,중앙
1.자동차_517_1.wav,20m,540351.9m,112,-15,좌,중앙
1.자동차_519_1.wav,2m,381280.7m,113,-12,좌,중앙
1.자동차_523_1.wav,6m,973672.1m,113,-20,우,중앙
1.자동차_524_1.wav,3m,886114.0m,109,-19,우,중앙
1.자동차_525_1.wav,12m,8824568.0m,72,-39,우,중앙
1.자동차_526_1.wav,12m,1769443.6m,72,-25,우,중앙
1.자동차_530_1.wav,20m,611604.9m,119,-16,좌,중앙
1.자동차_532_1.wav,50m,1363857.3m,100,-23,우,중앙
1.자동차_534_1.wav,3m,741551.6m,102,-17,우,중앙
1.자동차_538_1.wav,20m,621815.8m,101,-16,좌,중앙
1.자동차_539_1.wav,1m,2744157.0m,69,-29,우,중앙
1.자동차_53_1.wav,12m,4188417.0m,68,-32,우,중앙
1.자동차_540_1.wav,4m,682604.0m,108,-17,우,중앙
1.자동차_541_1.wav,10m,2204646.0m,73,-27,우,중앙
1.자동차_544_1.wav,3m,756244.9m,109,-18,우,중앙
1.자동차_546_1.wav,12m,1561727.2m,88,-24,우,중앙
1.자동차_547_1.wav,13m,1306763.6m,69,-22,우,중앙
1.자동차_548_1.wav,25m,1316742.3m,86,-22,우,중앙
1.자동차_549_1.wav,10m,2940638.1m,72,-29,좌,중앙
1.자동차_550_1.wav,10m,1557071.1m,84,-24,우,중앙
1.자동차_553_1.wav,30m,1136378.0m,102,-21,우,왼쪽
1.자동차_555_1.wav,10m,1670457.3m,105,-24,좌,왼쪽
1.자동차_556_1.wav,3m,236507.8m,124,-8,우,중앙
1.자동차_565_1.wav,10m,2795888.6m,71,-29,좌,중앙
1.자동차_566_1.wav,30m,1289054.0m,120,-22,우,왼쪽
1.자동차_567_1.wav,1m,1213304.8m,130,-22,우,중앙
1.자동차_569_1.wav,10m,1331309.1m,74,-22,우,중앙
1.자동차_572_1.wav,5m,1039268.0m,86,-20,우,중앙
1.자동차_573_1.wav,9m,1062754.7m,91,-20,좌,중앙
1.자동차_575_1.wav,1m,1686576.5m,88,-24,우,중앙
1.자동차_576_1.wav,13m,1111118.6m,85,-21,우,중앙
1.자동차_577_1.wav,10m,2686938.5m,72,-29,좌,중앙
1.자동차_578_1.wav,3m,201450.0m,106,-6,우,중앙
1.자동차_581_1.wav,3m,200265.5m,119,-6,우,중앙
1.자동차_582_1.wav,10m,935171.9m,86,-19,좌,중앙
1.자동차_583_1.wav,30m,2250980.6m,68,-27,우,왼쪽
1.자동차_584_1.wav,10m,2490881.7m,75,-28,좌,중앙
1.자동차_585_1.wav,1m,685486.6m,105,-17,우,중앙
1.자동차_586_1.wav,13m,1559793.7m,69,-24,우,중앙
1.자동차_587_1.wav,30m,1368257.2m,105,-23,우,중앙
1.자동차_588_1.wav,3m,244547.7m,100,-8,우,중앙
1.자동차_589_1.wav,10m,1319877.0m,70,-22,우,중앙
1.자동차_58_1.wav,10m,1376325.0m,78,-23,우,중앙
1.자동차_590_1.wav,3m,565961.8m,105,-15,좌,중앙
1.자동차_591_1.wav,13m,1654119.5m,72,-24,우,중앙
1.자동차_592_1.wav,13m,1543835.7m,71,-24,우,오른쪽
1.자동차_593_1.wav,10m,1137580.0m,87,-21,좌,중앙
1.자동차_594_1.wav,10m,1016234.0m,117,-20,좌,중앙
1.자동차_595_1.wav,10m,1076810.2m,125,-21,우,왼쪽
1.자동차_596_1.wav,3m,236702.2m,122,-8,우,중앙
1.자동차_597_1.wav,2m,1041391.4m,127,-20,좌,중앙
1.자동차_59_1.wav,20m,437249.2m,107,-13,좌,중앙
1.자동차_600_1.wav,24m,954696.2m,111,-20,우,중앙
1.자동차_603_1.wav,10m,1093926.0m,120,-21,우,중앙
1.자동차_606_1.wav,25m,4025846.9m,75,-32,우,중앙
1.자동차_607_1.wav,10m,3240555.0m,71,-30,좌,중앙
1.자동차_611_1.wav,30m,2122326.7m,69,-26,우,왼쪽
1.자동차_612_1.wav,13m,1882345.8m,73,-26,우,중앙
1.자동차_613_1.wav,12m,3238789.5m,71,-30,우,중앙
1.자동차_614_1.wav,25m,1380662.4m,71,-23,우,중앙
1.자동차_616_1.wav,15m,1253746.0m,111,-22,우,중앙
1.자동차_617_1.wav,5m,993087.2m,90,-20,우,중앙
1.자동차_618_1.wav,3m,245666.1m,121,-8,우,중앙
1.자동차_620_1.wav,10m,1531873.9m,75,-24,우,중앙
1.자동차_621_1.wav,10m,1497805.5m,75,-24,좌,중앙
1.자동차_622_1.wav,5m,1120462.0m,77,-21,우,중앙
1.자동차_623_1.wav,3m,461528.7m,117,-13,좌,중앙
1.자동차_624_1.wav,13m,2008269.5m,71,-26,우,중앙
1.자동차_626_1.wav,3m,259848.2m,100,-8,우,중앙
1.자동차_627_1.wav,10m,836099.1m,104,-18,좌,중앙
1.자동차_628_1.wav,10m,1511821.1m,70,-24,우,중앙
1.자동차_629_1.wav,10m,2585730.8m,71,-28,좌,중앙
1.자동차_630_1.wav,10m,1013459.5m,114,-20,우,중앙
1.자동차_631_1.wav,12m,1808398.2m,69,-25,우,중앙
1.자동차_634_1.wav,10m,1077078.9m,109,-21,우,중앙
1.자동차_636_1.wav,25m,1101576.4m,127,-21,우,중앙
1.자동차_637_1.wav,30m,1436186.6m,104,-23,우,왼쪽
1.자동차_639_1.wav,10m,819746.2m,109,-18,좌,중앙
1.자동차_641_1.wav,25m,1551986.6m,80,-24,우,중앙
1.자동차_642_1.wav,10m,3150667.4m,70,-30,우,중앙
1.자동차_643_1.wav,10m,1092772.0m,111,-21,좌,중앙
1.자동차_644_1.wav,3m,444462.7m,108,-13,좌,중앙
1.자동차_647_1.wav,10m,999756.4m,125,-20,우,중앙
1.자동차_648_1.wav,13m,1721027.1m,75,-25,우,중앙
1.자동차_649_1.wav,2m,1611830.3m,78,-24,좌,중앙
1.자동차_64_1.wav,10m,1603575.6m,73,-24,우,중앙
1.자동차_650_1.wav,3m,565950.1m,108,-15,좌,중앙
1.자동차_651_1.wav,1m,1561558.8m,89,-24,우,중앙
1.자동차_653_1.wav,1m,1236121.0m,123,-22,우,중앙
1.자동차_654_1.wav,15m,1374827.3m,97,-23,우,중앙
1.자동차_655_1.wav,13m,1350739.3m,75,-23,우,중앙
1.자동차_65634_1.wav,30m,2070067.0m,74,-26,우,중앙
1.자동차_65654_1.wav,30m,2585236.0m,74,-28,좌,중앙
1.자동차_65655_1.wav,30m,3089827.9m,70,-30,우,중앙
1.자동차_65656_1.wav,30m,1647702.4m,74,-24,좌,중앙
1.자동차_657_1.wav,13m,2174653.3m,77,-27,우,중앙
1.자동차_658_1.wav,10m,1266408.4m,91,-22,좌,중앙
1.자동차_659_1.wav,24m,1458765.9m,118,-23,우,중앙
1.자동차_662_1.wav,10m,1070886.0m,109,-21,우,중앙
1.자동차_664_1.wav,10m,1319653.3m,107,-22,좌,중앙
1.자동차_667_1.wav,2m,1149512.4m,107,-21,좌,중앙
1.자동차_670_1.wav,13m,1886516.3m,68,-26,우,중앙
1.자동차_672_1.wav,10m,1097256.8m,107,-21,좌,중앙
1.자동차_673_1.wav,1m,1410591.9m,88,-23,우,중앙
1.자동차_674_1.wav,30m,1243873.6m,102,-22,우,중앙
1.자동차_678_1.wav,9m,1213383.1m,96,-22,좌,중앙
1.자동차_679_1.wav,9m,1143201.9m,116,-21,좌,중앙
1.자동차_681_1.wav,2m,1418440.7m,110,-23,좌,중앙
1.자동차_682_1.wav,10m,2617539.9m,75,-28,좌,중앙
1.자동차_684_1.wav,13m,2994704.3m,71,-30,우,중앙
1.자동차_685_1.wav,30m,1510572.2m,86,-24,우,왼쪽
1.자동차_689_1.wav,13m,2560808.5m,81,-28,우,중앙
1.자동차_68_1.wav,10m,1406168.2m,74,-23,우,중앙
1.자동차_690_1.wav,10m,1040869.3m,100,-20,좌,중앙
1.자동차_691_1.wav,10m,1131368.6m,77,-21,우,중앙
1.자동차_692_1.wav,10m,1347977.2m,74,-23,우,중앙
1.자동차_693_1.wav,1m,1087499.2m,110,-21,우,중앙
1.자동차_694_1.wav,10m,2167243.8m,75,-27,우,중앙
1.자동차_696_1.wav,10m,1132767.4m,81,-21,우,중앙
1.자동차_697_1.wav,10m,1377234.1m,75,-23,좌,중앙
1.자동차_699_1.wav,10m,964959.1m,118,-20,우,중앙
1.자동차_6_1.wav,6m,1462202.3m,69,-23,우,중앙
1.자동차_702_1.wav,11m,955935.0m,119,-20,우,중앙
1.자동차_704_1.wav,5m,1336163.4m,76,-22,우,중앙
1.자동차_706_1.wav,24m,541623.1m,107,-15,우,중앙
1.자동차_707_1.wav,3m,200397.4m,108,-6,우,중앙
1.자동차_711_1.wav,25m,1251961.1m,123,-22,우,중앙
1.자동차_712_1.wav,13m,2721901.7m,68,-29,우,중앙
1.자동차_713_1.wav,3m,718714.1m,102,-17,좌,중앙
1.자동차_715_1.wav,9m,1034455.4m,109,-20,좌,중앙
1.자동차_716_1.wav,1m,3646412.8m,73,-31,우,중앙
1.자동차_717_1.wav,5m,1092790.4m,84,-21,우,중앙
1.자동차_718_1.wav,13m,2179983.5m,71,-27,우,중앙
1.자동차_719_1.wav,30m,944449.3m,124,-20,우,중앙
1.자동차_720_1.wav,24m,1576374.3m,68,-24,우,중앙
1.자동차_721_1.wav,10m,741529.3m,125,-17,우,중앙
1.자동차_722_1.wav,24m,2013390.6m,71,-26,우,중앙
1.자동차_725_1.wav,2m,374559.9m,127,-12,우,중앙
1.자동차_728_1.wav,10m,3708796.0m,69,-31,좌,중앙
1.자동차_730_1.wav,10m,1094801.7m,104,-21,우,중앙
1.자동차_735_1.wav,13m,1912110.3m,69,-26,우,중앙
1.자동차_744_1.wav,9m,1132262.5m,113,-21,좌,중앙
1.자동차_747_1.wav,10m,3471574.3m,75,-31,좌,중앙
1.자동차_748_1.wav,10m,1672345.3m,73,-24,좌,중앙
1.자동차_749_1.wav,10m,1014249.9m,104,-20,우,중앙
1.자동차_751_1.wav,3m,231782.7m,103,-7,우,중앙
1.자동차_752_1.wav,10m,1236677.8m,96,-22,좌,중앙
1.자동차_753_1.wav,30m,1260966.1m,126,-22,우,중앙
1.자동차_755_1.wav,24m,961766.4m,102,-20,우,중앙
1.자동차_756_1.wav,10m,1569739.7m,76,-24,우,중앙
1.자동차_758_1.wav,1m,983417.6m,122,-20,우,중앙
1.자동차_75_1.wav,10m,1618130.4m,70,-24,우,중앙
1.자동차_76516_1.wav,20m,2458968.6m,68,-28,우,중앙
1.자동차_76_1.wav,20m,753090.6m,110,-18,좌,중앙
1.자동차_770_1.wav,11m,995626.5m,78,-20,우,중앙
1.자동차_771_1.wav,2m,962035.7m,123,-20,좌,중앙
1.자동차_772_1.wav,3m,1066416.5m,126,-21,우,중앙
1.자동차_774_1.wav,2m,1233689.3m,121,-22,좌,중앙
1.자동차_776_1.wav,10m,771839.0m,125,-18,우,중앙
1.자동차_77846_1.wav,5m,947101.7m,127,-20,좌,왼쪽
1.자동차_778_1.wav,11m,2190412.7m,69,-27,우,중앙
1.자동차_780_1.wav,13m,2944122.9m,69,-29,우,중앙
1.자동차_783_1.wav,2m,1102929.5m,80,-21,좌,중앙
1.자동차_78419_1.wav,6m,781968.8m,116,-18,좌,중앙
1.자동차_784_1.wav,13m,2146506.0m,70,-27,우,중앙
1.자동차_788_1.wav,15m,1813817.0m,82,-25,우,중앙
1.자동차_789_1.wav,10m,1363043.5m,82,-23,우,중앙
1.자동차_78_1.wav,3m,728070.3m,114,-17,우,오른쪽
1.자동차_790_1.wav,10m,956758.4m,117,-20,좌,중앙
1.자동차_795_1.wav,3m,611443.8m,114,-16,좌,중앙
1.자동차_796_1.wav,10m,2609311.7m,75,-28,좌,중앙
1.자동차_797_1.wav,30m,1349647.4m,79,-23,우,중앙
1.자동차_79_1.wav,10m,1677772.6m,78,-24,우,중앙
1.자동차_7_1.wav,10m,655497.0m,120,-16,우,중앙
1.자동차_807_1.wav,5m,1030207.4m,97,-20,우,중앙
1.자동차_809_1.wav,10m,2695488.4m,74,-29,좌,중앙
1.자동차_80_1.wav,75m,2492992.8m,74,-28,우,왼쪽
1.자동차_810_1.wav,10m,2425724.7m,71,-28,좌,중앙
1.자동차_812_1.wav,24m,789082.4m,102,-18,우,중앙
1.자동차_815_1.wav,10m,1133646.9m,100,-21,좌,중앙
1.자동차_818_1.wav,10m,1448293.6m,89,-23,우,중앙
1.자동차_819_1.wav,30m,1275491.9m,101,-22,우,중앙
1.자동차_826_1.wav,10m,1577332.4m,72,-24,우,중앙
1.자동차_829_1.wav,10m,1668513.4m,85,-24,우,왼쪽
1.자동차_830_1.wav,1m,1384774.9m,110,-23,우,중앙
1.자동차_834_1.wav,10m,1287444.4m,121,-22,좌,중앙
1.자동차_835_1.wav,25m,1720431.1m,75,-25,우,중앙
1.자동차_836_1.wav,25m,1665911.5m,100,-24,우,중앙
1.자동차_837_1.wav,10m,973535.0m,103,-20,좌,중앙
1.자동차_838_1.wav,10m,1078351.0m,85,-21,우,중앙
1.자동차_839_1.wav,10m,1840283.1m,75,-25,우,중앙
1.자동차_840_1.wav,9m,1169236.1m,106,-21,좌,중앙
1.자동차_842_1.wav,15m,1357508.8m,105,-23,우,중앙
1.자동차_843_1.wav,10m,1542704.1m,76,-24,우,중앙
1.자동차_844_1.wav,10m,993018.8m,122,-20,우,중앙
1.자동차_845_1.wav,10m,1048958.4m,109,-20,좌,중앙
1.자동차_846_1.wav,3m,833465.3m,111,-18,좌,중앙
1.자동차_849_1.wav,24m,973480.9m,105,-20,우,중앙
1.자동차_850_1.wav,13m,2107744.5m,68,-26,우,중앙
1.자동차_852_1.wav,13m,1243292.1m,73,-22,우,중앙
1.자동차_858_1.wav,10m,1044230.5m,102,-20,좌,중앙
1.자동차_860_1.wav,10m,1944781.2m,73,-26,우,중앙
1.자동차_862_1.wav,10m,1990693.1m,68,-26,좌,중앙
1.자동차_864_1.wav,10m,1165824.7m,96,-21,우,중앙
1.자동차_868_1.wav,5m,1223424.1m,92,-22,우,중앙
1.자동차_869_1.wav,25m,2132474.7m,70,-27,우,중앙
1.자동차_870_1.wav,30m,2709777.6m,68,-29,우,왼쪽
1.자동차_872_1.wav,10m,2718809.9m,72,-29,좌,중앙
1.자동차_875_1.wav,10m,2497530.7m,70,-28,좌,중앙
1.자동차_876_1.wav,10m,1117741.9m,91,-21,좌,중앙
1.자동차_87719_1.wav,2m,1226195.5m,72,-22,위,오른쪽
1.자동차_877_1.wav,25m,1307691.6m,115,-22,우,중앙
1.자동차_878_1.wav,3m,675861.0m,119,-17,좌,중앙
1.자동차_880_1.wav,10m,1183171.7m,84,-22,우,중앙
1.자동차_881_1.wav,24m,513685.3m,112,-14,우,중앙
1.자동차_882_1.wav,10m,1337264.5m,93,-22,좌,중앙
1.자동차_883_1.wav,25m,1901403.6m,71,-26,우,중앙
1.자동차_884_1.wav,10m,4168527.9m,75,-32,좌,중앙
1.자동차_885_1.wav,9m,1011258.0m,115,-20,좌,중앙
1.자동차_888_1.wav,2m,1125693.1m,104,-21,우,중앙
1.자동차_889_1.wav,10m,2781746.4m,73,-29,좌,중앙
1.자동차_88_1.wav,10m,1454806.9m,74,-23,우,중앙
1.자동차_890_1.wav,2m,1207907.1m,103,-22,좌,중앙
1.자동차_894_1.wav,10m,1981180.0m,68,-26,우,중앙
1.자동차_896_1.wav,15m,2026867.3m,73,-26,우,중앙
1.자동차_897_1.wav,24m,1658704.7m,69,-24,우,중앙
1.자동차_89_1.wav,10m,1021741.8m,72,-20,우,중앙
1.자동차_8_1.wav,10m,874598.6m,76,-19,우,오른쪽
1.자동차_900_1.wav,13m,1233372.7m,71,-22,우,중앙
1.자동차_901_1.wav,5m,995277.9m,88,-20,우,중앙
1.자동차_905_1.wav,12m,2347626.4m,68,-27,우,중앙
1.자동차_907_1.wav,10m,996804.7m,113,-20,우,중앙
1.자동차_914_1.wav,10m,1029962.3m,93,-20,우,중앙
1.자동차_915_1.wav,2m,335297.4m,124,-10,우,중앙
1.자동차_916_1.wav,10m,2926519.9m,70,-29,좌,왼쪽
1.자동차_918_1.wav,10m,2974566.9m,71,-30,좌,중앙
1.자동차_920_1.wav,10m,3461832.7m,70,-31,좌,중앙
1.자동차_921_1.wav,1m,1765678.5m,75,-25,우,중앙
1.자동차_922_1.wav,10m,1436817.2m,97,-23,우,중앙
1.자동차_923_1.wav,10m,1097157.5m,90,-21,좌,중앙
1.자동차_924_1.wav,25m,1608090.8m,75,-24,우,중앙
1.자동차_925_1.wav,24m,868357.9m,111,-19,우,중앙
1.자동차_930_1.wav,25m,2019493.7m,71,-26,우,중앙
1.자동차_932_1.wav,10m,2818688.6m,112,-29,좌,중앙
1.자동차_933_1.wav,10m,1824232.8m,117,-25,좌,중앙
1.자동차_934_1.wav,10m,966450.8m,122,-20,좌,중앙
1.자동차_938_1.wav,9m,1234291.9m,90,-22,좌,중앙
1.자동차_93_1.wav,10m,1513726.7m,70,-24,우,중앙
1.자동차_943_1.wav,60m,3188778.3m,74,-30,우,중앙
1.자동차_946_1.wav,10m,2963789.4m,68,-29,좌,왼쪽
1.자동차_94_1.wav,10m,2167183.4m,70,-27,우,중앙
1.자동차_951_1.wav,9m,1053192.4m,123,-20,좌,중앙
1.자동차_952_1.wav,13m,1270584.2m,87,-22,우,중앙
1.자동차_953_1.wav,11m,2085027.8m,71,-26,우,중앙
1.자동차_954_1.wav,11m,2341507.0m,75,-27,우,중앙
1.자동차_955_1.wav,30m,1469555.2m,72,-23,우,중앙
1.자동차_956_1.wav,10m,1294403.5m,103,-22,좌,중앙
1.자동차_959_1.wav,1m,645906.0m,125,-16,우,중앙
1.자동차_960_1.wav,10m,1606455.2m,73,-24,좌,중앙
1.자동차_961_1.wav,10m,2437730.3m,72,-28,좌,중앙
1.자동차_963_1.wav,24m,1073791.0m,90,-21,우,중앙
1.자동차_967_1.wav,10m,1155645.2m,104,-21,좌,중앙
1.자동차_968_1.wav,5m,990477.2m,107,-20,우,중앙
1.자동차_969_1.wav,5m,933171.0m,118,-19,우,중앙
1.자동차_970_1.wav,13m,3821427.9m,71,-32,우,중앙
1.자동차_971_1.wav,10m,1986841.7m,70,-26,좌,중앙
1.자동차_972_1.wav,1m,529540.1m,125,-14,우,중앙
1.자동차_973_1.wav,10m,1354889.4m,98,-23,우,중앙
1.자동차_974_1.wav,9m,1144614.8m,119,-21,좌,중앙
1.자동차_977_1.wav,15m,1539201.0m,79,-24,우,중앙
1.자동차_981_1.wav,10m,1065258.9m,100,-20,좌,중앙
1.자동차_983_1.wav,2m,1218425.2m,83,-22,좌,중앙
1.자동차_984_1.wav,10m,1592714.2m,75,-24,우,중앙
1.자동차_986_1.wav,10m,1368217.6m,92,-23,우,중앙
1.자동차_98_1.wav,10m,1455260.1m,68,-23,우,중앙
1.자동차_992_1.wav,10m,2856001.3m,70,-29,좌,왼쪽
1.자동차_993_1.wav,3m,618124.9m,115,-16,좌,중앙
1.자동차_995_1.wav,5m,1027787.1m,118,-20,우,중앙
1.자동차_998_1.wav,10m,1672029.2m,75,-24,우,중앙
1.자동차_9_1.wav,8m,1719146.1m,75,-25,우,중앙
2.이륜자동차_1773_1.wav,3m,703223.6m,124,-17,우,중앙
2.이륜자동차_1774_1.wav,6m,1470880.3m,68,-23,우,중앙
2.이륜자동차_1775_1.wav,6m,1613974.4m,71,-24,우,중앙
2.이륜자동차_1776_1.wav,5m,1728284.0m,94,-25,우,오른쪽
2.이륜자동차_1817_1.wav,2m,694809.4m,102,-17,우,중앙
2.이륜자동차_1820_1.wav,10m,1423422.4m,71,-23,우,중앙
2.이륜자동차_1823_1.wav,60m,1865397.7m,72,-25,우,중앙
2.이륜자동차_1825_1.wav,10m,4978383.5m,68,-34,좌,중앙
2.이륜자동차_1827_1.wav,10m,590452.8m,120,-15,좌,중앙
2.이륜자동차_1830_1.wav,10m,3921264.8m,73,-32,좌,중앙
2.이륜자동차_1834_1.wav,2m,1603330.2m,74,-24,우,중앙
2.이륜자동차_1836_1.wav,12m,3363683.4m,69,-30,우,중앙
2.이륜자동차_1838_1.wav,10m,1316272.2m,81,-22,우,중앙
2.이륜자동차_1840_1.wav,1m,1732515.3m,68,-25,우,중앙
2.이륜자동차_1841_1.wav,10m,845448.4m,119,-18,좌,중앙
2.이륜자동차_1843_1.wav,11m,3822977.4m,73,-32,우,중앙
2.이륜자동차_1844_1.wav,11m,939980.4m,115,-20,우,중앙
2.이륜자동차_1849_1.wav,12m,624840.0m,113,-16,우,중앙
2.이륜자동차_1850_1.wav,10m,680538.9m,115,-17,우,중앙
2.이륜자동차_1851_1.wav,3m,676350.7m,113,-17,좌,중앙
2.이륜자동차_1852_1.wav,10m,814151.8m,126,-18,우,중앙
2.이륜자동차_1853_1.wav,11m,2439991.5m,74,-28,우,중앙
2.이륜자동차_1854_1.wav,16m,2274011.0m,71,-27,우,중앙
2.이륜자동차_1855_1.wav,10m,645492.2m,122,-16,좌,중앙
2.이륜자동차_1859_1.wav,2m,257755.5m,124,-8,우,중앙
2.이륜자동차_1861_1.wav,2m,466640.8m,109,-13,우,중앙
2.이륜자동차_1864_1.wav,2m,1376139.3m,104,-23,우,중앙
2.이륜자동차_1868_1.wav,10m,834850.5m,112,-18,우,중앙
2.이륜자동차_1869_1.wav,16m,1951857.8m,68,-26,우,중앙
2.이륜자동차_1870_1.wav,2m,1399270.1m,75,-23,우,중앙
2.이륜자동차_1872_1.wav,2m,744202.7m,127,-17,우,중앙
2.이륜자동차_1880_1.wav,10m,777195.1m,115,-18,좌,중앙
2.이륜자동차_1882_1.wav,1m,4261915.3m,73,-33,우,왼쪽
2.이륜자동차_1885_1.wav,1m,1237728.1m,74,-22,우,중앙
2.이륜자동차_1887_1.wav,10m,2446880.8m,72,-28,우,중앙
2.이륜자동차_1888_1.wav,1m,5210856.2m,69,-34,우,중앙
2.이륜자동차_1889_1.wav,20m,524352.1m,110,-14,우,중앙
2.이륜자동차_1894_1.wav,1m,1065456.1m,71,-21,우,중앙
2.이륜자동차_1895_1.wav,5m,928503.1m,74,-19,우,중앙
2.이륜자동차_1896_1.wav,12m,2074432.2m,71,-26,우,중앙
2.이륜자동차_1897_1.wav,10m,3679716.4m,68,-31,우,중앙
2.이륜자동차_1898_1.wav,11m,3115678.7m,69,-30,우,중앙
2.이륜자동차_1899_1.wav,10m,1300853.7m,68,-22,좌,중앙
2.이륜자동차_1900_1.wav,12m,1872071.3m,80,-25,우,중앙
2.이륜자동차_1902_1.wav,12m,981722.9m,127,-20,우,중앙
2.이륜자동차_1904_1.wav,2m,746362.5m,105,-18,우,중앙
2.이륜자동차_1908_1.wav,10m,585041.7m,118,-15,좌,중앙
2.이륜자동차_1909_1.wav,1m,2113846.0m,68,-26,우,중앙
2.이륜자동차_1910_1.wav,3m,282958.5m,127,-9,좌,중앙
2.이륜자동차_1916_1.wav,11m,3321286.7m,68,-30,우,중앙
2.이륜자동차_1917_1.wav,12m,2838810.1m,74,-29,우,중앙
2.이륜자동차_1919_1.wav,10m,740379.0m,109,-17,좌,중앙
2.이륜자동차_1920_1.wav,1m,474942.9m,125,-14,좌,중앙
2.이륜자동차_1923_1.wav,10m,696298.2m,118,-17,좌,중앙
2.이륜자동차_1926_1.wav,1m,4217024.6m,74,-32,우,중앙
2.이륜자동차_1928_1.wav,1m,4193359.6m,68,-32,우,오른쪽
2.이륜자동차_1930_1.wav,10m,1403019.5m,71,-23,좌,중앙
2.이륜자동차_1931_1.wav,11m,934007.9m,100,-19,우,중앙
2.이륜자동차_1932_1.wav,2m,1311390.0m,69,-22,우,중앙
2.이륜자동차_1934_1.wav,1m,3593655.4m,68,-31,우,중앙
2.이륜자동차_1935_1.wav,11m,3292038.2m,74,-30,우,중앙
2.이륜자동차_1936_1.wav,2m,759484.6m,111,-18,우,중앙
2.이륜자동차_1938_1.wav,10m,747760.6m,117,-18,좌,중앙
2.이륜자동차_1939_1.wav,3m,597584.8m,116,-16,좌,중앙
2.이륜자동차_1941_1.wav,2m,1508383.6m,70,-24,우,중앙
2.이륜자동차_1943_1.wav,3m,172293.1m,120,-5,좌,중앙
2.이륜자동차_1944_1.wav,2m,514123.8m,102,-14,우,중앙
2.이륜자동차_1946_1.wav,20m,589604.7m,122,-15,우,왼쪽
2.이륜자동차_1947_1.wav,10m,660152.3m,121,-16,좌,중앙
2.이륜자동차_1951_1.wav,20m,3240174.0m,75,-30,우,왼쪽
2.이륜자동차_1952_1.wav,10m,1074153.5m,85,-21,좌,중앙
2.이륜자동차_1953_1.wav,11m,9765806.7m,68,-40,우,중앙
2.이륜자동차_1954_1.wav,10m,1431590.4m,78,-23,좌,중앙
2.이륜자동차_1955_1.wav,3m,445308.4m,117,-13,좌,중앙
2.이륜자동차_1957_1.wav,1m,3789548.8m,74,-32,우,왼쪽
2.이륜자동차_1959_1.wav,10m,674595.3m,112,-17,좌,중앙
2.이륜자동차_1964_1.wav,70m,853449.7m,125,-19,좌,중앙
2.이륜자동차_1965_1.wav,10m,1023007.7m,82,-20,좌,중앙
2.이륜자동차_1966_1.wav,1m,648148.5m,122,-16,우,중앙
2.이륜자동차_1968_1.wav,12m,1282451.3m,72,-22,우,중앙
2.이륜자동차_1969_1.wav,10m,599204.6m,105,-16,좌,중앙
2.이륜자동차_1973_1.wav,11m,1680625.8m,71,-24,우,중앙
2.이륜자동차_1979_1.wav,20m,884138.8m,102,-19,우,중앙
2.이륜자동차_1980_1.wav,10m,1057606.2m,98,-20,우,중앙
2.이륜자동차_1985_1.wav,10m,3585844.0m,75,-31,우,중앙
2.이륜자동차_1990_1.wav,10m,1907882.8m,72,-26,좌,중앙
2.이륜자동차_1992_1.wav,1m,1485552.7m,73,-23,우,중앙
2.이륜자동차_1993_1.wav,2m,1034767.4m,70,-20,우,중앙
2.이륜자동차_1994_1.wav,12m,1574941.1m,102,-24,우,중앙
2.이륜자동차_1998_1.wav,10m,514674.7m,117,-14,좌,중앙
2.이륜자동차_2000_1.wav,10m,798149.0m,100,-18,우,중앙
2.이륜자동차_2001_1.wav,2m,1058168.9m,85,-20,우,중앙
2.이륜자동차_2003_1.wav,15m,1614364.1m,68,-24,우,중앙
2.이륜자동차_2007_1.wav,1m,2198762.6m,70,-27,우,중앙
2.이륜자동차_2010_1.wav,10m,831684.9m,119,-18,좌,중앙
2.이륜자동차_2011_1.wav,10m,1385463.3m,74,-23,좌,중앙
2.이륜자동차_2014_1.wav,20m,1296103.1m,73,-22,우,왼쪽
2.이륜자동차_2016_1.wav,2m,373101.9m,120,-11,좌,중앙
2.이륜자동차_2027_1.wav,2m,837132.9m,102,-18,우,중앙
2.이륜자동차_2028_1.wav,3m,315130.2m,106,-10,좌,중앙
2.이륜자동차_2030_1.wav,50m,1004516.6m,96,-20,우,중앙
2.이륜자동차_2031_1.wav,3m,357300.4m,109,-11,좌,중앙
2.이륜자동차_2034_1.wav,10m,702343.8m,122,-17,우,중앙
2.이륜자동차_2038_1.wav,10m,510113.9m,104,-14,좌,중앙
2.이륜자동차_2040_1.wav,10m,834529.9m,115,-18,우,중앙
2.이륜자동차_2043_1.wav,10m,1407533.4m,75,-23,좌,중앙
2.이륜자동차_2049_1.wav,10m,1628881.1m,68,-24,좌,중앙
2.이륜자동차_2057_1.wav,2m,1038296.3m,95,-20,우,중앙
2.이륜자동차_2060_1.wav,10m,1507927.6m,72,-24,우,중앙
2.이륜자동차_2063_1.wav,10m,1491597.4m,72,-24,좌,중앙
2.이륜자동차_2066_1.wav,10m,1418350.3m,70,-23,우,중앙
2.이륜자동차_2067_1.wav,12m,2365436.2m,69,-28,우,중앙
2.이륜자동차_2068_1.wav,20m,3635448.7m,71,-31,우,왼쪽
2.이륜자동차_2070_1.wav,10m,592054.6m,126,-15,우,중앙
2.이륜자동차_2074_1.wav,2m,532974.1m,114,-14,우,중앙
2.이륜자동차_2077_1.wav,10m,2584510.7m,71,-28,좌,중앙
2.이륜자동차_2078_1.wav,11m,1967461.6m,71,-26,우,중앙
2.이륜자동차_2082_1.wav,2m,659398.4m,127,-16,우,중앙
2.이륜자동차_2087_1.wav,100m,1837018.7m,71,-25,우,중앙
2.이륜자동차_2088_1.wav,11m,1190105.9m,78,-22,우,중앙
2.이륜자동차_2090_1.wav,11m,2087611.7m,70,-26,우,중앙
2.이륜자동차_2091_1.wav,2m,407164.8m,124,-12,우,중앙
2.이륜자동차_2093_1.wav,10m,969718.9m,116,-20,우,중앙
2.이륜자동차_2096_1.wav,24m,465386.2m,117,-13,우,중앙
2.이륜자동차_2097_1.wav,12m,2704236.3m,69,-29,우,중앙
2.이륜자동차_2098_1.wav,16m,1886236.8m,68,-26,우,중앙
2.이륜자동차_2099_1.wav,20m,3334461.5m,69,-30,우,왼쪽
2.이륜자동차_2104_1.wav,11m,2326042.1m,69,-27,우,중앙
2.이륜자동차_2107_1.wav,12m,9681987.9m,69,-40,우,중앙
2.이륜자동차_2108_1.wav,10m,767997.5m,99,-18,좌,중앙
2.이륜자동차_2109_1.wav,10m,1056859.2m,88,-20,좌,중앙
2.이륜자동차_2110_1.wav,12m,469991.1m,121,-13,우,중앙
2.이륜자동차_2111_1.wav,20m,2537826.2m,72,-28,우,왼쪽
2.이륜자동차_2113_1.wav,2m,709036.8m,118,-17,우,중앙
2.이륜자동차_2114_1.wav,10m,2242196.1m,71,-27,우,중앙
2.이륜자동차_2121_1.wav,3m,386898.7m,112,-12,좌,중앙
2.이륜자동차_2126_1.wav,10m,5016004.8m,68,-34,우,중앙
2.이륜자동차_2127_1.wav,3m,357246.1m,103,-11,좌,중앙
2.이륜자동차_2128_1.wav,10m,521362.0m,105,-14,좌,중앙
2.이륜자동차_2132_1.wav,10m,288905.6m,102,-9,좌,중앙
2.이륜자동차_2138_1.wav,10m,334188.8m,120,-10,우,중앙
2.이륜자동차_2141_1.wav,4m,12988339.3m,75,-42,우,중앙
2.이륜자동차_2144_1.wav,11m,1174866.1m,82,-21,우,중앙
2.이륜자동차_2145_1.wav,12m,2322714.3m,69,-27,우,중앙
2.이륜자동차_2149_1.wav,50m,1751957.4m,70,-25,우,중앙
2.이륜자동차_2152_1.wav,12m,3311266.0m,68,-30,우,중앙
2.이륜자동차_2154_1.wav,10m,721798.2m,110,-17,좌,중앙
2.이륜자동차_2155_1.wav,11m,3941263.2m,71,-32,우,중앙
2.이륜자동차_2157_1.wav,2m,804739.4m,105,-18,우,중앙
2.이륜자동차_2158_1.wav,10m,931222.3m,95,-19,우,중앙
2.이륜자동차_2159_1.wav,1m,1754818.2m,75,-25,우,중앙
2.이륜자동차_2161_1.wav,12m,3844954.8m,70,-32,우,중앙
2.이륜자동차_2162_1.wav,12m,1933617.2m,74,-26,우,중앙
2.이륜자동차_2163_1.wav,2m,1274592.6m,114,-22,우,왼쪽
2.이륜자동차_2166_1.wav,1m,470714.4m,114,-14,우,중앙
2.이륜자동차_2170_1.wav,15m,1140233.7m,106,-21,우,중앙
2.이륜자동차_2171_1.wav,20m,1678813.3m,76,-24,우,왼쪽
2.이륜자동차_2172_1.wav,11m,2307677.2m,72,-27,우,중앙
2.이륜자동차_2175_1.wav,2m,981526.2m,119,-20,우,중앙
2.이륜자동차_2176_1.wav,10m,963619.0m,104,-20,좌,중앙
2.이륜자동차_2177_1.wav,1m,2600744.9m,72,-28,우,중앙
2.이륜자동차_2178_1.wav,10m,922336.4m,96,-19,좌,중앙
2.이륜자동차_2179_1.wav,5m,637784.8m,105,-16,우,중앙
2.이륜자동차_2180_1.wav,10m,1301978.5m,74,-22,우,중앙
2.이륜자동차_2182_1.wav,11m,1639095.5m,74,-24,우,중앙
2.이륜자동차_2185_1.wav,2m,1000343.3m,77,-20,우,중앙
2.이륜자동차_2193_1.wav,1m,3925622.8m,70,-32,우,중앙
2.이륜자동차_2196_1.wav,10m,3199170.0m,68,-30,우,중앙
2.이륜자동차_2197_1.wav,10m,1763741.7m,70,-25,우,중앙
2.이륜자동차_2198_1.wav,11m,2203838.0m,71,-27,우,중앙
2.이륜자동차_2199_1.wav,2m,1338763.3m,72,-22,우,중앙
2.이륜자동차_2201_1.wav,11m,2223774.1m,69,-27,우,중앙
2.이륜자동차_2205_1.wav,10m,1244928.9m,69,-22,좌,중앙
2.이륜자동차_2206_1.wav,1m,5733022.7m,73,-35,우,중앙
2.이륜자동차_2212_1.wav,2m,1381915.0m,69,-23,우,중앙
2.이륜자동차_2214_1.wav,10m,934053.1m,106,-19,우,중앙
2.이륜자동차_2215_1.wav,12m,555304.5m,112,-15,우,중앙
2.이륜자동차_2216_1.wav,10m,1464110.3m,76,-23,좌,중앙
2.이륜자동차_2217_1.wav,20m,2564545.5m,75,-28,우,왼쪽
2.이륜자동차_2221_1.wav,10m,1306807.6m,72,-22,우,중앙
2.이륜자동차_2222_1.wav,11m,2193081.1m,74,-27,우,중앙
2.이륜자동차_2225_1.wav,1m,3799990.6m,72,-32,우,중앙
2.이륜자동차_2228_1.wav,10m,376890.9m,113,-12,좌,중앙
2.이륜자동차_2230_1.wav,11m,2002790.8m,72,-26,우,중앙
2.이륜자동차_2233_1.wav,11m,1498096.8m,72,-24,우,중앙
2.이륜자동차_2235_1.wav,12m,1135949.2m,103,-21,우,중앙
2.이륜자동차_2239_1.wav,11m,2851589.9m,70,-29,우,중앙
2.이륜자동차_2240_1.wav,12m,4524625.4m,73,-33,우,중앙
2.이륜자동차_2241_1.wav,6m,890405.1m,107,-19,우,중앙
2.이륜자동차_2242_1.wav,2m,233923.2m,115,-7,우,중앙
2.이륜자동차_2244_1.wav,20m,2072366.7m,73,-26,우,왼쪽
2.이륜자동차_2246_1.wav,20m,906923.0m,121,-19,우,중앙
2.이륜자동차_2248_1.wav,2m,1302950.9m,79,-22,우,중앙
2.이륜자동차_2252_1.wav,12m,2179673.3m,69,-27,우,중앙
2.이륜자동차_2253_1.wav,16m,12366684.8m,74,-42,우,중앙
2.이륜자동차_2254_1.wav,10m,5333140.9m,74,-34,좌,중앙
2.이륜자동차_2255_1.wav,2m,483774.4m,120,-14,우,중앙
2.이륜자동차_2256_1.wav,2m,1157359.9m,90,-21,우,중앙
2.이륜자동차_2259_1.wav,11m,1134219.0m,73,-21,우,중앙
2.이륜자동차_2260_1.wav,12m,1422232.0m,78,-23,우,중앙
2.이륜자동차_2262_1.wav,10m,1258695.1m,81,-22,좌,중앙
2.이륜자동차_2263_1.wav,2m,339953.6m,108,-11,우,중앙
2.이륜자동차_2265_1.wav,1m,3827234.0m,74,-32,우,왼쪽
2.이륜자동차_2266_1.wav,10m,704913.4m,123,-17,우,중앙
2.이륜자동차_2267_1.wav,10m,671011.2m,111,-16,우,중앙
2.이륜자동차_2268_1.wav,24m,5360174.7m,70,-35,우,중앙
2.이륜자동차_2269_1.wav,2m,1479465.6m,95,-23,우,중앙
2.이륜자동차_2270_1.wav,2m,1513257.9m,68,-24,우,중앙
2.이륜자동차_2276_1.wav,11m,3074213.6m,68,-30,우,중앙
2.이륜자동차_2277_1.wav,12m,1202007.1m,69,-22,우,중앙
2.이륜자동차_2278_1.wav,1m,2533976.1m,68,-28,우,중앙
2.이륜자동차_2279_1.wav,10m,614360.5m,112,-16,좌,중앙
2.이륜자동차_2280_1.wav,10m,1552996.2m,71,-24,우,중앙
2.이륜자동차_2281_1.wav,11m,3683098.1m,71,-31,우,중앙
2.이륜자동차_2282_1.wav,10m,576631.9m,100,-15,좌,중앙
2.이륜자동차_2283_1.wav,24m,1660273.4m,74,-24,우,중앙
2.이륜자동차_2285_1.wav,2m,342367.8m,110,-11,좌,중앙
2.이륜자동차_2287_1.wav,30m,1847014.4m,72,-25,우,왼쪽
2.이륜자동차_2288_1.wav,1m,5361083.0m,70,-35,우,중앙
2.이륜자동차_2290_1.wav,10m,1547291.3m,72,-24,좌,중앙
2.이륜자동차_2292_1.wav,1m,3649021.1m,72,-31,우,왼쪽
2.이륜자동차_2293_1.wav,2m,1330029.6m,74,-22,우,중앙
2.이륜자동차_2294_1.wav,2m,692403.4m,109,-17,우,중앙
2.이륜자동차_2296_1.wav,1m,843439.8m,106,-18,우,중앙
2.이륜자동차_2297_1.wav,11m,1125274.8m,72,-21,우,중앙
2.이륜자동차_2298_1.wav,11m,2421355.3m,71,-28,우,중앙
2.이륜자동차_2299_1.wav,11m,2198768.5m,75,-27,우,중앙
2.이륜자동차_2300_1.wav,3m,651658.6m,102,-16,좌,중앙
2.이륜자동차_2303_1.wav,1m,2763896.1m,68,-29,우,왼쪽
2.이륜자동차_2307_1.wav,12m,1415594.4m,76,-23,우,중앙
2.이륜자동차_2308_1.wav,20m,478475.9m,108,-14,좌,중앙
2.이륜자동차_2309_1.wav,2m,789662.4m,94,-18,우,중앙
2.이륜자동차_2310_1.wav,10m,1268275.8m,72,-22,우,중앙
2.이륜자동차_2312_1.wav,11m,1993758.0m,74,-26,우,중앙
2.이륜자동차_2313_1.wav,2m,661358.5m,111,-16,우,중앙
2.이륜자동차_2314_1.wav,3m,274390.6m,127,-9,좌,중앙
2.이륜자동차_2315_1.wav,6m,1317396.2m,74,-22,우,중앙
2.이륜자동차_2316_1.wav,10m,5786784.7m,72,-35,좌,중앙
2.이륜자동차_2320_1.wav,1m,1592725.9m,84,-24,우,중앙
2.이륜자동차_2321_1.wav,1m,5117517.4m,69,-34,우,중앙
2.이륜자동차_2322_1.wav,10m,1196822.0m,73,-22,우,중앙
2.이륜자동차_2325_1.wav,2m,723588.7m,103,-17,우,중앙
2.이륜자동차_2326_1.wav,10m,2175393.5m,68,-27,우,중앙
2.이륜자동차_2327_1.wav,12m,1228431.3m,74,-22,우,중앙
2.이륜자동차_2328_1.wav,2m,435016.6m,114,-13,우,중앙
2.이륜자동차_2330_1.wav,2m,1471351.9m,75,-23,우,중앙
2.이륜자동차_2331_1.wav,10m,1655434.2m,72,-24,좌,중앙
2.이륜자동차_2333_1.wav,12m,2368094.7m,73,-28,우,중앙
2.이륜자동차_2335_1.wav,10m,637990.7m,127,-16,좌,중앙
2.이륜자동차_2336_1.wav,2m,243971.8m,116,-8,우,중앙
2.이륜자동차_2338_1.wav,1m,6171516.1m,69,-36,우,왼쪽
2.이륜자동차_2339_1.wav,10m,507429.8m,125,-14,우,중앙
2.이륜자동차_2340_1.wav,12m,2211074.6m,70,-27,우,중앙
2.이륜자동차_2344_1.wav,10m,832014.2m,116,-18,좌,중앙
2.이륜자동차_2345_1.wav,11m,856805.0m,90,-19,우,중앙
2.이륜자동차_2347_1.wav,3m,333977.7m,118,-10,좌,중앙
2.이륜자동차_2348_1.wav,12m,3657149.9m,74,-31,우,중앙
2.이륜자동차_2351_1.wav,10m,1261468.1m,71,-22,우,중앙
2.이륜자동차_2353_1.wav,10m,717257.9m,106,-17,좌,중앙
2.이륜자동차_2356_1.wav,11m,461143.5m,127,-13,우,중앙
2.이륜자동차_2357_1.wav,10m,1298393.4m,124,-22,우,중앙
2.이륜자동차_2358_1.wav,10m,1576375.2m,72,-24,우,중앙
2.이륜자동차_2359_1.wav,2m,1593185.2m,72,-24,우,중앙
2.이륜자동차_2360_1.wav,11m,721282.6m,128,-17,우,중앙
2.이륜자동차_2361_1.wav,11m,2381815.3m,73,-28,우,중앙
2.이륜자동차_2362_1.wav,11m,5327874.8m,71,-34,우,중앙
2.이륜자동차_2369_1.wav,15m,1132529.8m,90,-21,우,중앙
2.이륜자동차_2372_1.wav,2m,402918.8m,116,-12,우,중앙
2.이륜자동차_2374_1.wav,10m,2606425.7m,68,-28,우,중앙
2.이륜자동차_2375_1.wav,12m,1069418.8m,96,-21,우,중앙
2.이륜자동차_2377_1.wav,16m,2932107.2m,75,-29,우,중앙
2.이륜자동차_2379_1.wav,2m,596214.4m,120,-16,우,중앙
2.이륜자동차_2380_1.wav,6m,1172010.0m,105,-21,우,중앙
2.이륜자동차_2381_1.wav,10m,704891.1m,108,-17,좌,중앙
2.이륜자동차_2384_1.wav,10m,1132437.5m,112,-21,좌,중앙
2.이륜자동차_2385_1.wav,3m,381739.5m,102,-12,좌,중앙
2.이륜자동차_2386_1.wav,10m,819235.3m,124,-18,좌,중앙
2.이륜자동차_2392_1.wav,5m,1258210.5m,92,-22,우,중앙
2.이륜자동차_2395_1.wav,11m,735378.8m,120,-17,우,중앙
2.이륜자동차_2397_1.wav,10m,880777.7m,122,-19,우,중앙
2.이륜자동차_2398_1.wav,1m,880583.3m,112,-19,우,중앙
2.이륜자동차_2401_1.wav,2m,430841.9m,106,-13,우,중앙
2.이륜자동차_2403_1.wav,11m,1265038.0m,74,-22,우,중앙
2.이륜자동차_2404_1.wav,10m,2778376.1m,73,-29,우,중앙
2.이륜자동차_2405_1.wav,12m,1623293.6m,90,-24,우,중앙
2.이륜자동차_2406_1.wav,11m,1406869.3m,94,-23,우,중앙
2.이륜자동차_2409_1.wav,10m,1375307.0m,68,-23,우,중앙
2.이륜자동차_2410_1.wav,10m,2942157.1m,75,-29,우,중앙
2.이륜자동차_2411_1.wav,11m,4058807.4m,68,-32,우,중앙
2.이륜자동차_2412_1.wav,12m,1047094.9m,104,-20,우,중앙
2.이륜자동차_2414_1.wav,10m,1706292.9m,74,-25,좌,중앙
2.이륜자동차_2417_1.wav,3m,1671505.4m,69,-24,좌,중앙
2.이륜자동차_2421_1.wav,10m,1197784.7m,75,-22,좌,중앙
2.이륜자동차_2422_1.wav,1m,7860042.4m,71,-38,우,중앙
2.이륜자동차_2423_1.wav,10m,1169972.5m,74,-21,우,중앙
2.이륜자동차_2424_1.wav,10m,680190.9m,110,-17,좌,중앙
2.이륜자동차_2425_1.wav,10m,1021694.6m,92,-20,우,중앙
2.이륜자동차_2426_1.wav,11m,2731933.8m,75,-29,우,중앙
2.이륜자동차_2429_1.wav,2m,781964.3m,103,-18,우,중앙
2.이륜자동차_2431_1.wav,12m,1648315.2m,72,-24,우,중앙
2.이륜자동차_2432_1.wav,2m,852313.0m,86,-19,우,중앙
2.이륜자동차_2433_1.wav,3m,455036.5m,103,-13,좌,중앙
2.이륜자동차_2434_1.wav,11m,2142336.8m,71,-27,우,중앙
2.이륜자동차_2438_1.wav,10m,1005271.5m,99,-20,좌,중앙
2.이륜자동차_2443_1.wav,11m,2374018.3m,74,-28,우,중앙
2.이륜자동차_2448_1.wav,10m,850199.5m,113,-19,우,중앙
2.이륜자동차_2449_1.wav,10m,8463681.7m,72,-39,우,중앙
2.이륜자동차_2452_1.wav,12m,2607339.1m,68,-28,우,중앙
2.이륜자동차_2453_1.wav,10m,624727.5m,120,-16,좌,중앙
2.이륜자동차_2455_1.wav,1m,4937053.7m,75,-34,우,왼쪽
2.이륜자동차_2456_1.wav,70m,576244.9m,111,-15,좌,중앙
2.이륜자동차_2457_1.wav,1m,2601109.8m,74,-28,우,중앙
2.이륜자동차_2459_1.wav,8m,1274525.7m,81,-22,우,중앙
2.이륜자동차_2460_1.wav,1m,3085048.6m,75,-30,우,중앙
2.이륜자동차_2463_1.wav,10m,860394.9m,97,-19,좌,중앙
2.이륜자동차_2466_1.wav,11m,1513981.1m,68,-24,우,중앙
2.이륜자동차_2468_1.wav,10m,565964.2m,126,-15,좌,중앙
2.이륜자동차_2470_1.wav,2m,1625206.6m,71,-24,우,중앙
2.이륜자동차_2471_1.wav,30m,2277982.2m,70,-27,우,중앙
2.이륜자동차_2472_1.wav,10m,412096.2m,122,-12,좌,중앙
2.이륜자동차_2474_1.wav,20m,760660.1m,101,-18,우,중앙
2.이륜자동차_2475_1.wav,10m,662816.7m,100,-16,좌,왼쪽
2.이륜자동차_2480_1.wav,2m,571354.7m,122,-15,우,중앙
2.이륜자동차_2482_1.wav,12m,3720869.1m,70,-31,우,중앙
2.이륜자동차_2484_1.wav,15m,997786.6m,106,-20,우,중앙
2.이륜자동차_2486_1.wav,10m,640044.2m,124,-16,좌,중앙
2.이륜자동차_2487_1.wav,12m,923037.1m,116,-19,우,중앙
2.이륜자동차_2488_1.wav,10m,1962200.2m,74,-26,우,중앙
2.이륜자동차_2489_1.wav,10m,1282785.1m,72,-22,좌,중앙
2.이륜자동차_2491_1.wav,10m,4270492.0m,70,-33,우,중앙
2.이륜자동차_2492_1.wav,10m,1152118.5m,72,-21,우,중앙
2.이륜자동차_2493_1.wav,2m,1101456.7m,103,-21,우,중앙
2.이륜자동차_2494_1.wav,10m,1110177.0m,89,-21,우,중앙
2.이륜자동차_2495_1.wav,10m,820660.2m,128,-18,좌,중앙
2.이륜자동차_2498_1.wav,1m,1352437.5m,75,-23,우,중앙
2.이륜자동차_2500_1.wav,15m,2399312.3m,69,-28,우,중앙
2.이륜자동차_2504_1.wav,8m,1241389.8m,76,-22,우,중앙
2.이륜자동차_2505_1.wav,2m,1098523.8m,84,-21,우,중앙
2.이륜자동차_2506_1.wav,10m,608924.3m,107,-16,좌,중앙
2.이륜자동차_2510_1.wav,10m,663846.8m,111,-16,좌,중앙
2.이륜자동차_2512_1.wav,2m,430580.7m,127,-13,우,중앙
2.이륜자동차_2514_1.wav,10m,711783.7m,109,-17,좌,중앙
2.이륜자동차_2516_1.wav,2m,649952.9m,121,-16,우,중앙
2.이륜자동차_2521_1.wav,12m,4224563.5m,73,-32,우,중앙
2.이륜자동차_2522_1.wav,12m,2775280.7m,73,-29,우,중앙
2.이륜자동차_2524_1.wav,12m,2998337.6m,81,-30,우,중앙
2.이륜자동차_2526_1.wav,12m,2156554.6m,72,-27,우,중앙
2.이륜자동차_2528_1.wav,10m,527735.0m,100,-14,좌,중앙
2.이륜자동차_2531_1.wav,10m,631470.3m,123,-16,좌,중앙
2.이륜자동차_2532_1.wav,2m,787606.5m,108,-18,우,중앙
2.이륜자동차_2533_1.wav,10m,1443764.4m,73,-23,우,중앙
2.이륜자동차_2536_1.wav,10m,647994.9m,110,-16,좌,중앙
2.이륜자동차_2537_1.wav,10m,1332109.3m,70,-22,우,중앙
2.이륜자동차_2538_1.wav,10m,3406236.6m,72,-31,우,중앙
2.이륜자동차_2539_1.wav,30m,5068501.3m,68,-34,우,중앙
2.이륜자동차_2544_1.wav,11m,951937.5m,121,-20,우,중앙
2.이륜자동차_2548_1.wav,2m,997504.8m,88,-20,우,중앙
2.이륜자동차_2550_1.wav,45m,900019.9m,124,-19,우,중앙
2.이륜자동차_2551_1.wav,20m,1696358.2m,103,-25,우,중앙
2.이륜자동차_2553_1.wav,11m,1730478.8m,69,-25,우,중앙
2.이륜자동차_2556_1.wav,11m,2270050.9m,73,-27,우,중앙
2.이륜자동차_2557_1.wav,5m,1488145.4m,81,-24,우,중앙
2.이륜자동차_2559_1.wav,20m,1729340.4m,109,-25,우,중앙
2.이륜자동차_2560_1.wav,10m,562244.2m,125,-15,우,중앙
2.이륜자동차_2562_1.wav,10m,664932.7m,109,-16,좌,중앙
2.이륜자동차_2563_1.wav,11m,3087562.3m,75,-30,우,중앙
2.이륜자동차_2567_1.wav,10m,1193285.4m,93,-22,우,중앙
2.이륜자동차_2568_1.wav,1m,2331606.2m,70,-27,우,중앙
2.이륜자동차_2569_1.wav,1m,1586332.7m,83,-24,우,중앙
2.이륜자동차_2573_1.wav,10m,2329703.7m,72,-27,우,중앙
2.이륜자동차_2575_1.wav,10m,889976.4m,123,-19,좌,중앙
2.이륜자동차_2576_1.wav,10m,882726.9m,107,-19,좌,중앙
2.이륜자동차_2577_1.wav,12m,3763344.4m,72,-32,우,중앙
2.이륜자동차_2580_1.wav,2m,718523.2m,121,-17,우,중앙
2.이륜자동차_2585_1.wav,11m,1206041.9m,73,-22,우,중앙
2.이륜자동차_2586_1.wav,3m,292701.0m,126,-9,좌,중앙
2.이륜자동차_2587_1.wav,12m,10710351.3m,71,-41,우,중앙
2.이륜자동차_2588_1.wav,10m,1141536.4m,110,-21,우,중앙
2.이륜자동차_2589_1.wav,11m,3458449.9m,74,-31,우,중앙
2.이륜자동차_2590_1.wav,30m,4379506.5m,75,-33,우,중앙
2.이륜자동차_2591_1.wav,2m,635077.8m,109,-16,우,중앙
2.이륜자동차_2594_1.wav,12m,6794359.5m,69,-37,우,중앙
2.이륜자동차_2595_1.wav,10m,587474.7m,109,-15,좌,중앙
2.이륜자동차_2596_1.wav,11m,2143674.2m,71,-27,우,중앙
2.이륜자동차_2598_1.wav,12m,2236828.6m,72,-27,우,중앙
2.이륜자동차_2599_1.wav,10m,3881534.0m,70,-32,좌,중앙
2.이륜자동차_2600_1.wav,2m,630100.1m,107,-16,우,중앙
2.이륜자동차_2602_1.wav,15m,1754199.2m,82,-25,우,중앙
2.이륜자동차_2603_1.wav,1m,2013997.6m,73,-26,우,중앙
2.이륜자동차_2606_1.wav,10m,844118.2m,106,-18,우,중앙
2.이륜자동차_2608_1.wav,12m,482741.0m,112,-14,우,중앙
2.이륜자동차_2609_1.wav,1m,2841329.1m,73,-29,우,중앙
2.이륜자동차_2610_1.wav,1m,577561.8m,102,-15,좌,중앙
2.이륜자동차_2611_1.wav,15m,1855944.5m,69,-25,우,중앙
2.이륜자동차_2614_1.wav,1m,4148631.8m,73,-32,우,왼쪽
2.이륜자동차_2617_1.wav,10m,654743.4m,104,-16,좌,중앙
2.이륜자동차_2618_1.wav,12m,3476512.8m,69,-31,우,중앙
2.이륜자동차_2620_1.wav,11m,5724703.9m,75,-35,우,중앙
2.이륜자동차_2624_1.wav,2m,935143.6m,94,-19,우,중앙
2.이륜자동차_2629_1.wav,2m,844835.6m,111,-18,우,중앙
2.이륜자동차_2631_1.wav,1m,745258.6m,103,-17,우,중앙
2.이륜자동차_2632_1.wav,1m,426390.3m,122,-13,좌,중앙
2.이륜자동차_2635_1.wav,20m,2139140.9m,75,-27,우,왼쪽
2.이륜자동차_2636_1.wav,2m,807468.8m,123,-18,우,중앙
2.이륜자동차_2637_1.wav,10m,1911100.6m,72,-26,우,중앙
2.이륜자동차_2638_1.wav,10m,3766718.5m,68,-32,우,중앙
2.이륜자동차_2640_1.wav,10m,2332399.4m,68,-27,좌,중앙
2.이륜자동차_2641_1.wav,11m,1516949.0m,92,-24,우,중앙
2.이륜자동차_2645_1.wav,12m,2971681.2m,74,-30,우,중앙
2.이륜자동차_2650_1.wav,10m,1318570.1m,74,-22,우,중앙
2.이륜자동차_2652_1.wav,70m,864919.6m,117,-19,좌,중앙
2.이륜자동차_2653_1.wav,30m,4780999.1m,70,-34,우,중앙
2.이륜자동차_2658_1.wav,10m,1684167.9m,106,-24,좌,중앙
2.이륜자동차_2659_1.wav,1m,5777382.8m,74,-35,우,왼쪽
2.이륜자동차_2660_1.wav,11m,5648283.4m,75,-35,우,중앙
2.이륜자동차_2662_1.wav,2m,1118164.8m,71,-21,우,중앙
2.이륜자동차_2663_1.wav,20m,4096927.8m,74,-32,우,중앙
2.이륜자동차_2664_1.wav,10m,563477.8m,111,-15,좌,중앙
2.이륜자동차_2666_1.wav,1m,3384296.0m,73,-31,우,중앙
2.이륜자동차_2667_1.wav,12m,3217637.8m,68,-30,우,중앙
2.이륜자동차_2668_1.wav,11m,1635741.5m,68,-24,우,중앙
2.이륜자동차_2671_1.wav,1m,1730983.7m,71,-25,우,중앙
2.이륜자동차_2672_1.wav,11m,2192901.5m,73,-27,우,중앙
2.이륜자동차_2675_1.wav,1m,3209252.2m,69,-30,우,중앙
2.이륜자동차_2676_1.wav,1m,14436610.1m,70,-43,우,중앙
2.이륜자동차_2677_1.wav,12m,1432356.6m,74,-23,우,중앙
2.이륜자동차_2678_1.wav,11m,6432411.0m,69,-36,우,중앙
2.이륜자동차_2679_1.wav,11m,4021932.8m,68,-32,우,중앙
2.이륜자동차_2680_1.wav,10m,1349997.7m,71,-23,우,중앙
2.이륜자동차_2683_1.wav,10m,1067588.7m,95,-21,우,중앙
2.이륜자동차_2686_1.wav,12m,1191170.9m,69,-22,우,중앙
2.이륜자동차_2691_1.wav,10m,828767.4m,126,-18,좌,중앙
2.이륜자동차_2693_1.wav,2m,892326.8m,85,-19,우,중앙
2.이륜자동차_2697_1.wav,10m,1027650.9m,85,-20,좌,중앙
2.이륜자동차_2698_1.wav,11m,1790004.9m,69,-25,우,중앙
2.이륜자동차_2699_1.wav,12m,1035224.9m,112,-20,우,중앙
2.이륜자동차_2702_1.wav,10m,3167110.4m,74,-30,우,중앙
2.이륜자동차_2704_1.wav,15m,473311.0m,123,-14,우,중앙
2.이륜자동차_2706_1.wav,8m,1163608.9m,75,-21,우,중앙
2.이륜자동차_2708_1.wav,10m,1930922.0m,74,-26,우,중앙
2.이륜자동차_2709_1.wav,10m,1127762.0m,88,-21,좌,왼쪽
2.이륜자동차_2710_1.wav,2m,1069006.4m,77,-21,우,중앙
2.이륜자동차_2712_1.wav,12m,6575249.4m,69,-36,우,중앙
2.이륜자동차_2713_1.wav,11m,1344436.7m,82,-23,우,중앙
2.이륜자동차_2714_1.wav,16m,1345925.8m,69,-23,우,중앙
2.이륜자동차_2715_1.wav,1m,5084654.9m,70,-34,우,왼쪽
2.이륜자동차_2716_1.wav,3m,452953.5m,112,-13,좌,중앙
2.이륜자동차_2717_1.wav,10m,1468606.7m,74,-23,좌,중앙
2.이륜자동차_2718_1.wav,10m,2304228.4m,71,-27,우,중앙
2.이륜자동차_2721_1.wav,10m,1496230.2m,69,-24,좌,중앙
2.이륜자동차_2722_1.wav,1m,4210611.6m,69,-32,우,중앙
2.이륜자동차_2724_1.wav,12m,1880673.9m,91,-26,우,중앙
2.이륜자동차_2725_1.wav,16m,2407113.0m,71,-28,우,중앙
2.이륜자동차_2726_1.wav,20m,690729.3m,122,-17,우,중앙
2.이륜자동차_2728_1.wav,2m,775858.7m,108,-18,우,중앙
2.이륜자동차_2730_1.wav,10m,1260330.2m,102,-22,우,중앙
2.이륜자동차_2734_1.wav,11m,2543694.3m,71,-28,우,중앙
2.이륜자동차_2735_1.wav,15m,989969.8m,119,-20,우,중앙
2.이륜자동차_2738_1.wav,11m,2820286.3m,74,-29,우,중앙
2.이륜자동차_2740_1.wav,11m,1372219.1m,99,-23,우,중앙
2.이륜자동차_2742_1.wav,10m,1415869.3m,73,-23,우,중앙
2.이륜자동차_2744_1.wav,10m,1319284.4m,99,-22,우,중앙
2.이륜자동차_2746_1.wav,16m,2193506.7m,73,-27,우,중앙
2.이륜자동차_2751_1.wav,11m,778907.0m,118,-18,우,중앙
2.이륜자동차_2754_1.wav,10m,1678567.4m,68,-24,우,중앙
2.이륜자동차_2755_1.wav,12m,1891378.4m,70,-26,우,중앙
2.이륜자동차_2756_1.wav,3m,232022.7m,104,-7,좌,중앙
2.이륜자동차_2760_1.wav,11m,2895688.1m,68,-29,우,중앙
2.이륜자동차_2762_1.wav,10m,2200652.0m,82,-27,우,중앙
2.이륜자동차_2766_1.wav,11m,2500220.0m,70,-28,우,중앙
2.이륜자동차_2767_1.wav,12m,1781127.7m,82,-25,우,중앙
2.이륜자동차_2768_1.wav,2m,650061.7m,103,-16,우,중앙
2.이륜자동차_2769_1.wav,2m,714167.3m,120,-17,우,중앙
2.이륜자동차_2772_1.wav,11m,4072648.6m,69,-32,우,중앙
2.이륜자동차_2773_1.wav,3m,337441.8m,105,-11,좌,중앙
2.이륜자동차_2774_1.wav,2m,1159184.2m,122,-21,우,중앙
2.이륜자동차_2775_1.wav,10m,10397049.3m,75,-40,우,중앙
2.이륜자동차_2776_1.wav,2m,400470.9m,110,-12,우,중앙
2.이륜자동차_2777_1.wav,2m,1013391.0m,105,-20,우,중앙
2.이륜자동차_2778_1.wav,12m,2051720.9m,74,-26,우,중앙
2.이륜자동차_2781_1.wav,10m,3711057.6m,73,-31,우,중앙
2.이륜자동차_2783_1.wav,1m,2986459.6m,68,-30,우,중앙
2.이륜자동차_2784_1.wav,3m,337061.6m,122,-11,좌,중앙
2.이륜자동차_2788_1.wav,2m,947951.5m,126,-20,우,중앙
2.이륜자동차_2789_1.wav,11m,2760804.4m,75,-29,우,중앙
2.이륜자동차_2792_1.wav,15m,775643.9m,106,-18,우,중앙
2.이륜자동차_2795_1.wav,10m,642399.6m,122,-16,좌,중앙
2.이륜자동차_2798_1.wav,2m,988103.5m,98,-20,우,중앙
2.이륜자동차_2799_1.wav,1m,2370366.7m,68,-28,우,왼쪽
2.이륜자동차_2800_1.wav,10m,1022399.1m,96,-20,우,중앙
2.이륜자동차_2802_1.wav,10m,764108.3m,109,-18,좌,중앙
2.이륜자동차_2803_1.wav,1m,4768555.5m,72,-34,우,왼쪽
2.이륜자동차_2804_1.wav,1m,2148028.5m,69,-27,우,중앙
2.이륜자동차_2805_1.wav,11m,730748.5m,127,-17,우,중앙
2.이륜자동차_2808_1.wav,1m,548078.8m,114,-15,좌,중앙
2.이륜자동차_2809_1.wav,12m,827373.8m,105,-18,우,중앙
2.이륜자동차_2811_1.wav,12m,2046126.6m,75,-26,우,중앙
2.이륜자동차_2814_1.wav,1m,1616573.2m,70,-24,우,중앙
2.이륜자동차_2816_1.wav,20m,2643701.5m,72,-28,우,왼쪽
2.이륜자동차_2819_1.wav,10m,1789435.4m,74,-25,좌,중앙
2.이륜자동차_2822_1.wav,10m,531595.8m,107,-14,우,중앙
2.이륜자동차_2824_1.wav,12m,2203728.2m,74,-27,우,중앙
2.이륜자동차_2828_1.wav,11m,7415466.6m,69,-37,우,중앙
2.이륜자동차_2830_1.wav,20m,2170410.4m,75,-27,우,왼쪽
2.이륜자동차_2831_1.wav,10m,2900549.8m,70,-29,우,중앙
2.이륜자동차_2832_1.wav,15m,1003462.1m,126,-20,우,왼쪽
2.이륜자동차_2833_1.wav,1m,1167107.1m,114,-21,우,중앙
2.이륜자동차_2835_1.wav,11m,1131252.2m,88,-21,우,중앙
2.이륜자동차_2838_1.wav,10m,923974.0m,93,-19,좌,중앙
2.이륜자동차_2839_1.wav,2m,675274.5m,117,-17,우,중앙
2.이륜자동차_2841_1.wav,15m,1799026.8m,69,-25,우,중앙
2.이륜자동차_2842_1.wav,3m,272891.3m,122,-9,좌,중앙
2.이륜자동차_2844_1.wav,70m,553269.3m,124,-15,좌,중앙
2.이륜자동차_2846_1.wav,10m,660152.3m,103,-16,좌,중앙
2.이륜자동차_2847_1.wav,2m,593349.0m,125,-16,우,중앙
2.이륜자동차_2848_1.wav,10m,1612833.3m,126,-24,우,중앙
2.이륜자동차_2849_1.wav,1m,342547.4m,102,-11,좌,중앙
2.이륜자동차_2852_1.wav,11m,1871773.6m,69,-25,우,중앙
2.이륜자동차_2853_1.wav,11m,1522992.2m,100,-24,우,중앙
2.이륜자동차_2857_1.wav,2m,615071.6m,125,-16,우,중앙
2.이륜자동차_2859_1.wav,10m,1366553.3m,88,-23,우,중앙
2.이륜자동차_2860_1.wav,10m,1867481.7m,74,-25,좌,중앙
2.이륜자동차_2861_1.wav,2m,668806.9m,123,-16,우,중앙
2.이륜자동차_2864_1.wav,12m,3042148.2m,74,-30,우,중앙
2.이륜자동차_2865_1.wav,1m,6055346.8m,75,-36,우,왼쪽
2.이륜자동차_2867_1.wav,2m,702813.1m,100,-17,우,중앙
2.이륜자동차_2869_1.wav,12m,679217.7m,119,-17,우,중앙
2.이륜자동차_2870_1.wav,11m,2436760.4m,74,-28,우,중앙
2.이륜자동차_2871_1.wav,1m,5290888.7m,75,-34,우,중앙
2.이륜자동차_2872_1.wav,10m,1289580.4m,70,-22,우,중앙
2.이륜자동차_2873_1.wav,10m,681727.7m,112,-17,우,중앙
2.이륜자동차_2874_1.wav,2m,1292902.9m,73,-22,우,중앙
2.이륜자동차_2875_1.wav,3m,498598.5m,122,-14,좌,중앙
2.이륜자동차_2876_1.wav,10m,1473949.8m,70,-23,우,중앙
2.이륜자동차_2877_1.wav,10m,505739.0m,105,-14,좌,중앙
2.이륜자동차_2879_1.wav,10m,644847.4m,107,-16,좌,중앙
2.이륜자동차_2883_1.wav,3m,470617.3m,123,-14,좌,중앙
2.이륜자동차_2885_1.wav,10m,1165274.4m,68,-21,좌,중앙
2.이륜자동차_2886_1.wav,1m,2115307.0m,118,-26,우,중앙
2.이륜자동차_2888_1.wav,10m,1488601.1m,69,-24,우,중앙
2.이륜자동차_2889_1.wav,10m,1684619.3m,76,-24,우,중앙
2.이륜자동차_2890_1.wav,3m,673992.0m,121,-17,좌,중앙
2.이륜자동차_2892_1.wav,2m,1030954.1m,98,-20,우,중앙
2.이륜자동차_2897_1.wav,1m,896726.4m,118,-19,우,중앙
2.이륜자동차_2900_1.wav,8m,1240776.2m,79,-22,우,중앙
2.이륜자동차_2904_1.wav,2m,973110.7m,111,-20,우,중앙
2.이륜자동차_2906_1.wav,15m,755497.9m,106,-18,우,왼쪽
2.이륜자동차_2909_1.wav,10m,1588352.5m,69,-24,좌,중앙
2.이륜자동차_2914_1.wav,5m,1273573.2m,68,-22,우,중앙
2.이륜자동차_2919_1.wav,12m,2424272.4m,71,-28,우,중앙
2.이륜자동차_2920_1.wav,10m,1385301.4m,94,-23,우,중앙
2.이륜자동차_2922_1.wav,1m,501184.4m,110,-14,우,중앙
2.이륜자동차_2923_1.wav,2m,724954.6m,99,-17,우,중앙
2.이륜자동차_2925_1.wav,20m,2368382.0m,73,-28,우,왼쪽
2.이륜자동차_2928_1.wav,2m,832979.2m,114,-18,우,중앙
2.이륜자동차_2930_1.wav,10m,2524270.0m,71,-28,좌,중앙
2.이륜자동차_2937_1.wav,1m,1896083.4m,100,-26,우,중앙
2.이륜자동차_2939_1.wav,10m,955156.2m,102,-20,좌,중앙
2.이륜자동차_2940_1.wav,12m,1196779.5m,96,-22,우,중앙
2.이륜자동차_2941_1.wav,4m,5551416.3m,71,-35,우,중앙
2.이륜자동차_2942_1.wav,12m,2876985.3m,93,-29,우,중앙
2.이륜자동차_2944_1.wav,12m,3328790.6m,75,-30,우,중앙
2.이륜자동차_2945_1.wav,1m,5949122.9m,70,-36,우,중앙
2.이륜자동차_2947_1.wav,15m,927659.0m,102,-19,우,왼쪽
2.이륜자동차_2951_1.wav,11m,3070306.0m,71,-30,우,중앙
2.이륜자동차_2952_1.wav,16m,3209033.7m,68,-30,우,중앙
2.이륜자동차_2953_1.wav,10m,645341.1m,113,-16,좌,중앙
2.이륜자동차_2957_1.wav,10m,1392648.4m,69,-23,우,중앙
2.이륜자동차_2958_1.wav,10m,2001852.0m,73,-26,우,중앙
2.이륜자동차_2959_1.wav,1m,3522631.5m,70,-31,우,중앙
2.이륜자동차_2964_1.wav,16m,1132805.9m,94,-21,우,중앙
2.이륜자동차_2966_1.wav,2m,614801.9m,130,-16,우,중앙
2.이륜자동차_2968_1.wav,11m,2498429.8m,74,-28,우,중앙
2.이륜자동차_2971_1.wav,3m,412127.9m,114,-12,좌,중앙
2.이륜자동차_2972_1.wav,2m,457800.7m,123,-13,우,중앙
2.이륜자동차_2974_1.wav,10m,834433.9m,108,-18,우,중앙
2.이륜자동차_2975_1.wav,10m,1395316.6m,69,-23,좌,중앙
2.이륜자동차_2977_1.wav,11m,813064.1m,118,-18,우,중앙
2.이륜자동차_2978_1.wav,1m,6041751.2m,71,-36,우,왼쪽
2.이륜자동차_2982_1.wav,3m,550226.1m,111,-15,좌,중앙
2.이륜자동차_2984_1.wav,10m,1924423.4m,68,-26,우,중앙
2.이륜자동차_2985_1.wav,10m,2484055.1m,77,-28,우,중앙
2.이륜자동차_2986_1.wav,10m,1609619.1m,71,-24,우,중앙
2.이륜자동차_2987_1.wav,10m,1229882.9m,92,-22,좌,중앙
2.이륜자동차_2989_1.wav,2m,1022521.3m,80,-20,우,중앙
2.이륜자동차_2991_1.wav,1m,1552775.7m,79,-24,우,중앙
2.이륜자동차_2993_1.wav,3m,1333789.1m,78,-22,좌,중앙
2.이륜자동차_2994_1.wav,11m,2307001.7m,70,-27,우,중앙
2.이륜자동차_2996_1.wav,1m,2240804.5m,71,-27,우,중앙
2.이륜자동차_2997_1.wav,3m,241474.5m,100,-8,좌,중앙
2.이륜자동차_2998_1.wav,1m,1193858.7m,80,-22,우,중앙
2.이륜자동차_2999_1.wav,12m,3409242.4m,69,-31,우,중앙
2.이륜자동차_3000_1.wav,15m,322427.7m,118,-10,우,왼쪽
2.이륜자동차_3002_1.wav,1m,1742763.6m,75,-25,우,중앙
2.이륜자동차_3003_1.wav,10m,1324703.2m,114,-22,우,중앙
2.이륜자동차_3004_1.wav,10m,614360.5m,107,-16,좌,중앙
2.이륜자동차_3006_1.wav,10m,573421.9m,100,-15,좌,중앙
2.이륜자동차_3010_1.wav,20m,4806199.7m,72,-34,우,왼쪽
2.이륜자동차_3013_1.wav,10m,1223757.9m,75,-22,우,중앙
2.이륜자동차_3015_1.wav,11m,1973790.9m,72,-26,우,중앙
2.이륜자동차_3016_1.wav,10m,579991.9m,117,-15,좌,중앙
2.이륜자동차_3019_1.wav,10m,452341.4m,115,-13,좌,중앙
2.이륜자동차_3020_1.wav,12m,2234073.0m,74,-27,우,중앙
2.이륜자동차_3021_1.wav,1m,5611260.4m,71,-35,우,왼쪽
2.이륜자동차_3024_1.wav,11m,911261.7m,96,-19,우,중앙
2.이륜자동차_3025_1.wav,20m,538885.0m,116,-15,좌,중앙
2.이륜자동차_3028_1.wav,10m,1224466.1m,77,-22,우,중앙
2.이륜자동차_3029_1.wav,20m,1392239.0m,70,-23,우,왼쪽
2.이륜자동차_3033_1.wav,15m,2819963.4m,73,-29,우,중앙
2.이륜자동차_3034_1.wav,16m,2126788.4m,71,-27,우,중앙
2.이륜자동차_3035_1.wav,2m,713458.7m,126,-17,우,중앙
2.이륜자동차_3036_1.wav,2m,1010169.7m,74,-20,우,중앙
2.이륜자동차_3037_1.wav,12m,632969.1m,126,-16,우,중앙
2.이륜자동차_3039_1.wav,11m,1938123.6m,69,-26,우,중앙
2.이륜자동차_3040_1.wav,10m,587474.7m,109,-15,좌,중앙
2.이륜자동차_3042_1.wav,15m,1375435.8m,93,-23,우,중앙
2.이륜자동차_3044_1.wav,10m,2731139.4m,70,-29,우,중앙
2.이륜자동차_3045_1.wav,1m,2146702.0m,74,-27,우,중앙
2.이륜자동차_3047_1.wav,20m,1203384.4m,74,-22,우,중앙
2.이륜자동차_3049_1.wav,12m,1339913.3m,75,-22,우,중앙
2.이륜자동차_3051_1.wav,10m,845402.8m,116,-18,좌,중앙
2.이륜자동차_3052_1.wav,15m,597497.7m,113,-16,우,왼쪽
2.이륜자동차_3053_1.wav,10m,567600.6m,105,-15,좌,중앙
2.이륜자동차_3054_1.wav,11m,659874.8m,120,-16,우,중앙
2.이륜자동차_3055_1.wav,12m,3374443.5m,75,-31,우,중앙
2.이륜자동차_3056_1.wav,12m,1194603.9m,106,-22,우,중앙
2.이륜자동차_3057_1.wav,2m,1003815.6m,103,-20,우,중앙
2.이륜자동차_3058_1.wav,12m,1492133.7m,69,-24,우,중앙
2.이륜자동차_3059_1.wav,12m,745145.2m,121,-17,우,중앙
2.이륜자동차_3060_1.wav,2m,765689.1m,122,-18,우,중앙
2.이륜자동차_3061_1.wav,20m,1614876.9m,70,-24,우,왼쪽
2.이륜자동차_3062_1.wav,3m,349777.8m,118,-11,좌,중앙
2.이륜자동차_3063_1.wav,3m,562688.4m,125,-15,좌,중앙
2.이륜자동차_3064_1.wav,12m,2613655.1m,69,-28,우,중앙
2.이륜자동차_3066_1.wav,2m,836484.5m,117,-18,우,중앙
2.이륜자동차_3069_1.wav,11m,1565637.0m,69,-24,우,중앙
2.이륜자동차_3072_1.wav,16m,1363537.8m,100,-23,우,중앙
2.이륜자동차_3076_1.wav,10m,586428.3m,104,-15,좌,중앙
2.이륜자동차_3078_1.wav,11m,5470382.3m,71,-35,우,중앙
2.이륜자동차_3081_1.wav,5m,1182810.9m,74,-22,우,오른쪽
2.이륜자동차_3082_1.wav,1m,1387840.7m,118,-23,우,중앙
2.이륜자동차_3083_1.wav,10m,278777.5m,113,-9,좌,중앙
2.이륜자동차_3085_1.wav,20m,3093322.6m,71,-30,우,왼쪽
