wav_file,json_decibel,wav_peak_spl,wav_rms_spl,json_direction,wav_predicted_direction,spl_difference_peak,spl_difference_rms,match_direction
1.자동차_1000_1.wav,122.0,94.0,73.2,우,좌,28.0,48.8,False
1.자동차_1001_1.wav,105.0,90.9,74.8,좌,중앙,14.1,30.2,False
1.자동차_1008_1.wav,71.0,82.2,64.8,우,중앙,11.2,6.2,False
1.자동차_1010_1.wav,74.0,85.0,68.8,좌,중앙,11.0,5.2,False
1.자동차_1011_1.wav,120.0,90.8,75.7,우,중앙,29.2,44.3,False
1.자동차_1012_1.wav,70.0,79.0,65.1,좌,중앙,9.0,4.9,False
1.자동차_1013_1.wav,69.0,84.7,67.0,우,중앙,15.7,2.0,False
1.자동차_1017_1.wav,106.0,94.0,76.6,우,중앙,12.0,29.4,False
1.자동차_1018_1.wav,126.0,90.4,75.2,우,중앙,35.6,50.8,False
1.자동차_1020_1.wav,70.0,84.0,65.6,좌,중앙,14.0,4.4,False
1.자동차_1025_1.wav,121.0,91.1,70.9,우,좌,29.9,50.1,False
1.자동차_1028_1.wav,112.0,94.0,73.2,좌,중앙,18.0,38.8,False
1.자동차_102_1.wav,118.0,94.0,83.7,좌,좌,24.0,34.3,True
1.자동차_1030_1.wav,69.0,86.2,69.6,우,중앙,17.2,0.6,False
1.자동차_1033_1.wav,72.0,85.3,68.4,우,중앙,13.3,3.6,False
1.자동차_1040_1.wav,93.0,89.0,74.0,우,중앙,4.0,19.0,False
1.자동차_1041_1.wav,110.0,90.5,72.2,우,중앙,19.5,37.8,False
1.자동차_1045_1.wav,93.0,89.0,73.0,우,좌,4.0,20.0,False
1.자동차_1046_1.wav,101.0,90.1,73.6,우,중앙,10.9,27.4,False
1.자동차_1047_1.wav,71.0,80.0,64.6,우,중앙,9.0,6.4,False
1.자동차_1050_1.wav,121.0,91.1,72.5,좌,중앙,29.9,48.5,False
1.자동차_1052_1.wav,118.0,90.3,72.8,우,중앙,27.7,45.2,False
1.자동차_1053_1.wav,97.0,89.8,72.1,좌,중앙,7.2,24.9,False
1.자동차_1054_1.wav,91.0,87.0,70.5,좌,중앙,4.0,20.5,False
1.자동차_1056_1.wav,81.0,86.4,70.1,우,중앙,5.4,10.9,False
1.자동차_1058_1.wav,75.0,77.7,62.6,좌,중앙,2.7,12.4,False
1.자동차_1060_1.wav,118.0,91.4,72.9,좌,중앙,26.6,45.1,False
1.자동차_1061_1.wav,88.0,87.8,71.6,우,중앙,0.2,16.4,False
1.자동차_1062_1.wav,115.0,88.8,76.0,우,중앙,26.2,39.0,False
1.자동차_1063_1.wav,118.0,89.6,72.5,우,중앙,28.4,45.5,False
1.자동차_1064_1.wav,68.0,79.0,63.5,우,중앙,11.0,4.5,False
1.자동차_1065_1.wav,76.0,86.5,70.8,우,중앙,10.5,5.2,False
1.자동차_1066_1.wav,82.0,87.1,67.7,우,중앙,5.1,14.3,False
1.자동차_1067_1.wav,106.0,89.2,73.6,우,중앙,16.8,32.4,False
1.자동차_1069_1.wav,92.0,86.0,67.2,우,중앙,6.0,24.8,False
1.자동차_106_1.wav,71.0,85.7,72.3,우,중앙,14.7,1.3,False
1.자동차_1070_1.wav,72.0,81.1,64.7,좌,중앙,9.1,7.3,False
1.자동차_1071_1.wav,98.0,88.5,72.8,우,중앙,9.5,25.2,False
1.자동차_1075_1.wav,124.0,90.5,71.2,우,좌,33.5,52.8,False
1.자동차_1076_1.wav,81.0,86.4,72.4,우,중앙,5.4,8.6,False
1.자동차_1077_1.wav,71.0,78.1,64.8,좌,중앙,7.1,6.2,False
1.자동차_1079_1.wav,95.0,91.0,70.3,좌,중앙,4.0,24.7,False
1.자동차_1080_1.wav,119.0,90.1,75.5,우,중앙,28.9,43.5,False
1.자동차_1082_1.wav,73.0,83.0,65.8,우,중앙,10.0,7.2,False
1.자동차_1085_1.wav,75.0,84.3,66.8,우,좌,9.3,8.2,False
1.자동차_1087_1.wav,88.0,89.1,72.1,우,좌,1.1,15.9,False
1.자동차_1088_1.wav,101.0,89.6,70.7,우,중앙,11.4,30.3,False
1.자동차_108_1.wav,89.0,85.5,74.3,우,중앙,3.5,14.7,False
1.자동차_1091_1.wav,74.0,82.7,67.0,우,중앙,8.7,7.0,False
1.자동차_1093_1.wav,69.0,84.3,70.3,우,중앙,15.3,1.3,False
1.자동차_1094_1.wav,73.0,79.3,64.5,좌,좌,6.3,8.5,True
1.자동차_1095_1.wav,85.0,84.6,69.7,우,중앙,0.4,15.3,False
1.자동차_1096_1.wav,107.0,89.5,75.0,우,중앙,17.5,32.0,False
1.자동차_1098_1.wav,73.0,87.1,71.4,우,좌,14.1,1.6,False
1.자동차_1100_1.wav,74.0,81.4,64.7,좌,중앙,7.4,9.3,False
1.자동차_1108_1.wav,105.0,90.7,74.0,좌,중앙,14.3,31.0,False
1.자동차_110_1.wav,113.0,93.5,80.4,좌,중앙,19.5,32.6,False
1.자동차_1110_1.wav,71.0,81.7,65.7,우,중앙,10.7,5.3,False
1.자동차_1113_1.wav,119.0,93.7,72.8,우,좌,25.3,46.2,False
1.자동차_1114_1.wav,102.0,89.2,66.7,우,중앙,12.8,35.3,False
1.자동차_1115_1.wav,110.0,92.2,75.1,좌,중앙,17.8,34.9,False
1.자동차_1116_1.wav,113.0,93.3,72.2,우,중앙,19.7,40.8,False
1.자동차_1118_1.wav,76.0,87.2,71.5,우,중앙,11.2,4.5,False
1.자동차_111_1.wav,70.0,87.9,73.7,우,중앙,17.9,3.7,False
1.자동차_1120_1.wav,120.0,93.1,74.6,좌,중앙,26.9,45.4,False
1.자동차_1121_1.wav,108.0,91.8,74.2,우,중앙,16.2,33.8,False
1.자동차_1122_1.wav,73.0,84.5,66.9,우,중앙,11.5,6.1,False
1.자동차_1125_1.wav,121.0,94.0,80.1,좌,중앙,27.0,40.9,False
1.자동차_1126_1.wav,89.0,88.7,73.2,우,중앙,0.3,15.8,False
1.자동차_1127_1.wav,111.0,90.7,75.7,우,중앙,20.3,35.3,False
1.자동차_1128_1.wav,102.0,89.3,73.6,우,중앙,12.7,28.4,False
1.자동차_112_1.wav,89.0,89.7,73.9,우,중앙,0.7,15.1,False
1.자동차_1130_1.wav,117.0,88.8,74.0,우,중앙,28.2,43.0,False
1.자동차_1132_1.wav,87.0,88.7,70.9,우,중앙,1.7,16.1,False
1.자동차_1133_1.wav,125.0,92.2,73.3,좌,중앙,32.8,51.7,False
1.자동차_1134_1.wav,85.0,88.3,73.1,우,중앙,3.3,11.9,False
1.자동차_1136_1.wav,107.0,90.1,73.9,우,중앙,16.9,33.1,False
1.자동차_1138_1.wav,69.0,82.6,64.5,우,중앙,13.6,4.5,False
1.자동차_1139_1.wav,72.0,83.6,69.0,우,중앙,11.6,3.0,False
1.자동차_1141_1.wav,72.0,78.9,63.1,좌,중앙,6.9,8.9,False
1.자동차_1142_1.wav,114.0,91.1,74.6,우,중앙,22.9,39.4,False
1.자동차_1143_1.wav,86.0,87.2,69.5,우,중앙,1.2,16.5,False
1.자동차_1144_1.wav,128.0,89.4,74.5,우,중앙,38.6,53.5,False
1.자동차_1148_1.wav,69.0,83.4,65.9,우,중앙,14.4,3.1,False
1.자동차_1149_1.wav,73.0,83.5,69.5,우,중앙,10.5,3.5,False
1.자동차_114_1.wav,89.0,87.4,75.2,우,중앙,1.6,13.8,False
1.자동차_1150_1.wav,68.0,84.8,67.3,우,좌,16.8,0.7,False
1.자동차_1151_1.wav,71.0,87.9,71.8,우,중앙,16.9,0.8,False
1.자동차_1153_1.wav,71.0,83.4,69.2,좌,중앙,12.4,1.8,False
1.자동차_1155_1.wav,101.0,91.0,74.8,좌,중앙,10.0,26.2,False
1.자동차_1156_1.wav,115.0,94.0,78.0,좌,중앙,21.0,37.0,False
1.자동차_1159_1.wav,101.0,93.9,77.2,우,중앙,7.1,23.8,False
1.자동차_1161_1.wav,69.0,86.5,68.6,우,좌,17.5,0.4,False
1.자동차_1164_1.wav,71.0,84.9,67.3,좌,좌,13.9,3.7,True
1.자동차_1165_1.wav,102.0,92.2,72.7,우,좌,9.8,29.3,False
1.자동차_1166_1.wav,90.0,88.1,72.7,우,중앙,1.9,17.3,False
1.자동차_1169_1.wav,68.0,80.0,64.0,우,중앙,12.0,4.0,False
1.자동차_116_1.wav,117.0,94.0,81.1,우,중앙,23.0,35.9,False
1.자동차_1170_1.wav,117.0,90.9,73.4,우,중앙,26.1,43.6,False
1.자동차_1171_1.wav,116.0,88.1,71.1,우,중앙,27.9,44.9,False
1.자동차_1174_1.wav,74.0,74.5,59.5,우,중앙,0.5,14.5,False
1.자동차_1175_1.wav,73.0,84.9,70.9,우,중앙,11.9,2.1,False
1.자동차_1176_1.wav,109.0,89.5,71.9,우,중앙,19.5,37.1,False
1.자동차_1177_1.wav,69.0,83.5,67.1,좌,중앙,14.5,1.9,False
1.자동차_1178_1.wav,115.0,91.1,74.9,우,중앙,23.9,40.1,False
1.자동차_1179_1.wav,72.0,78.7,64.5,좌,중앙,6.7,7.5,False
1.자동차_1182_1.wav,119.0,87.9,75.3,우,중앙,31.1,43.7,False
1.자동차_1183_1.wav,73.0,81.0,66.2,우,중앙,8.0,6.8,False
1.자동차_1184_1.wav,82.0,86.7,72.3,우,중앙,4.7,9.7,False
1.자동차_1185_1.wav,101.0,88.1,68.6,우,중앙,12.9,32.4,False
1.자동차_1187_1.wav,122.0,89.2,74.1,우,중앙,32.8,47.9,False
1.자동차_1188_1.wav,88.0,86.8,73.2,우,중앙,1.2,14.8,False
1.자동차_1189_1.wav,68.0,79.0,65.3,좌,중앙,11.0,2.7,False
1.자동차_1193_1.wav,73.0,84.7,71.0,우,중앙,11.7,2.0,False
1.자동차_1196_1.wav,72.0,88.6,69.4,우,중앙,16.6,2.6,False
1.자동차_1198_1.wav,75.0,86.4,68.2,우,중앙,11.4,6.8,False
1.자동차_1201_1.wav,72.0,80.0,65.0,우,중앙,8.0,7.0,False
1.자동차_1202_1.wav,75.0,83.0,68.1,우,중앙,8.0,6.9,False
1.자동차_1205_1.wav,74.0,81.7,67.2,우,중앙,7.7,6.8,False
1.자동차_1208_1.wav,69.0,84.3,69.5,우,중앙,15.3,0.5,False
1.자동차_1210_1.wav,106.0,93.4,74.4,우,중앙,12.6,31.6,False
1.자동차_1211_1.wav,70.0,85.6,70.0,우,중앙,15.6,0.0,False
1.자동차_1216_1.wav,81.0,87.7,72.6,우,중앙,6.7,8.4,False
1.자동차_1217_1.wav,118.0,90.7,73.3,우,좌,27.3,44.7,False
1.자동차_1218_1.wav,75.0,80.2,62.8,우,중앙,5.2,12.2,False
1.자동차_1219_1.wav,101.0,90.0,73.3,우,중앙,11.0,27.7,False
1.자동차_1220_1.wav,71.0,86.0,70.0,우,중앙,15.0,1.0,False
1.자동차_1221_1.wav,125.0,94.0,78.6,좌,중앙,31.0,46.4,False
1.자동차_1223_1.wav,70.0,82.7,65.0,우,중앙,12.7,5.0,False
1.자동차_1227_1.wav,73.0,87.6,71.9,좌,중앙,14.6,1.1,False
1.자동차_1231_1.wav,82.0,86.9,71.5,우,중앙,4.9,10.5,False
1.자동차_1233_1.wav,111.0,90.0,71.5,우,좌,21.0,39.5,False
1.자동차_1236_1.wav,110.0,88.7,65.9,좌,중앙,21.3,44.1,False
1.자동차_1237_1.wav,107.0,90.5,72.6,좌,중앙,16.5,34.4,False
1.자동차_1238_1.wav,86.0,88.8,71.6,좌,중앙,2.8,14.4,False
1.자동차_1242_1.wav,116.0,94.0,83.7,우,중앙,22.0,32.3,False
1.자동차_1243_1.wav,68.0,84.4,70.6,우,중앙,16.4,2.6,False
1.자동차_1246_1.wav,74.0,84.5,70.8,우,중앙,10.5,3.2,False
1.자동차_1247_1.wav,69.0,84.2,70.6,우,중앙,15.2,1.6,False
1.자동차_1250_1.wav,94.0,88.4,73.2,우,중앙,5.6,20.8,False
1.자동차_1253_1.wav,75.0,78.9,65.6,좌,중앙,3.9,9.4,False
1.자동차_1256_1.wav,79.0,86.8,71.4,우,중앙,7.8,7.6,False
1.자동차_1258_1.wav,71.0,85.3,67.4,우,중앙,14.3,3.6,False
1.자동차_1259_1.wav,105.0,92.2,73.0,우,중앙,12.8,32.0,False
1.자동차_1266_1.wav,83.0,89.7,71.4,우,중앙,6.7,11.6,False
1.자동차_1267_1.wav,69.0,83.8,70.8,우,중앙,14.8,1.8,False
1.자동차_1270_1.wav,108.0,90.5,72.5,좌,중앙,17.5,35.5,False
1.자동차_1272_1.wav,68.0,88.4,71.5,우,중앙,20.4,3.5,False
1.자동차_1273_1.wav,72.0,80.3,65.4,좌,중앙,8.3,6.6,False
1.자동차_1274_1.wav,71.0,80.9,65.2,좌,중앙,9.9,5.8,False
1.자동차_1275_1.wav,122.0,91.1,73.0,우,중앙,30.9,49.0,False
1.자동차_1276_1.wav,68.0,85.6,70.9,우,중앙,17.6,2.9,False
1.자동차_1277_1.wav,108.0,91.0,73.7,우,좌,17.0,34.3,False
1.자동차_127_1.wav,111.0,94.0,81.5,좌,좌,17.0,29.5,True
1.자동차_1281_1.wav,71.0,84.2,68.2,우,좌,13.2,2.8,False
1.자동차_1283_1.wav,116.0,89.5,70.9,우,중앙,26.5,45.1,False
1.자동차_1284_1.wav,80.0,88.1,70.9,우,중앙,8.1,9.1,False
1.자동차_1287_1.wav,100.0,94.0,78.3,좌,중앙,6.0,21.7,False
1.자동차_128_1.wav,74.0,78.2,63.8,우,중앙,4.2,10.2,False
1.자동차_1290_1.wav,79.0,86.5,72.4,우,중앙,7.5,6.6,False
1.자동차_1291_1.wav,73.0,85.3,65.7,우,중앙,12.3,7.3,False
1.자동차_1294_1.wav,110.0,88.3,71.9,우,중앙,21.7,38.1,False
1.자동차_1295_1.wav,83.0,87.5,69.4,우,중앙,4.5,13.6,False
1.자동차_1296_1.wav,74.0,84.7,70.6,우,중앙,10.7,3.4,False
1.자동차_1298_1.wav,119.0,91.8,73.3,좌,중앙,27.2,45.7,False
1.자동차_129_1.wav,69.0,88.5,71.9,우,우,19.5,2.9,True
1.자동차_12_1.wav,70.0,82.5,68.2,우,중앙,12.5,1.8,False
1.자동차_1300_1.wav,103.0,89.2,73.8,우,중앙,13.8,29.2,False
1.자동차_1301_1.wav,74.0,82.0,68.1,우,중앙,8.0,5.9,False
1.자동차_1302_1.wav,98.0,91.2,69.6,우,중앙,6.8,28.4,False
1.자동차_1303_1.wav,119.0,89.3,74.1,우,중앙,29.7,44.9,False
1.자동차_1304_1.wav,108.0,89.5,73.8,우,중앙,18.5,34.2,False
1.자동차_1305_1.wav,72.0,83.6,68.7,우,중앙,11.6,3.3,False
1.자동차_1306_1.wav,69.0,83.0,68.1,우,중앙,14.0,0.9,False
1.자동차_1307_1.wav,72.0,83.2,67.2,우,중앙,11.2,4.8,False
1.자동차_1308_1.wav,69.0,84.9,63.1,우,중앙,15.9,5.9,False
1.자동차_1309_1.wav,119.0,92.2,72.6,우,좌,26.8,46.4,False
1.자동차_1312_1.wav,74.0,85.4,71.6,우,중앙,11.4,2.4,False
1.자동차_1313_1.wav,80.0,88.1,73.6,우,중앙,8.1,6.4,False
1.자동차_1314_1.wav,114.0,91.2,72.6,좌,중앙,22.8,41.4,False
1.자동차_1316_1.wav,118.0,88.3,75.7,우,좌,29.7,42.3,False
1.자동차_131_1.wav,73.0,81.8,67.0,우,중앙,8.8,6.0,False
1.자동차_1322_1.wav,70.0,86.3,70.5,우,중앙,16.3,0.5,False
1.자동차_1323_1.wav,76.0,87.6,73.5,좌,중앙,11.6,2.5,False
1.자동차_1324_1.wav,109.0,94.0,73.2,좌,중앙,15.0,35.8,False
1.자동차_1326_1.wav,111.0,87.5,72.3,좌,중앙,23.5,38.7,False
1.자동차_1327_1.wav,121.0,90.2,73.4,좌,중앙,30.8,47.6,False
1.자동차_1329_1.wav,74.0,88.0,70.6,좌,중앙,14.0,3.4,False
1.자동차_1330_1.wav,105.0,93.5,77.2,우,중앙,11.5,27.8,False
1.자동차_1331_1.wav,103.0,88.4,67.8,우,중앙,14.6,35.2,False
1.자동차_133_1.wav,114.0,90.4,77.2,좌,중앙,23.6,36.8,False
1.자동차_1342_1.wav,101.0,87.3,73.2,우,중앙,13.7,27.8,False
1.자동차_1343_1.wav,75.0,86.6,68.3,우,중앙,11.6,6.7,False
1.자동차_1349_1.wav,106.0,89.7,71.5,우,중앙,16.3,34.5,False
1.자동차_1350_1.wav,73.0,85.5,71.5,우,중앙,12.5,1.5,False
1.자동차_1351_1.wav,87.0,88.7,67.4,우,중앙,1.7,19.6,False
1.자동차_1354_1.wav,95.0,90.3,71.5,우,중앙,4.7,23.5,False
1.자동차_1356_1.wav,70.0,84.1,68.9,좌,중앙,14.1,1.1,False
1.자동차_1357_1.wav,72.0,86.7,71.5,좌,중앙,14.7,0.5,False
1.자동차_1360_1.wav,110.0,90.5,72.8,우,중앙,19.5,37.2,False
1.자동차_1361_1.wav,102.0,88.8,70.4,우,중앙,13.2,31.6,False
1.자동차_1364_1.wav,82.0,89.2,72.9,좌,중앙,7.2,9.1,False
1.자동차_1371_1.wav,99.0,93.8,71.7,좌,중앙,5.2,27.3,False
1.자동차_1373_1.wav,77.0,88.0,72.7,우,중앙,11.0,4.3,False
1.자동차_1374_1.wav,106.0,91.6,73.4,우,좌,14.4,32.6,False
1.자동차_1375_1.wav,69.0,80.7,66.4,좌,중앙,11.7,2.6,False
1.자동차_1376_1.wav,87.0,87.7,70.7,좌,중앙,0.7,16.3,False
1.자동차_1377_1.wav,84.0,87.4,71.1,우,중앙,3.4,12.9,False
1.자동차_1378_1.wav,69.0,85.0,69.6,우,중앙,16.0,0.6,False
1.자동차_1379_1.wav,95.0,88.9,70.9,우,좌,6.1,24.1,False
1.자동차_1380_1.wav,71.0,77.5,62.9,우,중앙,6.5,8.1,False
1.자동차_1385_1.wav,115.0,94.0,71.9,좌,중앙,21.0,43.1,False
1.자동차_1387_1.wav,106.0,93.7,72.3,좌,중앙,12.3,33.7,False
1.자동차_138_1.wav,75.0,86.9,74.6,우,중앙,11.9,0.4,False
1.자동차_1390_1.wav,73.0,85.6,71.2,우,중앙,12.6,1.8,False
1.자동차_1391_1.wav,99.0,87.2,70.8,좌,중앙,11.8,28.2,False
1.자동차_1392_1.wav,80.0,86.6,70.8,우,중앙,6.6,9.2,False
1.자동차_1393_1.wav,119.0,90.3,72.5,우,중앙,28.7,46.5,False
1.자동차_1397_1.wav,73.0,83.5,64.1,우,중앙,10.5,8.9,False
1.자동차_1398_1.wav,107.0,92.3,77.1,우,중앙,14.7,29.9,False
1.자동차_139_1.wav,78.0,86.5,73.3,우,중앙,8.5,4.7,False
1.자동차_1401_1.wav,68.0,80.5,66.0,우,중앙,12.5,2.0,False
1.자동차_1404_1.wav,71.0,81.9,65.2,우,중앙,10.9,5.8,False
1.자동차_1405_1.wav,70.0,87.9,69.9,우,중앙,17.9,0.1,False
1.자동차_1406_1.wav,74.0,82.8,66.8,우,중앙,8.8,7.2,False
1.자동차_1407_1.wav,110.0,87.4,70.5,우,좌,22.6,39.5,False
1.자동차_1410_1.wav,85.0,88.0,73.9,우,중앙,3.0,11.1,False
1.자동차_1411_1.wav,71.0,79.9,64.0,우,중앙,8.9,7.0,False
1.자동차_1412_1.wav,126.0,89.8,74.1,우,중앙,36.2,51.9,False
1.자동차_1413_1.wav,127.0,90.0,73.3,우,중앙,37.0,53.7,False
1.자동차_1414_1.wav,69.0,85.3,68.9,우,중앙,16.3,0.1,False
1.자동차_1415_1.wav,112.0,90.4,74.7,우,중앙,21.6,37.3,False
1.자동차_1416_1.wav,71.0,86.0,68.9,우,중앙,15.0,2.1,False
1.자동차_1417_1.wav,68.0,82.4,67.4,우,중앙,14.4,0.6,False
1.자동차_1418_1.wav,84.0,85.3,70.5,우,중앙,1.3,13.5,False
1.자동차_141_1.wav,77.0,87.9,76.1,우,중앙,10.9,0.9,False
1.자동차_1420_1.wav,78.0,86.3,70.7,우,중앙,8.3,7.3,False
1.자동차_1421_1.wav,122.0,90.9,73.9,좌,중앙,31.1,48.1,False
1.자동차_1429_1.wav,68.0,79.1,63.9,좌,중앙,11.1,4.1,False
1.자동차_1430_1.wav,89.0,86.5,74.4,우,중앙,2.5,14.6,False
1.자동차_1432_1.wav,75.0,84.9,68.3,우,중앙,9.9,6.7,False
1.자동차_1433_1.wav,78.0,88.4,69.0,우,중앙,10.4,9.0,False
1.자동차_1434_1.wav,74.0,86.3,69.7,좌,중앙,12.3,4.3,False
1.자동차_1437_1.wav,74.0,80.9,64.7,좌,중앙,6.9,9.3,False
1.자동차_1438_1.wav,70.0,86.3,71.3,우,중앙,16.3,1.3,False
1.자동차_1440_1.wav,108.0,92.4,73.8,우,좌,15.6,34.2,False
1.자동차_1441_1.wav,72.0,85.8,70.6,우,중앙,13.8,1.4,False
1.자동차_1442_1.wav,119.0,89.6,70.1,우,중앙,29.4,48.9,False
1.자동차_1443_1.wav,92.0,88.2,69.5,우,중앙,3.8,22.5,False
1.자동차_1444_1.wav,73.0,87.1,72.9,좌,중앙,14.1,0.1,False
1.자동차_1445_1.wav,78.0,87.2,70.7,우,중앙,9.2,7.3,False
1.자동차_1446_1.wav,107.0,94.0,73.3,좌,중앙,13.0,33.7,False
1.자동차_1447_1.wav,69.0,86.3,72.0,우,중앙,17.3,3.0,False
1.자동차_1448_1.wav,98.0,88.3,72.3,우,중앙,9.7,25.7,False
1.자동차_1450_1.wav,100.0,89.9,70.8,좌,중앙,10.1,29.2,False
1.자동차_1454_1.wav,122.0,87.9,66.3,좌,중앙,34.1,55.7,False
1.자동차_1455_1.wav,97.0,91.1,73.2,우,중앙,5.9,23.8,False
1.자동차_1458_1.wav,106.0,89.2,74.7,우,중앙,16.8,31.3,False
1.자동차_1459_1.wav,103.0,92.4,73.6,좌,중앙,10.6,29.4,False
1.자동차_145_1.wav,80.0,85.6,73.3,우,중앙,5.6,6.7,False
1.자동차_1460_1.wav,93.0,88.5,73.3,우,중앙,4.5,19.7,False
1.자동차_1461_1.wav,126.0,90.4,72.9,우,중앙,35.6,53.1,False
1.자동차_1463_1.wav,90.0,88.6,72.3,우,중앙,1.4,17.7,False
1.자동차_1464_1.wav,75.0,83.6,65.8,우,중앙,8.6,9.2,False
1.자동차_1466_1.wav,74.0,79.8,63.6,좌,중앙,5.8,10.4,False
1.자동차_1468_1.wav,81.0,87.6,71.0,우,좌,6.6,10.0,False
1.자동차_1469_1.wav,70.0,78.8,61.6,우,중앙,8.8,8.4,False
1.자동차_1470_1.wav,98.0,87.1,72.9,우,중앙,10.9,25.1,False
1.자동차_1471_1.wav,69.0,85.3,70.7,우,중앙,16.3,1.7,False
1.자동차_1474_1.wav,101.0,94.0,74.2,좌,중앙,7.0,26.8,False
1.자동차_1475_1.wav,68.0,78.8,62.2,좌,중앙,10.8,5.8,False
1.자동차_1476_1.wav,83.0,87.7,71.2,우,중앙,4.7,11.8,False
1.자동차_1477_1.wav,68.0,85.8,69.1,우,중앙,17.8,1.1,False
1.자동차_1478_1.wav,78.0,88.3,71.3,우,중앙,10.3,6.7,False
1.자동차_1479_1.wav,75.0,83.9,66.8,우,중앙,8.9,8.2,False
1.자동차_1480_1.wav,98.0,86.5,71.8,우,중앙,11.5,26.2,False
1.자동차_1481_1.wav,77.0,87.5,71.8,우,중앙,10.5,5.2,False
1.자동차_1482_1.wav,75.0,83.0,65.3,우,중앙,8.0,9.7,False
1.자동차_1483_1.wav,103.0,90.7,74.0,우,중앙,12.3,29.0,False
1.자동차_1489_1.wav,125.0,92.8,75.3,우,좌,32.2,49.7,False
1.자동차_1490_1.wav,109.0,91.2,73.7,우,중앙,17.8,35.3,False
1.자동차_1492_1.wav,105.0,89.1,73.8,우,좌,15.9,31.2,False
1.자동차_1495_1.wav,112.0,92.8,76.8,우,중앙,19.2,35.2,False
1.자동차_1496_1.wav,71.0,86.1,68.3,우,중앙,15.1,2.7,False
1.자동차_1497_1.wav,74.0,84.7,72.0,우,중앙,10.7,2.0,False
1.자동차_1499_1.wav,112.0,94.0,80.4,좌,중앙,18.0,31.6,False
1.자동차_149_1.wav,122.0,94.0,82.2,좌,중앙,28.0,39.8,False
1.자동차_1501_1.wav,75.0,85.3,69.0,우,중앙,10.3,6.0,False
1.자동차_1503_1.wav,102.0,89.8,70.6,우,중앙,12.2,31.4,False
1.자동차_1504_1.wav,75.0,82.6,68.8,우,중앙,7.6,6.2,False
1.자동차_1505_1.wav,75.0,85.9,70.2,우,중앙,10.9,4.8,False
1.자동차_150_1.wav,89.0,87.5,74.0,우,중앙,1.5,15.0,False
1.자동차_1510_1.wav,108.0,90.4,73.0,우,중앙,17.6,35.0,False
1.자동차_1515_1.wav,102.0,87.7,72.0,우,중앙,14.3,30.0,False
1.자동차_1517_1.wav,70.0,85.4,65.8,우,중앙,15.4,4.2,False
1.자동차_1519_1.wav,76.0,86.6,70.2,우,좌,10.6,5.8,False
1.자동차_151_1.wav,119.0,91.2,78.4,좌,중앙,27.8,40.6,False
1.자동차_1521_1.wav,113.0,90.0,74.5,좌,중앙,23.0,38.5,False
1.자동차_1522_1.wav,118.0,90.7,74.5,우,좌,27.3,43.5,False
1.자동차_1527_1.wav,69.0,84.7,70.3,우,중앙,15.7,1.3,False
1.자동차_1528_1.wav,76.0,87.6,70.4,우,중앙,11.6,5.6,False
1.자동차_1529_1.wav,103.0,90.2,73.0,우,중앙,12.8,30.0,False
1.자동차_1530_1.wav,93.0,88.7,72.5,좌,중앙,4.3,20.5,False
1.자동차_1531_1.wav,74.0,83.6,69.5,우,중앙,9.6,4.5,False
1.자동차_1534_1.wav,107.0,91.4,71.5,우,중앙,15.6,35.5,False
1.자동차_1536_1.wav,87.0,88.7,72.7,우,중앙,1.7,14.3,False
1.자동차_153_1.wav,70.0,89.8,74.6,우,우,19.8,4.6,True
1.자동차_1541_1.wav,68.0,85.9,71.2,우,중앙,17.9,3.2,False
1.자동차_1542_1.wav,89.0,87.3,69.4,우,중앙,1.7,19.6,False
1.자동차_1543_1.wav,104.0,93.2,72.4,우,중앙,10.8,31.6,False
1.자동차_1546_1.wav,72.0,85.0,69.5,우,중앙,13.0,2.5,False
1.자동차_1547_1.wav,68.0,82.2,67.3,우,중앙,14.2,0.7,False
1.자동차_1549_1.wav,78.0,87.7,70.2,우,중앙,9.7,7.8,False
1.자동차_1552_1.wav,72.0,85.7,63.7,우,중앙,13.7,8.3,False
1.자동차_1553_1.wav,73.0,91.0,71.8,좌,중앙,18.0,1.2,False
1.자동차_1554_1.wav,94.0,87.1,72.5,우,중앙,6.9,21.5,False
1.자동차_1556_1.wav,126.0,92.5,77.0,좌,중앙,33.5,49.0,False
1.자동차_1558_1.wav,84.0,88.4,73.0,우,중앙,4.4,11.0,False
1.자동차_1559_1.wav,70.0,81.4,66.5,좌,중앙,11.4,3.5,False
1.자동차_1562_1.wav,84.0,86.5,72.4,우,중앙,2.5,11.6,False
1.자동차_1564_1.wav,69.0,87.3,72.7,좌,중앙,18.3,3.7,False
1.자동차_1565_1.wav,102.0,90.5,67.3,우,좌,11.5,34.7,False
1.자동차_1567_1.wav,71.0,83.5,68.6,우,중앙,12.5,2.4,False
1.자동차_1568_1.wav,114.0,94.0,85.8,우,중앙,20.0,28.2,False
1.자동차_1569_1.wav,78.0,85.9,70.8,우,중앙,7.9,7.2,False
1.자동차_1570_1.wav,84.0,85.8,69.4,우,중앙,1.8,14.6,False
1.자동차_1571_1.wav,105.0,87.1,70.9,우,중앙,17.9,34.1,False
1.자동차_1574_1.wav,69.0,84.1,68.5,우,중앙,15.1,0.5,False
1.자동차_1577_1.wav,69.0,85.8,69.8,우,중앙,16.8,0.8,False
1.자동차_1578_1.wav,121.0,94.0,72.9,우,중앙,27.0,48.1,False
1.자동차_1579_1.wav,122.0,94.0,71.5,좌,중앙,28.0,50.5,False
1.자동차_1582_1.wav,84.0,88.5,70.7,우,중앙,4.5,13.3,False
1.자동차_1586_1.wav,74.0,80.7,65.4,좌,중앙,6.7,8.6,False
1.자동차_1589_1.wav,121.0,90.9,74.2,우,중앙,30.1,46.8,False
1.자동차_1593_1.wav,97.0,93.7,73.9,우,중앙,3.3,23.1,False
1.자동차_1595_1.wav,69.0,81.2,66.4,우,중앙,12.2,2.6,False
1.자동차_1597_1.wav,74.0,86.9,70.8,우,중앙,12.9,3.2,False
1.자동차_159_1.wav,75.0,82.3,68.4,우,중앙,7.3,6.6,False
1.자동차_1601_1.wav,68.0,77.9,63.7,좌,중앙,9.9,4.3,False
1.자동차_1602_1.wav,70.0,80.1,64.4,우,중앙,10.1,5.6,False
1.자동차_1604_1.wav,74.0,82.1,67.6,우,중앙,8.1,6.4,False
1.자동차_1608_1.wav,89.0,88.9,68.6,우,중앙,0.1,20.4,False
1.자동차_1610_1.wav,75.0,79.5,62.2,우,중앙,4.5,12.8,False
1.자동차_1613_1.wav,73.0,84.1,65.7,우,중앙,11.1,7.3,False
1.자동차_1616_1.wav,97.0,87.9,71.9,우,중앙,9.1,25.1,False
1.자동차_1618_1.wav,86.0,87.6,72.6,우,중앙,1.6,13.4,False
1.자동차_1619_1.wav,121.0,94.0,77.7,좌,중앙,27.0,43.3,False
1.자동차_1621_1.wav,68.0,84.5,67.9,우,중앙,16.5,0.1,False
1.자동차_1622_1.wav,106.0,90.8,71.2,우,중앙,15.2,34.8,False
1.자동차_1623_1.wav,88.0,87.6,72.7,우,좌,0.4,15.3,False
1.자동차_1624_1.wav,73.0,82.3,68.6,우,중앙,9.3,4.4,False
1.자동차_1625_1.wav,117.0,94.0,74.1,좌,중앙,23.0,42.9,False
1.자동차_1631_1.wav,69.0,87.1,71.5,우,중앙,18.1,2.5,False
1.자동차_1632_1.wav,107.0,94.0,76.7,우,중앙,13.0,30.3,False
1.자동차_1633_1.wav,92.0,86.6,70.4,우,중앙,5.4,21.6,False
1.자동차_1634_1.wav,70.0,84.4,65.2,우,중앙,14.4,4.8,False
1.자동차_1636_1.wav,105.0,89.2,73.9,우,중앙,15.8,31.1,False
1.자동차_1637_1.wav,78.0,86.1,71.8,우,중앙,8.1,6.2,False
1.자동차_1638_1.wav,83.0,87.1,71.3,우,중앙,4.1,11.7,False
1.자동차_1639_1.wav,101.0,89.6,72.6,우,중앙,11.4,28.4,False
1.자동차_1641_1.wav,73.0,83.4,69.8,우,중앙,10.4,3.2,False
1.자동차_1642_1.wav,80.0,85.1,70.0,우,중앙,5.1,10.0,False
1.자동차_1644_1.wav,69.0,78.9,63.7,좌,중앙,9.9,5.3,False
1.자동차_1645_1.wav,118.0,92.5,72.0,우,좌,25.5,46.0,False
1.자동차_1646_1.wav,85.0,89.0,70.5,우,중앙,4.0,14.5,False
1.자동차_1647_1.wav,74.0,82.9,68.2,우,중앙,8.9,5.8,False
1.자동차_1650_1.wav,72.0,80.3,62.3,우,중앙,8.3,9.7,False
1.자동차_1651_1.wav,127.0,92.8,72.4,좌,중앙,34.2,54.6,False
1.자동차_1653_1.wav,72.0,84.5,68.7,우,중앙,12.5,3.3,False
1.자동차_1655_1.wav,72.0,82.1,65.5,우,중앙,10.1,6.5,False
1.자동차_1657_1.wav,109.0,90.6,74.0,우,중앙,18.4,35.0,False
1.자동차_1661_1.wav,105.0,94.0,77.0,우,중앙,11.0,28.0,False
1.자동차_1662_1.wav,72.0,83.0,69.3,우,중앙,11.0,2.7,False
1.자동차_1663_1.wav,100.0,94.0,73.2,좌,중앙,6.0,26.8,False
1.자동차_1664_1.wav,122.0,94.0,77.9,우,중앙,28.0,44.1,False
1.자동차_1666_1.wav,71.0,83.4,66.1,우,중앙,12.4,4.9,False
1.자동차_1667_1.wav,75.0,87.8,72.3,우,중앙,12.8,2.7,False
1.자동차_1669_1.wav,102.0,89.8,71.0,우,중앙,12.2,31.0,False
1.자동차_1673_1.wav,108.0,91.8,71.8,우,중앙,16.2,36.2,False
1.자동차_1675_1.wav,81.0,86.0,71.1,우,중앙,5.0,9.9,False
1.자동차_1676_1.wav,121.0,90.3,74.8,우,중앙,30.7,46.2,False
1.자동차_1677_1.wav,94.0,89.7,69.8,우,중앙,4.3,24.2,False
1.자동차_1678_1.wav,101.0,88.9,73.0,우,중앙,12.1,28.0,False
1.자동차_1680_1.wav,86.0,87.5,72.5,우,중앙,1.5,13.5,False
1.자동차_1682_1.wav,96.0,88.4,72.3,우,중앙,7.6,23.7,False
1.자동차_1683_1.wav,68.0,81.6,65.2,우,중앙,13.6,2.8,False
1.자동차_1687_1.wav,74.0,83.8,71.2,우,중앙,9.8,2.8,False
1.자동차_1689_1.wav,126.0,93.7,74.7,우,중앙,32.3,51.3,False
1.자동차_168_1.wav,82.0,85.6,72.9,우,중앙,3.6,9.1,False
1.자동차_1690_1.wav,68.0,79.4,65.3,좌,중앙,11.4,2.7,False
1.자동차_1691_1.wav,75.0,86.3,71.0,우,중앙,11.3,4.0,False
1.자동차_1693_1.wav,70.0,83.7,69.0,우,중앙,13.7,1.0,False
1.자동차_1694_1.wav,113.0,90.9,72.7,좌,중앙,22.1,40.3,False
1.자동차_1696_1.wav,73.0,85.3,69.1,우,중앙,12.3,3.9,False
1.자동차_1697_1.wav,124.0,90.1,72.1,우,중앙,33.9,51.9,False
1.자동차_1698_1.wav,108.0,94.0,72.6,좌,좌,14.0,35.4,True
1.자동차_1699_1.wav,117.0,91.2,73.5,좌,중앙,25.8,43.5,False
1.자동차_16_1.wav,74.0,84.6,71.2,우,좌,10.6,2.8,False
1.자동차_1700_1.wav,119.0,94.0,78.4,우,중앙,25.0,40.6,False
1.자동차_1702_1.wav,123.0,91.9,73.3,좌,중앙,31.1,49.7,False
1.자동차_1703_1.wav,101.0,88.5,75.2,우,중앙,12.5,25.8,False
1.자동차_1704_1.wav,93.0,87.7,73.9,우,중앙,5.3,19.1,False
1.자동차_170_1.wav,113.0,88.1,73.2,우,중앙,24.9,39.8,False
1.자동차_1713_1.wav,94.0,90.7,73.7,좌,중앙,3.3,20.3,False
1.자동차_1715_1.wav,121.0,91.3,71.5,우,중앙,29.7,49.5,False
1.자동차_1717_1.wav,90.0,86.6,70.7,우,중앙,3.4,19.3,False
1.자동차_1718_1.wav,109.0,93.4,71.6,우,중앙,15.6,37.4,False
1.자동차_171_1.wav,70.0,80.3,69.0,우,중앙,10.3,1.0,False
1.자동차_1721_1.wav,77.0,87.4,72.2,우,중앙,10.4,4.8,False
1.자동차_1724_1.wav,85.0,88.2,74.1,우,중앙,3.2,10.9,False
1.자동차_1726_1.wav,94.0,88.9,72.8,우,중앙,5.1,21.2,False
1.자동차_1727_1.wav,73.0,84.9,69.3,우,중앙,11.9,3.7,False
1.자동차_1728_1.wav,73.0,94.0,68.2,우,중앙,21.0,4.8,False
1.자동차_1729_1.wav,108.0,91.6,69.1,우,중앙,16.4,38.9,False
1.자동차_172_1.wav,72.0,86.3,72.2,우,중앙,14.3,0.2,False
1.자동차_1731_1.wav,93.0,88.1,71.5,우,중앙,4.9,21.5,False
1.자동차_1732_1.wav,99.0,89.3,74.9,좌,중앙,9.7,24.1,False
1.자동차_1734_1.wav,71.0,86.5,70.5,우,중앙,15.5,0.5,False
1.자동차_1736_1.wav,83.0,88.6,73.2,우,중앙,5.6,9.8,False
1.자동차_1739_1.wav,107.0,94.0,79.5,좌,중앙,13.0,27.5,False
1.자동차_173_1.wav,74.0,82.6,71.2,우,중앙,8.6,2.8,False
1.자동차_1740_1.wav,74.0,83.7,69.0,우,중앙,9.7,5.0,False
1.자동차_1741_1.wav,122.0,94.0,82.2,우,중앙,28.0,39.8,False
1.자동차_1746_1.wav,75.0,78.2,64.7,좌,중앙,3.2,10.3,False
1.자동차_1747_1.wav,74.0,79.5,64.7,좌,중앙,5.5,9.3,False
1.자동차_1750_1.wav,120.0,92.8,76.2,우,중앙,27.2,43.8,False
1.자동차_1751_1.wav,73.0,87.6,72.4,우,중앙,14.6,0.6,False
1.자동차_1752_1.wav,89.0,85.9,69.2,우,중앙,3.1,19.8,False
1.자동차_1754_1.wav,106.0,88.2,69.2,우,중앙,17.8,36.8,False
1.자동차_1755_1.wav,115.0,93.5,75.4,우,중앙,21.5,39.6,False
1.자동차_1756_1.wav,103.0,86.8,72.1,우,중앙,16.2,30.9,False
1.자동차_1757_1.wav,104.0,93.5,78.7,좌,중앙,10.5,25.3,False
1.자동차_1759_1.wav,83.0,86.4,71.0,우,중앙,3.4,12.0,False
1.자동차_1763_1.wav,70.0,81.3,65.2,좌,중앙,11.3,4.8,False
1.자동차_1764_1.wav,69.0,86.4,71.0,우,우,17.4,2.0,True
1.자동차_1766_1.wav,82.0,90.8,70.3,우,중앙,8.8,11.7,False
1.자동차_1770_1.wav,70.0,79.6,65.6,좌,중앙,9.6,4.4,False
1.자동차_177_1.wav,76.0,86.3,73.9,우,중앙,10.3,2.1,False
1.자동차_17_1.wav,70.0,62.9,50.2,우,중앙,7.1,19.8,False
1.자동차_183_1.wav,71.0,83.4,70.5,우,중앙,12.4,0.5,False
1.자동차_184_1.wav,68.0,84.4,70.5,우,중앙,16.4,2.5,False
1.자동차_186_1.wav,68.0,86.0,72.6,우,중앙,18.0,4.6,False
1.자동차_18_1.wav,120.0,93.2,77.6,우,중앙,26.8,42.4,False
1.자동차_19048_1.wav,113.0,94.0,87.1,좌,중앙,19.0,25.9,False
1.자동차_19049_1.wav,109.0,94.0,84.7,우,중앙,15.0,24.3,False
1.자동차_19107_1.wav,113.0,94.0,82.8,좌,중앙,19.0,30.2,False
1.자동차_19109_1.wav,116.0,94.0,86.9,좌,중앙,22.0,29.1,False
1.자동차_19110_1.wav,108.0,94.0,82.5,우,중앙,14.0,25.5,False
1.자동차_191_1.wav,71.0,86.9,70.3,우,중앙,15.9,0.7,False
1.자동차_192_1.wav,68.0,72.0,59.8,우,중앙,4.0,8.2,False
1.자동차_19491_1.wav,74.0,81.9,68.6,우,중앙,7.9,5.4,False
1.자동차_194_1.wav,85.0,87.5,75.3,우,중앙,2.5,9.7,False
1.자동차_197_1.wav,113.0,94.0,84.1,좌,중앙,19.0,28.9,False
1.자동차_19832_1.wav,122.0,90.9,75.8,좌,중앙,31.1,46.2,False
1.자동차_19833_1.wav,126.0,89.7,78.5,좌,중앙,36.3,47.5,False
1.자동차_199_1.wav,84.0,87.9,73.2,우,중앙,3.9,10.8,False
1.자동차_200_1.wav,70.0,83.9,70.0,우,중앙,13.9,0.0,False
1.자동차_201_1.wav,70.0,82.4,67.8,우,중앙,12.4,2.2,False
1.자동차_20277_1.wav,71.0,85.8,70.8,좌,중앙,14.8,0.2,False
1.자동차_20280_1.wav,90.0,86.1,69.4,좌,중앙,3.9,20.6,False
1.자동차_20281_1.wav,73.0,79.5,64.8,우,중앙,6.5,8.2,False
1.자동차_20283_1.wav,75.0,84.5,71.4,우,중앙,9.5,3.6,False
1.자동차_203_1.wav,75.0,86.8,71.2,우,좌,11.8,3.8,False
1.자동차_204_1.wav,112.0,90.0,71.6,우,중앙,22.0,40.4,False
1.자동차_205_1.wav,80.0,84.5,69.4,우,중앙,4.5,10.6,False
1.자동차_206_1.wav,69.0,84.9,72.4,우,중앙,15.9,3.4,False
1.자동차_20_1.wav,90.0,88.2,73.6,우,중앙,1.8,16.4,False
1.자동차_212_1.wav,75.0,88.4,73.7,우,우,13.4,1.3,True
1.자동차_214_1.wav,86.0,86.4,72.8,우,중앙,0.4,13.2,False
1.자동차_215_1.wav,72.0,82.2,66.8,우,중앙,10.2,5.2,False
1.자동차_216_1.wav,75.0,85.3,72.5,우,중앙,10.3,2.5,False
1.자동차_217_1.wav,76.0,90.6,74.6,우,우,14.6,1.4,True
1.자동차_219_1.wav,81.0,85.2,70.9,우,중앙,4.2,10.1,False
1.자동차_224_1.wav,69.0,77.6,65.1,우,중앙,8.6,3.9,False
1.자동차_228_1.wav,73.0,85.1,71.8,우,중앙,12.1,1.2,False
1.자동차_229_1.wav,119.0,92.2,79.1,좌,중앙,26.8,39.9,False
1.자동차_234_1.wav,87.0,84.8,70.0,우,중앙,2.2,17.0,False
1.자동차_236_1.wav,104.0,94.0,83.0,좌,중앙,10.0,21.0,False
1.자동차_240_1.wav,73.0,80.3,68.1,우,중앙,7.3,4.9,False
1.자동차_248_1.wav,73.0,87.5,73.8,우,중앙,14.5,0.8,False
1.자동차_250_1.wav,72.0,89.4,75.4,우,우,17.4,3.4,True
1.자동차_251_1.wav,74.0,85.4,72.2,우,중앙,11.4,1.8,False
1.자동차_256_1.wav,74.0,83.3,71.2,우,중앙,9.3,2.8,False
1.자동차_25_1.wav,68.0,81.7,67.5,우,중앙,13.7,0.5,False
1.자동차_261_1.wav,69.0,84.7,72.0,우,중앙,15.7,3.0,False
1.자동차_262_1.wav,75.0,81.6,70.3,우,중앙,6.6,4.7,False
1.자동차_263_1.wav,69.0,85.5,71.5,우,중앙,16.5,2.5,False
1.자동차_264_1.wav,70.0,83.6,68.6,우,중앙,13.6,1.4,False
1.자동차_269_1.wav,100.0,94.0,85.1,좌,중앙,6.0,14.9,False
1.자동차_271_1.wav,107.0,94.0,77.1,좌,중앙,13.0,29.9,False
1.자동차_274_1.wav,108.0,94.0,86.7,좌,중앙,14.0,21.3,False
1.자동차_275_1.wav,68.0,78.4,65.5,우,중앙,10.4,2.5,False
1.자동차_276_1.wav,69.0,83.8,67.0,우,중앙,14.8,2.0,False
1.자동차_277_1.wav,70.0,81.3,65.5,우,중앙,11.3,4.5,False
1.자동차_278_1.wav,69.0,83.9,64.9,우,중앙,14.9,4.1,False
1.자동차_279_1.wav,129.0,90.7,73.1,우,중앙,38.3,55.9,False
1.자동차_27_1.wav,128.0,90.7,76.5,우,중앙,37.3,51.5,False
1.자동차_280_1.wav,68.0,79.3,65.3,우,중앙,11.3,2.7,False
1.자동차_283_1.wav,93.0,85.4,70.5,우,중앙,7.6,22.5,False
1.자동차_284_1.wav,115.0,93.0,76.6,우,중앙,22.0,38.4,False
1.자동차_285_1.wav,126.0,93.9,79.3,우,중앙,32.1,46.7,False
1.자동차_288_1.wav,119.0,91.3,75.0,우,중앙,27.7,44.0,False
1.자동차_292_1.wav,111.0,91.6,71.9,우,중앙,19.4,39.1,False
1.자동차_294_1.wav,74.0,81.9,64.7,우,중앙,7.9,9.3,False
1.자동차_297_1.wav,108.0,94.0,82.8,좌,중앙,14.0,25.2,False
1.자동차_298_1.wav,71.0,83.0,67.1,우,중앙,12.0,3.9,False
1.자동차_299_1.wav,123.0,91.6,73.5,우,중앙,31.4,49.5,False
1.자동차_300_1.wav,89.0,86.4,72.4,우,중앙,2.6,16.6,False
1.자동차_303_1.wav,72.0,78.7,63.6,우,중앙,6.7,8.4,False
1.자동차_304_1.wav,110.0,94.0,78.6,좌,중앙,16.0,31.4,False
1.자동차_309_1.wav,70.0,87.3,70.8,우,중앙,17.3,0.8,False
1.자동차_310_1.wav,113.0,94.0,79.1,우,중앙,19.0,33.9,False
1.자동차_312_1.wav,114.0,94.0,79.1,좌,중앙,20.0,34.9,False
1.자동차_313_1.wav,104.0,94.0,76.2,좌,중앙,10.0,27.8,False
1.자동차_316_1.wav,68.0,76.9,62.4,우,중앙,8.9,5.6,False
1.자동차_317_1.wav,75.0,82.9,69.1,우,중앙,7.9,5.9,False
1.자동차_319_1.wav,109.0,92.0,77.3,우,중앙,17.0,31.7,False
1.자동차_31_1.wav,74.0,85.8,72.6,우,중앙,11.8,1.4,False
1.자동차_321_1.wav,72.0,85.0,69.9,우,중앙,13.0,2.1,False
1.자동차_323_1.wav,71.0,83.9,63.7,우,중앙,12.9,7.3,False
1.자동차_324_1.wav,105.0,92.4,77.6,우,중앙,12.6,27.4,False
1.자동차_330_1.wav,112.0,94.0,83.8,좌,중앙,18.0,28.2,False
1.자동차_333_1.wav,101.0,94.0,79.5,우,중앙,7.0,21.5,False
1.자동차_335_1.wav,73.0,86.8,71.3,우,중앙,13.8,1.7,False
1.자동차_336_1.wav,124.0,94.0,80.7,좌,중앙,30.0,43.3,False
1.자동차_337_1.wav,121.0,94.0,76.4,우,중앙,27.0,44.6,False
1.자동차_338_1.wav,122.0,92.5,77.2,우,중앙,29.5,44.8,False
1.자동차_339_1.wav,72.0,73.4,57.8,우,중앙,1.4,14.2,False
1.자동차_341_1.wav,126.0,94.0,82.0,좌,중앙,32.0,44.0,False
1.자동차_344_1.wav,71.0,83.4,70.0,우,중앙,12.4,1.0,False
1.자동차_345_1.wav,93.0,87.5,72.6,우,중앙,5.5,20.4,False
1.자동차_348_1.wav,113.0,92.6,77.0,우,중앙,20.4,36.0,False
1.자동차_34_1.wav,72.0,88.6,75.8,우,중앙,16.6,3.8,False
1.자동차_352_1.wav,103.0,94.0,81.4,우,중앙,9.0,21.6,False
1.자동차_353_1.wav,100.0,88.5,70.9,우,중앙,11.5,29.1,False
1.자동차_354_1.wav,106.0,93.7,70.8,우,좌,12.3,35.2,False
1.자동차_358_1.wav,114.0,89.8,76.6,우,중앙,24.2,37.4,False
1.자동차_359_1.wav,121.0,94.0,83.1,좌,중앙,27.0,37.9,False
1.자동차_361_1.wav,104.0,90.6,77.4,좌,중앙,13.4,26.6,False
1.자동차_364_1.wav,111.0,93.2,79.2,좌,중앙,17.8,31.8,False
1.자동차_366_1.wav,121.0,91.3,74.0,우,좌,29.7,47.0,False
1.자동차_368_1.wav,125.0,94.0,81.2,좌,중앙,31.0,43.8,False
1.자동차_369_1.wav,70.0,84.2,70.0,우,중앙,14.2,0.0,False
1.자동차_370_1.wav,115.0,91.0,74.4,우,중앙,24.0,40.6,False
1.자동차_371_1.wav,116.0,94.0,78.8,좌,중앙,22.0,37.2,False
1.자동차_372_1.wav,109.0,94.0,82.3,좌,중앙,15.0,26.7,False
1.자동차_373_1.wav,83.0,86.7,68.7,우,중앙,3.7,14.3,False
1.자동차_375_1.wav,87.0,86.0,71.5,우,중앙,1.0,15.5,False
1.자동차_378_1.wav,120.0,94.0,83.3,좌,중앙,26.0,36.7,False
1.자동차_379_1.wav,127.0,94.0,80.8,우,중앙,33.0,46.2,False
1.자동차_38187_1.wav,116.0,86.9,70.3,좌,좌,29.1,45.7,True
1.자동차_383_1.wav,107.0,90.7,74.7,우,중앙,16.3,32.3,False
1.자동차_384_1.wav,130.0,90.1,74.7,우,중앙,39.9,55.3,False
1.자동차_385_1.wav,126.0,89.7,76.0,우,중앙,36.3,50.0,False
1.자동차_386_1.wav,116.0,94.0,80.9,좌,중앙,22.0,35.1,False
1.자동차_387_1.wav,73.0,79.5,66.0,우,중앙,6.5,7.0,False
1.자동차_388_1.wav,72.0,85.5,70.4,우,중앙,13.5,1.6,False
1.자동차_38_1.wav,69.0,85.1,71.4,우,중앙,16.1,2.4,False
1.자동차_391_1.wav,104.0,88.0,68.7,우,중앙,16.0,35.3,False
1.자동차_392_1.wav,111.0,94.0,87.1,좌,중앙,17.0,23.9,False
1.자동차_393_1.wav,109.0,94.0,80.5,좌,중앙,15.0,28.5,False
1.자동차_394_1.wav,75.0,85.3,66.6,우,중앙,10.3,8.4,False
1.자동차_398_1.wav,104.0,94.0,84.9,좌,중앙,10.0,19.1,False
1.자동차_399_1.wav,111.0,93.8,77.0,우,중앙,17.2,34.0,False
1.자동차_400_1.wav,110.0,93.0,75.4,우,중앙,17.0,34.6,False
1.자동차_401_1.wav,123.0,89.0,74.7,좌,중앙,34.0,48.3,False
1.자동차_402_1.wav,122.0,94.0,75.8,우,좌,28.0,46.2,False
1.자동차_405_1.wav,113.0,94.0,86.1,좌,중앙,19.0,26.9,False
1.자동차_406_1.wav,103.0,92.5,76.3,우,중앙,10.5,26.7,False
1.자동차_407_1.wav,81.0,94.0,72.6,우,중앙,13.0,8.4,False
1.자동차_408_1.wav,71.0,76.9,61.7,우,중앙,5.9,9.3,False
1.자동차_409_1.wav,86.0,85.7,68.8,우,중앙,0.3,17.2,False
1.자동차_411_1.wav,118.0,91.9,74.7,우,중앙,26.1,43.3,False
1.자동차_414_1.wav,112.0,92.7,73.2,우,중앙,19.3,38.8,False
1.자동차_415_1.wav,100.0,94.0,79.7,우,좌,6.0,20.3,False
1.자동차_419_1.wav,107.0,90.7,77.4,우,중앙,16.3,29.6,False
1.자동차_421_1.wav,72.0,71.8,54.8,우,중앙,0.2,17.2,False
1.자동차_423_1.wav,111.0,92.2,71.5,우,중앙,18.8,39.5,False
1.자동차_425_1.wav,109.0,87.9,71.7,우,중앙,21.1,37.3,False
1.자동차_426_1.wav,107.0,92.2,79.6,우,중앙,14.8,27.4,False
1.자동차_428_1.wav,101.0,94.0,81.3,좌,중앙,7.0,19.7,False
1.자동차_42_1.wav,74.0,83.9,68.5,우,중앙,9.9,5.5,False
1.자동차_433_1.wav,106.0,94.0,75.0,우,중앙,12.0,31.0,False
1.자동차_437_1.wav,102.0,94.0,82.4,좌,중앙,8.0,19.6,False
1.자동차_438_1.wav,112.0,91.1,75.3,우,중앙,20.9,36.7,False
1.자동차_439_1.wav,121.0,89.3,75.0,우,중앙,31.7,46.0,False
1.자동차_440_1.wav,127.0,91.5,76.1,우,중앙,35.5,50.9,False
1.자동차_441_1.wav,68.0,82.9,68.4,우,중앙,14.9,0.4,False
1.자동차_446_1.wav,101.0,91.3,72.3,우,중앙,9.7,28.7,False
1.자동차_447_1.wav,71.0,82.5,69.2,우,중앙,11.5,1.8,False
1.자동차_448_1.wav,117.0,93.5,78.7,우,중앙,23.5,38.3,False
1.자동차_449_1.wav,70.0,84.6,70.8,우,중앙,14.6,0.8,False
1.자동차_450_1.wav,119.0,89.2,73.5,우,중앙,29.8,45.5,False
1.자동차_451_1.wav,89.0,89.2,76.4,우,중앙,0.2,12.6,False
1.자동차_452_1.wav,96.0,87.5,72.1,우,중앙,8.5,23.9,False
1.자동차_453_1.wav,119.0,93.5,79.6,우,중앙,25.5,39.4,False
1.자동차_454_1.wav,85.0,85.1,67.9,우,중앙,0.1,17.1,False
1.자동차_455_1.wav,113.0,92.3,79.0,좌,중앙,20.7,34.0,False
1.자동차_456_1.wav,78.0,85.4,71.1,우,중앙,7.4,6.9,False
1.자동차_45715_1.wav,130.0,89.1,78.0,우,중앙,40.9,52.0,False
1.자동차_45731_1.wav,100.0,86.4,70.3,우,중앙,13.6,29.7,False
1.자동차_457_1.wav,72.0,63.3,49.2,우,중앙,8.7,22.8,False
1.자동차_458_1.wav,74.0,83.0,69.9,우,중앙,9.0,4.1,False
1.자동차_459_1.wav,86.0,87.6,70.6,우,중앙,1.6,15.4,False
1.자동차_45_1.wav,73.0,86.2,73.0,우,중앙,13.2,0.0,False
1.자동차_462_1.wav,108.0,94.0,81.3,좌,중앙,14.0,26.7,False
1.자동차_465_1.wav,124.0,94.0,82.5,좌,중앙,30.0,41.5,False
1.자동차_468_1.wav,89.0,89.6,72.4,우,중앙,0.6,16.6,False
1.자동차_469_1.wav,69.0,88.3,74.5,우,중앙,19.3,5.5,False
1.자동차_471_1.wav,105.0,88.1,73.5,우,중앙,16.9,31.5,False
1.자동차_473_1.wav,120.0,94.0,77.2,우,중앙,26.0,42.8,False
1.자동차_475_1.wav,75.0,72.0,57.1,우,중앙,3.0,17.9,False
1.자동차_476_1.wav,94.0,86.6,69.5,우,좌,7.4,24.5,False
1.자동차_477_1.wav,74.0,90.7,65.1,우,중앙,16.7,8.9,False
1.자동차_483_1.wav,130.0,88.8,70.4,우,중앙,41.2,59.6,False
1.자동차_484_1.wav,100.0,91.8,75.2,우,중앙,8.2,24.8,False
1.자동차_485_1.wav,111.0,90.3,76.4,우,중앙,20.7,34.6,False
1.자동차_486_1.wav,92.0,89.6,76.7,우,중앙,2.4,15.3,False
1.자동차_488_1.wav,102.0,89.5,73.0,우,중앙,12.5,29.0,False
1.자동차_489_1.wav,110.0,94.0,80.0,좌,중앙,16.0,30.0,False
1.자동차_48_1.wav,73.0,82.8,70.8,우,중앙,9.8,2.2,False
1.자동차_490_1.wav,118.0,94.0,78.1,좌,중앙,24.0,39.9,False
1.자동차_493_1.wav,93.0,90.7,70.4,우,중앙,2.3,22.6,False
1.자동차_496_1.wav,108.0,89.6,73.3,우,중앙,18.4,34.7,False
1.자동차_499_1.wav,126.0,92.4,73.6,우,중앙,33.6,52.4,False
1.자동차_4_1.wav,71.0,77.0,63.6,우,중앙,6.0,7.4,False
1.자동차_500_1.wav,72.0,87.7,70.3,우,중앙,15.7,1.7,False
1.자동차_501_1.wav,77.0,86.0,68.2,좌,중앙,9.0,8.8,False
1.자동차_502_1.wav,71.0,87.4,73.8,우,중앙,16.4,2.8,False
1.자동차_503_1.wav,108.0,93.3,78.0,좌,중앙,14.7,30.0,False
1.자동차_504_1.wav,115.0,88.3,72.8,우,중앙,26.7,42.2,False
1.자동차_509_1.wav,129.0,91.5,76.2,우,중앙,37.5,52.8,False
1.자동차_50_1.wav,71.0,84.7,72.4,우,중앙,13.7,1.4,False
1.자동차_511_1.wav,103.0,94.0,75.1,우,중앙,9.0,27.9,False
1.자동차_512_1.wav,71.0,79.5,66.8,우,중앙,8.5,4.2,False
1.자동차_513_1.wav,118.0,90.7,73.8,우,중앙,27.3,44.2,False
1.자동차_517_1.wav,112.0,94.0,79.3,좌,중앙,18.0,32.7,False
1.자동차_519_1.wav,113.0,94.0,82.4,좌,중앙,19.0,30.6,False
1.자동차_523_1.wav,113.0,89.6,74.2,우,중앙,23.4,38.8,False
1.자동차_524_1.wav,109.0,94.0,75.0,우,중앙,15.0,34.0,False
1.자동차_525_1.wav,72.0,73.0,55.1,우,중앙,1.0,16.9,False
1.자동차_526_1.wav,72.0,85.8,69.0,우,중앙,13.8,3.0,False
1.자동차_530_1.wav,119.0,93.0,78.2,좌,중앙,26.0,40.8,False
1.자동차_532_1.wav,100.0,92.7,71.3,우,중앙,7.3,28.7,False
1.자동차_534_1.wav,102.0,90.8,76.6,우,중앙,11.2,25.4,False
1.자동차_538_1.wav,101.0,94.0,78.1,좌,중앙,7.0,22.9,False
1.자동차_539_1.wav,69.0,82.8,65.2,우,중앙,13.8,3.8,False
1.자동차_53_1.wav,68.0,75.5,61.5,우,중앙,7.5,6.5,False
1.자동차_540_1.wav,108.0,91.3,77.3,우,중앙,16.7,30.7,False
1.자동차_541_1.wav,73.0,81.3,67.1,우,중앙,8.3,5.9,False
1.자동차_544_1.wav,109.0,92.6,76.4,우,중앙,16.4,32.6,False
1.자동차_546_1.wav,88.0,88.4,70.1,우,중앙,0.4,17.9,False
1.자동차_547_1.wav,69.0,86.2,71.7,우,중앙,17.2,2.7,False
1.자동차_548_1.wav,86.0,88.6,71.6,우,중앙,2.6,14.4,False
1.자동차_549_1.wav,72.0,81.4,64.6,좌,중앙,9.4,7.4,False
1.자동차_550_1.wav,84.0,86.8,70.1,우,중앙,2.8,13.9,False
1.자동차_553_1.wav,102.0,88.5,72.9,우,좌,13.5,29.1,False
1.자동차_555_1.wav,105.0,88.9,69.5,좌,좌,16.1,35.5,True
1.자동차_556_1.wav,124.0,94.0,86.5,우,중앙,30.0,37.5,False
1.자동차_565_1.wav,71.0,78.7,65.0,좌,중앙,7.7,6.0,False
1.자동차_566_1.wav,120.0,89.9,71.8,우,좌,30.1,48.2,False
1.자동차_567_1.wav,130.0,89.3,72.3,우,중앙,40.7,57.7,False
1.자동차_569_1.wav,74.0,86.7,71.5,우,중앙,12.7,2.5,False
1.자동차_572_1.wav,86.0,88.8,73.6,우,중앙,2.8,12.4,False
1.자동차_573_1.wav,91.0,90.8,73.5,좌,중앙,0.2,17.5,False
1.자동차_575_1.wav,88.0,87.5,69.4,우,중앙,0.5,18.6,False
1.자동차_576_1.wav,85.0,88.3,73.1,우,중앙,3.3,11.9,False
1.자동차_577_1.wav,72.0,81.5,65.4,좌,중앙,9.5,6.6,False
1.자동차_578_1.wav,106.0,94.0,87.9,우,중앙,12.0,18.1,False
1.자동차_581_1.wav,119.0,94.0,87.9,우,중앙,25.0,31.1,False
1.자동차_582_1.wav,86.0,94.0,74.6,좌,중앙,8.0,11.4,False
1.자동차_583_1.wav,68.0,82.8,66.9,우,좌,14.8,1.1,False
1.자동차_584_1.wav,75.0,83.9,66.1,좌,중앙,8.9,8.9,False
1.자동차_585_1.wav,105.0,94.0,77.3,우,중앙,11.0,27.7,False
1.자동차_586_1.wav,69.0,84.3,70.1,우,중앙,15.3,1.1,False
1.자동차_587_1.wav,105.0,89.8,71.3,우,중앙,15.2,33.7,False
1.자동차_588_1.wav,100.0,94.0,86.2,우,중앙,6.0,13.8,False
1.자동차_589_1.wav,70.0,87.6,71.6,우,중앙,17.6,1.6,False
1.자동차_58_1.wav,78.0,85.4,71.2,우,중앙,7.4,6.8,False
1.자동차_590_1.wav,105.0,94.0,78.9,좌,중앙,11.0,26.1,False
1.자동차_591_1.wav,72.0,83.7,69.6,우,중앙,11.7,2.4,False
1.자동차_592_1.wav,71.0,84.7,70.2,우,우,13.7,0.8,True
1.자동차_593_1.wav,87.0,90.5,72.9,좌,중앙,3.5,14.1,False
1.자동차_594_1.wav,117.0,94.0,73.8,좌,중앙,23.0,43.2,False
1.자동차_595_1.wav,125.0,89.8,73.3,우,좌,35.2,51.7,False
1.자동차_596_1.wav,122.0,94.0,86.5,우,중앙,28.0,35.5,False
1.자동차_597_1.wav,127.0,91.4,73.6,좌,중앙,35.6,53.4,False
1.자동차_59_1.wav,107.0,93.8,81.2,좌,중앙,13.2,25.8,False
1.자동차_600_1.wav,111.0,90.9,74.4,우,중앙,20.1,36.6,False
1.자동차_603_1.wav,120.0,89.2,73.2,우,중앙,30.8,46.8,False
1.자동차_606_1.wav,75.0,79.7,61.9,우,중앙,4.7,13.1,False
1.자동차_607_1.wav,71.0,79.9,63.8,좌,중앙,8.9,7.2,False
1.자동차_611_1.wav,69.0,83.8,67.4,우,좌,14.8,1.6,False
1.자동차_612_1.wav,73.0,83.4,68.5,우,중앙,10.4,4.5,False
1.자동차_613_1.wav,71.0,80.5,63.8,우,중앙,9.5,7.2,False
1.자동차_614_1.wav,71.0,85.8,71.2,우,중앙,14.8,0.2,False
1.자동차_616_1.wav,111.0,93.0,72.0,우,중앙,18.0,39.0,False
1.자동차_617_1.wav,90.0,88.7,74.0,우,중앙,1.3,16.0,False
1.자동차_618_1.wav,121.0,94.0,86.2,우,중앙,27.0,34.8,False
1.자동차_620_1.wav,75.0,85.7,70.3,우,중앙,10.7,4.7,False
1.자동차_621_1.wav,75.0,83.9,70.5,좌,중앙,8.9,4.5,False
1.자동차_622_1.wav,77.0,89.7,73.0,우,중앙,12.7,4.0,False
1.자동차_623_1.wav,117.0,94.0,80.7,좌,중앙,23.0,36.3,False
1.자동차_624_1.wav,71.0,83.9,67.9,우,중앙,12.9,3.1,False
1.자동차_626_1.wav,100.0,94.0,85.7,우,중앙,6.0,14.3,False
1.자동차_627_1.wav,104.0,88.8,75.5,좌,중앙,15.2,28.5,False
1.자동차_628_1.wav,70.0,86.1,70.4,우,중앙,16.1,0.4,False
1.자동차_629_1.wav,71.0,82.8,65.7,좌,중앙,11.8,5.3,False
1.자동차_630_1.wav,114.0,89.3,73.9,우,중앙,24.7,40.1,False
1.자동차_631_1.wav,69.0,83.2,68.8,우,중앙,14.2,0.2,False
1.자동차_634_1.wav,109.0,89.2,73.3,우,중앙,19.8,35.7,False
1.자동차_636_1.wav,127.0,90.8,73.1,우,중앙,36.2,53.9,False
1.자동차_637_1.wav,104.0,90.4,70.8,우,좌,13.6,33.2,False
1.자동차_639_1.wav,109.0,88.5,75.7,좌,중앙,20.5,33.3,False
1.자동차_641_1.wav,80.0,88.2,70.2,우,중앙,8.2,9.8,False
1.자동차_642_1.wav,70.0,80.7,64.0,우,중앙,10.7,6.0,False
1.자동차_643_1.wav,111.0,93.9,73.2,좌,중앙,17.1,37.8,False
1.자동차_644_1.wav,108.0,94.0,81.0,좌,중앙,14.0,27.0,False
1.자동차_647_1.wav,125.0,92.4,74.0,우,중앙,32.6,51.0,False
1.자동차_648_1.wav,75.0,84.3,69.3,우,중앙,9.3,5.7,False
1.자동차_649_1.wav,78.0,87.4,69.8,좌,중앙,9.4,8.2,False
1.자동차_64_1.wav,73.0,82.7,69.9,우,중앙,9.7,3.1,False
1.자동차_650_1.wav,108.0,94.0,78.9,좌,중앙,14.0,29.1,False
1.자동차_651_1.wav,89.0,87.5,70.1,우,중앙,1.5,18.9,False
1.자동차_653_1.wav,123.0,89.9,72.1,우,중앙,33.1,50.9,False
1.자동차_654_1.wav,97.0,90.5,71.2,우,중앙,6.5,25.8,False
1.자동차_655_1.wav,75.0,85.8,71.4,우,중앙,10.8,3.6,False
1.자동차_65634_1.wav,74.0,83.2,67.7,우,중앙,9.2,6.3,False
1.자동차_65654_1.wav,74.0,78.1,65.7,좌,중앙,4.1,8.3,False
1.자동차_65655_1.wav,70.0,78.0,64.2,우,중앙,8.0,5.8,False
1.자동차_65656_1.wav,74.0,84.6,69.6,좌,중앙,10.6,4.4,False
1.자동차_657_1.wav,77.0,88.4,67.2,우,중앙,11.4,9.8,False
1.자동차_658_1.wav,91.0,94.0,71.9,좌,중앙,3.0,19.1,False
1.자동차_659_1.wav,118.0,88.8,70.7,우,중앙,29.2,47.3,False
1.자동차_662_1.wav,109.0,86.9,73.4,우,중앙,22.1,35.6,False
1.자동차_664_1.wav,107.0,93.9,71.6,좌,중앙,13.1,35.4,False
1.자동차_667_1.wav,107.0,94.0,72.8,좌,중앙,13.0,34.2,False
1.자동차_670_1.wav,68.0,83.3,68.5,우,중앙,15.3,0.5,False
1.자동차_672_1.wav,107.0,94.0,73.2,좌,중앙,13.0,33.8,False
1.자동차_673_1.wav,88.0,86.7,71.0,우,중앙,1.3,17.0,False
1.자동차_674_1.wav,102.0,88.8,72.1,우,중앙,13.2,29.9,False
1.자동차_678_1.wav,96.0,89.9,72.3,좌,중앙,6.1,23.7,False
1.자동차_679_1.wav,116.0,91.8,72.8,좌,중앙,24.2,43.2,False
1.자동차_681_1.wav,110.0,90.7,70.9,좌,중앙,19.3,39.1,False
1.자동차_682_1.wav,75.0,80.9,65.6,좌,중앙,5.9,9.4,False
1.자동차_684_1.wav,71.0,80.2,64.5,우,중앙,9.2,6.5,False
1.자동차_685_1.wav,86.0,88.3,70.4,우,좌,2.3,15.6,False
1.자동차_689_1.wav,81.0,87.7,65.8,우,중앙,6.7,15.2,False
1.자동차_68_1.wav,74.0,84.3,71.0,우,중앙,10.3,3.0,False
1.자동차_690_1.wav,100.0,90.5,73.6,좌,중앙,9.5,26.4,False
1.자동차_691_1.wav,77.0,87.1,72.9,우,중앙,10.1,4.1,False
1.자동차_692_1.wav,74.0,86.3,71.4,우,중앙,12.3,2.6,False
1.자동차_693_1.wav,110.0,90.1,73.3,우,중앙,19.9,36.7,False
1.자동차_694_1.wav,75.0,86.1,67.3,우,중앙,11.1,7.7,False
1.자동차_696_1.wav,81.0,87.7,72.9,우,중앙,6.7,8.1,False
1.자동차_697_1.wav,75.0,86.9,71.2,좌,중앙,11.9,3.8,False
1.자동차_699_1.wav,118.0,89.8,74.3,우,중앙,28.2,43.7,False
1.자동차_6_1.wav,69.0,88.1,70.7,우,중앙,19.1,1.7,False
1.자동차_702_1.wav,119.0,94.0,74.4,우,중앙,25.0,44.6,False
1.자동차_704_1.wav,76.0,87.2,71.5,우,중앙,11.2,4.5,False
1.자동차_706_1.wav,107.0,94.0,79.3,우,중앙,13.0,27.7,False
1.자동차_707_1.wav,108.0,94.0,87.9,우,중앙,14.0,20.1,False
1.자동차_711_1.wav,123.0,89.5,72.0,우,중앙,33.5,51.0,False
1.자동차_712_1.wav,68.0,84.1,65.3,우,중앙,16.1,2.7,False
1.자동차_713_1.wav,102.0,94.0,76.8,좌,중앙,8.0,25.2,False
1.자동차_715_1.wav,109.0,90.2,73.7,좌,중앙,18.8,35.3,False
1.자동차_716_1.wav,73.0,85.4,62.7,우,중앙,12.4,10.3,False
1.자동차_717_1.wav,84.0,87.5,73.2,우,중앙,3.5,10.8,False
1.자동차_718_1.wav,71.0,86.7,67.2,우,중앙,15.7,3.8,False
1.자동차_719_1.wav,124.0,92.1,74.5,우,중앙,31.9,49.5,False
1.자동차_720_1.wav,68.0,87.0,70.0,우,중앙,19.0,2.0,False
1.자동차_721_1.wav,125.0,93.6,76.6,우,중앙,31.4,48.4,False
1.자동차_722_1.wav,71.0,84.5,67.9,우,중앙,13.5,3.1,False
1.자동차_725_1.wav,127.0,94.0,82.5,우,중앙,33.0,44.5,False
1.자동차_728_1.wav,69.0,78.1,62.6,좌,중앙,9.1,6.4,False
1.자동차_730_1.wav,104.0,88.4,73.2,우,중앙,15.6,30.8,False
1.자동차_735_1.wav,69.0,84.4,68.3,우,중앙,15.4,0.7,False
1.자동차_744_1.wav,113.0,91.1,72.9,좌,중앙,21.9,40.1,False
1.자동차_747_1.wav,75.0,79.7,63.2,좌,중앙,4.7,11.8,False
1.자동차_748_1.wav,73.0,82.8,69.5,좌,중앙,9.8,3.5,False
1.자동차_749_1.wav,104.0,91.0,73.9,우,중앙,13.0,30.1,False
1.자동차_751_1.wav,103.0,94.0,86.7,우,중앙,9.0,16.3,False
1.자동차_752_1.wav,96.0,90.0,72.1,좌,중앙,6.0,23.9,False
1.자동차_753_1.wav,126.0,90.0,72.0,우,중앙,36.0,54.0,False
1.자동차_755_1.wav,102.0,92.4,74.3,우,중앙,9.6,27.7,False
1.자동차_756_1.wav,76.0,85.4,70.1,우,중앙,9.4,5.9,False
1.자동차_758_1.wav,122.0,90.6,74.1,우,중앙,31.4,47.9,False
1.자동차_75_1.wav,70.0,82.0,69.8,우,중앙,12.0,0.2,False
1.자동차_76516_1.wav,68.0,80.8,66.2,우,중앙,12.8,1.8,False
1.자동차_76_1.wav,110.0,90.6,76.4,좌,중앙,19.4,33.6,False
1.자동차_770_1.wav,78.0,90.5,74.0,우,중앙,12.5,4.0,False
1.자동차_771_1.wav,123.0,90.4,74.3,좌,중앙,32.6,48.7,False
1.자동차_772_1.wav,126.0,93.8,73.4,우,중앙,32.2,52.6,False
1.자동차_774_1.wav,121.0,91.9,72.2,좌,중앙,29.1,48.8,False
1.자동차_776_1.wav,125.0,93.2,76.2,우,중앙,31.8,48.8,False
1.자동차_77846_1.wav,127.0,90.7,74.5,좌,좌,36.3,52.5,True
1.자동차_778_1.wav,69.0,82.8,67.2,우,중앙,13.8,1.8,False
1.자동차_780_1.wav,69.0,82.3,64.6,우,중앙,13.3,4.4,False
1.자동차_783_1.wav,80.0,88.7,73.1,좌,중앙,8.7,6.9,False
1.자동차_78419_1.wav,116.0,93.9,76.1,좌,중앙,22.1,39.9,False
1.자동차_784_1.wav,70.0,82.8,67.3,우,중앙,12.8,2.7,False
1.자동차_788_1.wav,82.0,85.7,68.8,우,중앙,3.7,13.2,False
1.자동차_789_1.wav,82.0,86.4,71.3,우,중앙,4.4,10.7,False
1.자동차_78_1.wav,114.0,94.0,76.7,우,우,20.0,37.3,True
1.자동차_790_1.wav,117.0,94.0,74.4,좌,중앙,23.0,42.6,False
1.자동차_795_1.wav,114.0,94.0,78.3,좌,중앙,20.0,35.7,False
1.자동차_796_1.wav,75.0,81.8,65.6,좌,중앙,6.8,9.4,False
1.자동차_797_1.wav,79.0,87.4,71.4,우,중앙,8.4,7.6,False
1.자동차_79_1.wav,78.0,84.9,69.5,우,중앙,6.9,8.5,False
1.자동차_7_1.wav,120.0,90.4,77.6,우,중앙,29.6,42.4,False
1.자동차_807_1.wav,97.0,91.0,73.7,우,중앙,6.0,23.3,False
1.자동차_809_1.wav,74.0,79.3,65.4,좌,중앙,5.3,8.6,False
1.자동차_80_1.wav,74.0,82.6,66.0,우,좌,8.6,8.0,False
1.자동차_810_1.wav,71.0,83.6,66.3,좌,중앙,12.6,4.7,False
1.자동차_812_1.wav,102.0,93.4,76.0,우,중앙,8.6,26.0,False
1.자동차_815_1.wav,100.0,90.9,72.9,좌,중앙,9.1,27.1,False
1.자동차_818_1.wav,89.0,89.3,70.8,우,중앙,0.3,18.2,False
1.자동차_819_1.wav,101.0,87.7,71.9,우,중앙,13.3,29.1,False
1.자동차_826_1.wav,72.0,87.6,70.0,우,중앙,15.6,2.0,False
1.자동차_829_1.wav,85.0,87.1,69.5,우,좌,2.1,15.5,False
1.자동차_830_1.wav,110.0,89.8,71.2,우,중앙,20.2,38.8,False
1.자동차_834_1.wav,121.0,93.3,71.8,좌,중앙,27.7,49.2,False
1.자동차_835_1.wav,75.0,84.6,69.3,우,중앙,9.6,5.7,False
1.자동차_836_1.wav,100.0,90.1,69.5,우,중앙,9.9,30.5,False
1.자동차_837_1.wav,103.0,90.6,74.2,좌,중앙,12.4,28.8,False
1.자동차_838_1.wav,85.0,86.0,73.3,우,중앙,1.0,11.7,False
1.자동차_839_1.wav,75.0,85.7,68.7,우,중앙,10.7,6.3,False
1.자동차_840_1.wav,106.0,89.9,72.6,좌,중앙,16.1,33.4,False
1.자동차_842_1.wav,105.0,93.2,71.3,우,중앙,11.8,33.7,False
1.자동차_843_1.wav,76.0,85.6,70.2,우,중앙,9.6,5.8,False
1.자동차_844_1.wav,122.0,92.7,74.0,우,중앙,29.3,48.0,False
1.자동차_845_1.wav,109.0,90.1,73.6,좌,중앙,18.9,35.4,False
1.자동차_846_1.wav,111.0,92.3,75.6,좌,중앙,18.7,35.4,False
1.자동차_849_1.wav,105.0,94.0,74.2,우,중앙,11.0,30.8,False
1.자동차_850_1.wav,68.0,82.8,67.5,우,중앙,14.8,0.5,False
1.자동차_852_1.wav,73.0,86.7,72.1,우,중앙,13.7,0.9,False
1.자동차_858_1.wav,102.0,92.4,73.6,좌,중앙,9.6,28.4,False
1.자동차_860_1.wav,73.0,83.2,68.2,우,중앙,10.2,4.8,False
1.자동차_862_1.wav,68.0,80.7,68.0,좌,중앙,12.7,0.0,False
1.자동차_864_1.wav,96.0,89.3,72.6,우,중앙,6.7,23.4,False
1.자동차_868_1.wav,92.0,87.7,72.2,우,중앙,4.3,19.8,False
1.자동차_869_1.wav,70.0,85.4,67.4,우,중앙,15.4,2.6,False
1.자동차_870_1.wav,68.0,85.4,65.3,우,좌,17.4,2.7,False
1.자동차_872_1.wav,72.0,79.7,65.3,좌,중앙,7.7,6.7,False
1.자동차_875_1.wav,70.0,79.4,66.0,좌,중앙,9.4,4.0,False
1.자동차_876_1.wav,91.0,89.0,73.0,좌,중앙,2.0,18.0,False
1.자동차_87719_1.wav,72.0,90.0,72.2,위,우,18.0,0.2,False
1.자동차_877_1.wav,115.0,90.8,71.6,우,중앙,24.2,43.4,False
1.자동차_878_1.wav,119.0,94.0,77.4,좌,중앙,25.0,41.6,False
1.자동차_880_1.wav,84.0,87.4,72.5,우,중앙,3.4,11.5,False
1.자동차_881_1.wav,112.0,93.6,79.8,우,중앙,18.4,32.2,False
1.자동차_882_1.wav,93.0,92.2,71.5,좌,중앙,0.8,21.5,False
1.자동차_883_1.wav,71.0,84.9,68.4,우,중앙,13.9,2.6,False
1.자동차_884_1.wav,75.0,77.2,61.6,좌,중앙,2.2,13.4,False
1.자동차_885_1.wav,115.0,93.1,73.9,좌,중앙,21.9,41.1,False
1.자동차_888_1.wav,104.0,88.8,73.0,우,중앙,15.2,31.0,False
1.자동차_889_1.wav,73.0,81.7,65.1,좌,중앙,8.7,7.9,False
1.자동차_88_1.wav,74.0,83.0,70.7,우,중앙,9.0,3.3,False
1.자동차_890_1.wav,103.0,94.0,72.3,좌,중앙,9.0,30.7,False
1.자동차_894_1.wav,68.0,84.6,68.0,우,중앙,16.6,0.0,False
1.자동차_896_1.wav,73.0,84.4,67.8,우,중앙,11.4,5.2,False
1.자동차_897_1.wav,69.0,85.7,69.6,우,중앙,16.7,0.6,False
1.자동차_89_1.wav,72.0,87.0,73.8,우,중앙,15.0,1.8,False
1.자동차_8_1.wav,76.0,89.4,75.1,우,우,13.4,0.9,True
1.자동차_900_1.wav,71.0,86.2,72.2,우,중앙,15.2,1.2,False
1.자동차_901_1.wav,88.0,88.7,74.0,우,중앙,0.7,14.0,False
1.자동차_905_1.wav,68.0,81.6,66.6,우,중앙,13.6,1.4,False
1.자동차_907_1.wav,113.0,89.3,74.0,우,중앙,23.7,39.0,False
1.자동차_914_1.wav,93.0,88.7,73.7,우,중앙,4.3,19.3,False
1.자동차_915_1.wav,124.0,94.0,83.5,우,중앙,30.0,40.5,False
1.자동차_916_1.wav,70.0,79.4,64.7,좌,좌,9.4,5.3,True
1.자동차_918_1.wav,71.0,80.7,64.5,좌,중앙,9.7,6.5,False
1.자동차_920_1.wav,70.0,79.2,63.2,좌,중앙,9.2,6.8,False
1.자동차_921_1.wav,75.0,85.9,69.0,우,중앙,10.9,6.0,False
1.자동차_922_1.wav,97.0,86.1,70.8,우,중앙,10.9,26.2,False
1.자동차_923_1.wav,90.0,89.0,73.2,좌,중앙,1.0,16.8,False
1.자동차_924_1.wav,75.0,85.6,69.9,우,중앙,10.6,5.1,False
1.자동차_925_1.wav,111.0,93.8,75.2,우,중앙,17.2,35.8,False
1.자동차_930_1.wav,71.0,82.3,67.9,우,중앙,11.3,3.1,False
1.자동차_932_1.wav,112.0,87.3,65.0,좌,중앙,24.7,47.0,False
1.자동차_933_1.wav,117.0,93.0,68.8,좌,중앙,24.0,48.2,False
1.자동차_934_1.wav,122.0,92.1,74.3,좌,중앙,29.9,47.7,False
1.자동차_938_1.wav,90.0,94.0,72.2,좌,중앙,4.0,17.8,False
1.자동차_93_1.wav,70.0,82.9,70.4,우,중앙,12.9,0.4,False
1.자동차_943_1.wav,74.0,79.8,63.9,우,중앙,5.8,10.1,False
1.자동차_946_1.wav,68.0,83.3,64.5,좌,좌,15.3,3.5,True
1.자동차_94_1.wav,70.0,81.0,67.3,우,중앙,11.0,2.7,False
1.자동차_951_1.wav,123.0,90.9,73.5,좌,중앙,32.1,49.5,False
1.자동차_952_1.wav,87.0,87.9,71.9,우,중앙,0.9,15.1,False
1.자동차_953_1.wav,71.0,84.7,67.6,우,중앙,13.7,3.4,False
1.자동차_954_1.wav,75.0,81.9,66.6,우,중앙,6.9,8.4,False
1.자동차_955_1.wav,72.0,85.3,70.6,우,중앙,13.3,1.4,False
1.자동차_956_1.wav,103.0,88.9,71.7,좌,중앙,14.1,31.3,False
1.자동차_959_1.wav,125.0,94.0,77.8,우,중앙,31.0,47.2,False
1.자동차_960_1.wav,73.0,83.7,69.9,좌,중앙,10.7,3.1,False
1.자동차_961_1.wav,72.0,81.0,66.2,좌,중앙,9.0,5.8,False
1.자동차_963_1.wav,90.0,88.9,73.4,우,중앙,1.1,16.6,False
1.자동차_967_1.wav,104.0,89.5,72.7,좌,중앙,14.5,31.3,False
1.자동차_968_1.wav,107.0,89.7,74.1,우,중앙,17.3,32.9,False
1.자동차_969_1.wav,118.0,89.0,74.6,우,중앙,29.0,43.4,False
1.자동차_970_1.wav,71.0,75.4,62.3,우,중앙,4.4,8.7,False
1.자동차_971_1.wav,70.0,84.2,68.0,좌,중앙,14.2,2.0,False
1.자동차_972_1.wav,125.0,94.0,79.5,우,중앙,31.0,45.5,False
1.자동차_973_1.wav,98.0,85.9,71.3,우,중앙,12.1,26.7,False
1.자동차_974_1.wav,119.0,92.6,72.8,좌,중앙,26.4,46.2,False
1.자동차_977_1.wav,79.0,87.2,70.2,우,중앙,8.2,8.8,False
1.자동차_981_1.wav,100.0,91.1,73.4,좌,중앙,8.9,26.6,False
1.자동차_983_1.wav,83.0,88.3,72.3,좌,중앙,5.3,10.7,False
1.자동차_984_1.wav,75.0,84.2,69.9,우,중앙,9.2,5.1,False
1.자동차_986_1.wav,92.0,86.6,71.3,우,중앙,5.4,20.7,False
1.자동차_98_1.wav,68.0,85.5,70.7,우,중앙,17.5,2.7,False
1.자동차_992_1.wav,70.0,80.1,64.9,좌,좌,10.1,5.1,True
1.자동차_993_1.wav,115.0,94.0,78.2,좌,중앙,21.0,36.8,False
1.자동차_995_1.wav,118.0,91.1,73.7,우,중앙,26.9,44.3,False
1.자동차_998_1.wav,75.0,84.5,69.5,우,중앙,9.5,5.5,False
1.자동차_9_1.wav,75.0,83.1,69.3,우,중앙,8.1,5.7,False
2.이륜자동차_1773_1.wav,124.0,92.1,77.0,우,중앙,31.9,47.0,False
2.이륜자동차_1774_1.wav,68.0,83.9,70.6,우,중앙,15.9,2.6,False
2.이륜자동차_1775_1.wav,71.0,85.2,69.8,우,중앙,14.2,1.2,False
2.이륜자동차_1776_1.wav,94.0,87.3,69.2,우,우,6.7,24.8,True
2.이륜자동차_1817_1.wav,102.0,89.6,77.1,우,중앙,12.4,24.9,False
2.이륜자동차_1820_1.wav,71.0,83.4,70.9,우,중앙,12.4,0.1,False
2.이륜자동차_1823_1.wav,72.0,84.4,68.6,우,중앙,12.4,3.4,False
2.이륜자동차_1825_1.wav,68.0,79.8,60.0,좌,중앙,11.8,8.0,False
2.이륜자동차_1827_1.wav,120.0,92.2,78.6,좌,중앙,27.8,41.4,False
2.이륜자동차_1830_1.wav,73.0,79.4,62.1,좌,중앙,6.4,10.9,False
2.이륜자동차_1834_1.wav,74.0,82.7,69.9,우,중앙,8.7,4.1,False
2.이륜자동차_1836_1.wav,69.0,77.4,63.4,우,중앙,8.4,5.6,False
2.이륜자동차_1838_1.wav,81.0,87.7,71.6,우,중앙,6.7,9.4,False
2.이륜자동차_1840_1.wav,68.0,81.9,69.2,우,중앙,13.9,1.2,False
2.이륜자동차_1841_1.wav,119.0,90.5,75.4,좌,중앙,28.5,43.6,False
2.이륜자동차_1843_1.wav,73.0,77.2,62.3,우,중앙,4.2,10.7,False
2.이륜자동차_1844_1.wav,115.0,89.6,74.5,우,중앙,25.4,40.5,False
2.이륜자동차_1849_1.wav,113.0,91.4,78.1,우,중앙,21.6,34.9,False
2.이륜자동차_1850_1.wav,115.0,89.4,77.3,우,중앙,25.6,37.7,False
2.이륜자동차_1851_1.wav,113.0,94.0,77.4,좌,중앙,19.0,35.6,False
2.이륜자동차_1852_1.wav,126.0,89.0,75.8,우,중앙,37.0,50.2,False
2.이륜자동차_1853_1.wav,74.0,80.9,66.2,우,중앙,6.9,7.8,False
2.이륜자동차_1854_1.wav,71.0,83.4,66.8,우,중앙,12.4,4.2,False
2.이륜자동차_1855_1.wav,122.0,93.5,77.8,좌,중앙,28.5,44.2,False
2.이륜자동차_1859_1.wav,124.0,94.0,85.8,우,중앙,30.0,38.2,False
2.이륜자동차_1861_1.wav,109.0,94.0,80.6,우,중앙,15.0,28.4,False
2.이륜자동차_1864_1.wav,104.0,87.4,71.2,우,중앙,16.6,32.8,False
2.이륜자동차_1868_1.wav,112.0,88.8,75.5,우,중앙,23.2,36.5,False
2.이륜자동차_1869_1.wav,68.0,81.7,68.2,우,중앙,13.7,0.2,False
2.이륜자동차_1870_1.wav,75.0,89.3,71.1,우,중앙,14.3,3.9,False
2.이륜자동차_1872_1.wav,127.0,92.7,76.5,우,중앙,34.3,50.5,False
2.이륜자동차_1880_1.wav,115.0,90.3,76.2,좌,중앙,24.7,38.8,False
2.이륜자동차_1882_1.wav,73.0,76.9,61.4,우,좌,3.9,11.6,False
2.이륜자동차_1885_1.wav,74.0,86.9,72.1,우,중앙,12.9,1.9,False
2.이륜자동차_1887_1.wav,72.0,83.2,66.2,우,중앙,11.2,5.8,False
2.이륜자동차_1888_1.wav,69.0,72.0,59.6,우,중앙,3.0,9.4,False
2.이륜자동차_1889_1.wav,110.0,91.5,79.6,우,중앙,18.5,30.4,False
2.이륜자동차_1894_1.wav,71.0,86.5,73.4,우,중앙,15.5,2.4,False
2.이륜자동차_1895_1.wav,74.0,89.9,74.6,우,중앙,15.9,0.6,False
2.이륜자동차_1896_1.wav,71.0,84.8,67.6,우,중앙,13.8,3.4,False
2.이륜자동차_1897_1.wav,68.0,76.3,62.7,우,중앙,8.3,5.3,False
2.이륜자동차_1898_1.wav,69.0,77.4,64.1,우,중앙,8.4,4.9,False
2.이륜자동차_1899_1.wav,68.0,87.0,71.7,좌,중앙,19.0,3.7,False
2.이륜자동차_1900_1.wav,80.0,85.0,68.5,우,중앙,5.0,11.5,False
2.이륜자동차_1902_1.wav,127.0,91.5,74.1,우,중앙,35.5,52.9,False
2.이륜자동차_1904_1.wav,105.0,90.3,76.5,우,중앙,14.7,28.5,False
2.이륜자동차_1908_1.wav,118.0,94.0,78.6,좌,중앙,24.0,39.4,False
2.이륜자동차_1909_1.wav,68.0,83.4,67.5,우,중앙,15.4,0.5,False
2.이륜자동차_1910_1.wav,127.0,94.0,84.9,좌,중앙,33.0,42.1,False
2.이륜자동차_1916_1.wav,68.0,80.8,63.6,우,중앙,12.8,4.4,False
2.이륜자동차_1917_1.wav,74.0,85.2,64.9,우,중앙,11.2,9.1,False
2.이륜자동차_1919_1.wav,109.0,94.0,76.6,좌,중앙,15.0,32.4,False
2.이륜자동차_1920_1.wav,125.0,94.0,80.4,좌,중앙,31.0,44.6,False
2.이륜자동차_1923_1.wav,118.0,91.7,77.1,좌,중앙,26.3,40.9,False
2.이륜자동차_1926_1.wav,74.0,80.4,61.5,우,중앙,6.4,12.5,False
2.이륜자동차_1928_1.wav,68.0,77.0,61.5,우,우,9.0,6.5,True
2.이륜자동차_1930_1.wav,71.0,85.1,71.0,좌,중앙,14.1,0.0,False
2.이륜자동차_1931_1.wav,100.0,88.3,74.6,우,중앙,11.7,25.4,False
2.이륜자동차_1932_1.wav,69.0,85.9,71.6,우,중앙,16.9,2.6,False
2.이륜자동차_1934_1.wav,68.0,83.0,62.9,우,중앙,15.0,5.1,False
2.이륜자동차_1935_1.wav,74.0,75.8,63.6,우,중앙,1.8,10.4,False
2.이륜자동차_1936_1.wav,111.0,89.7,76.4,우,중앙,21.3,34.6,False
2.이륜자동차_1938_1.wav,117.0,92.1,76.5,좌,중앙,24.9,40.5,False
2.이륜자동차_1939_1.wav,116.0,90.8,78.5,좌,중앙,25.2,37.5,False
2.이륜자동차_1941_1.wav,70.0,82.5,70.4,우,중앙,12.5,0.4,False
2.이륜자동차_1943_1.wav,120.0,94.0,89.3,좌,중앙,26.0,30.7,False
2.이륜자동차_1944_1.wav,102.0,94.0,79.8,우,중앙,8.0,22.2,False
2.이륜자동차_1946_1.wav,122.0,94.0,78.6,우,좌,28.0,43.4,False
2.이륜자동차_1947_1.wav,121.0,92.1,77.6,좌,중앙,28.9,43.4,False
2.이륜자동차_1951_1.wav,75.0,81.8,63.8,우,좌,6.8,11.2,False
2.이륜자동차_1952_1.wav,85.0,88.0,73.4,좌,중앙,3.0,11.6,False
2.이륜자동차_1953_1.wav,68.0,77.9,54.2,우,중앙,9.9,13.8,False
2.이륜자동차_1954_1.wav,78.0,88.7,70.9,좌,중앙,10.7,7.1,False
2.이륜자동차_1955_1.wav,117.0,94.0,81.0,좌,중앙,23.0,36.0,False
2.이륜자동차_1957_1.wav,74.0,82.2,62.4,우,좌,8.2,11.6,False
2.이륜자동차_1959_1.wav,112.0,91.1,77.4,좌,중앙,20.9,34.6,False
2.이륜자동차_1964_1.wav,125.0,94.0,75.4,좌,중앙,31.0,49.6,False
2.이륜자동차_1965_1.wav,82.0,88.8,73.8,좌,중앙,6.8,8.2,False
2.이륜자동차_1966_1.wav,122.0,91.7,77.7,우,중앙,30.3,44.3,False
2.이륜자동차_1968_1.wav,72.0,86.3,71.8,우,중앙,14.3,0.2,False
2.이륜자동차_1969_1.wav,105.0,92.3,78.4,좌,중앙,12.7,26.6,False
2.이륜자동차_1973_1.wav,71.0,83.0,69.5,우,중앙,12.0,1.5,False
2.이륜자동차_1979_1.wav,102.0,90.9,75.0,우,중앙,11.1,27.0,False
2.이륜자동차_1980_1.wav,98.0,87.1,73.5,우,중앙,10.9,24.5,False
2.이륜자동차_1985_1.wav,75.0,77.8,62.9,우,중앙,2.8,12.1,False
2.이륜자동차_1990_1.wav,72.0,82.5,68.4,좌,중앙,10.5,3.6,False
2.이륜자동차_1992_1.wav,73.0,85.6,70.5,우,중앙,12.6,2.5,False
2.이륜자동차_1993_1.wav,70.0,86.8,73.7,우,중앙,16.8,3.7,False
2.이륜자동차_1994_1.wav,102.0,89.1,70.0,우,중앙,12.9,32.0,False
2.이륜자동차_1998_1.wav,117.0,93.9,79.7,좌,중앙,23.1,37.3,False
2.이륜자동차_2000_1.wav,100.0,94.0,75.9,우,중앙,6.0,24.1,False
2.이륜자동차_2001_1.wav,85.0,92.4,73.5,우,중앙,7.4,11.5,False
2.이륜자동차_2003_1.wav,68.0,83.2,69.8,우,중앙,15.2,1.8,False
2.이륜자동차_2007_1.wav,70.0,83.3,67.1,우,중앙,13.3,2.9,False
2.이륜자동차_2010_1.wav,119.0,94.0,75.6,좌,중앙,25.0,43.4,False
2.이륜자동차_2011_1.wav,74.0,82.9,71.1,좌,중앙,8.9,2.9,False
2.이륜자동차_2014_1.wav,73.0,84.6,71.7,우,좌,11.6,1.3,False
2.이륜자동차_2016_1.wav,120.0,94.0,82.5,좌,중앙,26.0,37.5,False
2.이륜자동차_2027_1.wav,102.0,90.2,75.5,우,중앙,11.8,26.5,False
2.이륜자동차_2028_1.wav,106.0,94.0,84.0,좌,중앙,12.0,22.0,False
2.이륜자동차_2030_1.wav,96.0,85.8,73.9,우,중앙,10.2,22.1,False
2.이륜자동차_2031_1.wav,109.0,94.0,82.9,좌,중앙,15.0,26.1,False
2.이륜자동차_2034_1.wav,122.0,90.1,77.0,우,중앙,31.9,45.0,False
2.이륜자동차_2038_1.wav,104.0,94.0,79.8,좌,중앙,10.0,24.2,False
2.이륜자동차_2040_1.wav,115.0,87.6,75.6,우,중앙,27.4,39.4,False
2.이륜자동차_2043_1.wav,75.0,86.4,71.0,좌,중앙,11.4,4.0,False
2.이륜자동차_2049_1.wav,68.0,84.5,69.7,좌,중앙,16.5,1.7,False
2.이륜자동차_2057_1.wav,95.0,87.8,73.7,우,중앙,7.2,21.3,False
2.이륜자동차_2060_1.wav,72.0,85.1,70.4,우,중앙,13.1,1.6,False
2.이륜자동차_2063_1.wav,72.0,83.9,70.5,좌,중앙,11.9,1.5,False
2.이륜자동차_2066_1.wav,70.0,84.4,70.9,우,중앙,14.4,0.9,False
2.이륜자동차_2067_1.wav,69.0,82.1,66.5,우,중앙,13.1,2.5,False
2.이륜자동차_2068_1.wav,71.0,79.8,62.8,우,좌,8.8,8.2,False
2.이륜자동차_2070_1.wav,126.0,90.4,78.5,우,중앙,35.6,47.5,False
2.이륜자동차_2074_1.wav,114.0,91.8,79.4,우,중앙,22.2,34.6,False
2.이륜자동차_2077_1.wav,71.0,79.2,65.7,좌,중앙,8.2,5.3,False
2.이륜자동차_2078_1.wav,71.0,83.0,68.1,우,중앙,12.0,2.9,False
2.이륜자동차_2082_1.wav,127.0,90.8,77.6,우,중앙,36.2,49.4,False
2.이륜자동차_2087_1.wav,71.0,81.7,68.7,우,중앙,10.7,2.3,False
2.이륜자동차_2088_1.wav,78.0,87.9,72.5,우,중앙,9.9,5.5,False
2.이륜자동차_2090_1.wav,70.0,85.8,67.6,우,중앙,15.8,2.4,False
2.이륜자동차_2091_1.wav,124.0,94.0,81.8,우,중앙,30.0,42.2,False
2.이륜자동차_2093_1.wav,116.0,91.6,74.2,우,중앙,24.4,41.8,False
2.이륜자동차_2096_1.wav,117.0,93.4,80.6,우,중앙,23.6,36.4,False
2.이륜자동차_2097_1.wav,69.0,82.3,65.3,우,중앙,13.3,3.7,False
2.이륜자동차_2098_1.wav,68.0,81.9,68.5,우,중앙,13.9,0.5,False
2.이륜자동차_2099_1.wav,69.0,78.2,63.5,우,좌,9.2,5.5,False
2.이륜자동차_2104_1.wav,69.0,79.9,66.6,우,중앙,10.9,2.4,False
2.이륜자동차_2107_1.wav,69.0,66.6,54.3,우,중앙,2.4,14.7,False
2.이륜자동차_2108_1.wav,99.0,90.7,76.3,좌,중앙,8.3,22.7,False
2.이륜자동차_2109_1.wav,88.0,91.0,73.5,좌,중앙,3.0,14.5,False
2.이륜자동차_2110_1.wav,121.0,94.0,80.5,우,중앙,27.0,40.5,False
2.이륜자동차_2111_1.wav,72.0,84.3,65.9,우,좌,12.3,6.1,False
2.이륜자동차_2113_1.wav,118.0,91.8,77.0,우,중앙,26.2,41.0,False
2.이륜자동차_2114_1.wav,71.0,83.1,67.0,우,중앙,12.1,4.0,False
2.이륜자동차_2121_1.wav,112.0,94.0,82.2,좌,중앙,18.0,29.8,False
2.이륜자동차_2126_1.wav,68.0,81.2,60.0,우,중앙,13.2,8.0,False
2.이륜자동차_2127_1.wav,103.0,94.0,82.9,좌,중앙,9.0,20.1,False
2.이륜자동차_2128_1.wav,105.0,94.0,79.6,좌,중앙,11.0,25.4,False
2.이륜자동차_2132_1.wav,102.0,94.0,84.8,좌,중앙,8.0,17.2,False
2.이륜자동차_2138_1.wav,120.0,93.9,83.5,우,중앙,26.1,36.5,False
2.이륜자동차_2141_1.wav,75.0,68.3,51.7,우,중앙,6.7,23.3,False
2.이륜자동차_2144_1.wav,82.0,87.9,72.6,우,중앙,5.9,9.4,False
2.이륜자동차_2145_1.wav,69.0,81.2,66.7,우,중앙,12.2,2.3,False
2.이륜자동차_2149_1.wav,70.0,82.3,69.1,우,중앙,12.3,0.9,False
2.이륜자동차_2152_1.wav,68.0,77.3,63.6,우,중앙,9.3,4.4,False
2.이륜자동차_2154_1.wav,110.0,94.0,76.8,좌,중앙,16.0,33.2,False
2.이륜자동차_2155_1.wav,71.0,75.3,62.1,우,중앙,4.3,8.9,False
2.이륜자동차_2157_1.wav,105.0,90.0,75.9,우,중앙,15.0,29.1,False
2.이륜자동차_2158_1.wav,95.0,88.0,74.6,우,중앙,7.0,20.4,False
2.이륜자동차_2159_1.wav,75.0,85.7,69.1,우,중앙,10.7,5.9,False
2.이륜자동차_2161_1.wav,70.0,78.1,62.3,우,중앙,8.1,7.7,False
2.이륜자동차_2162_1.wav,74.0,81.4,68.3,우,중앙,7.4,5.7,False
2.이륜자동차_2163_1.wav,114.0,90.8,71.9,우,좌,23.2,42.1,False
2.이륜자동차_2166_1.wav,114.0,94.0,80.5,우,중앙,20.0,33.5,False
2.이륜자동차_2170_1.wav,106.0,87.2,72.8,우,중앙,18.8,33.2,False
2.이륜자동차_2171_1.wav,76.0,87.1,69.5,우,좌,11.1,6.5,False
2.이륜자동차_2172_1.wav,72.0,83.8,66.7,우,중앙,11.8,5.3,False
2.이륜자동차_2175_1.wav,119.0,91.7,74.1,우,중앙,27.3,44.9,False
2.이륜자동차_2176_1.wav,104.0,91.4,74.3,좌,중앙,12.6,29.7,False
2.이륜자동차_2177_1.wav,72.0,79.9,65.7,우,중앙,7.9,6.3,False
2.이륜자동차_2178_1.wav,96.0,87.6,74.7,좌,중앙,8.4,21.3,False
2.이륜자동차_2179_1.wav,105.0,94.0,77.9,우,중앙,11.0,27.1,False
2.이륜자동차_2180_1.wav,74.0,86.4,71.7,우,중앙,12.4,2.3,False
2.이륜자동차_2182_1.wav,74.0,84.3,69.7,우,중앙,10.3,4.3,False
2.이륜자동차_2185_1.wav,77.0,87.6,74.0,우,중앙,10.6,3.0,False
2.이륜자동차_2193_1.wav,70.0,76.2,62.1,우,중앙,6.2,7.9,False
2.이륜자동차_2196_1.wav,68.0,77.9,63.9,우,중앙,9.9,4.1,False
2.이륜자동차_2197_1.wav,70.0,82.7,69.1,우,중앙,12.7,0.9,False
2.이륜자동차_2198_1.wav,71.0,84.0,67.1,우,중앙,13.0,3.9,False
2.이륜자동차_2199_1.wav,72.0,85.9,71.4,우,중앙,13.9,0.6,False
2.이륜자동차_2201_1.wav,69.0,84.4,67.0,우,중앙,15.4,2.0,False
2.이륜자동차_2205_1.wav,69.0,86.4,72.1,좌,중앙,17.4,3.1,False
2.이륜자동차_2206_1.wav,73.0,75.5,58.8,우,중앙,2.5,14.2,False
2.이륜자동차_2212_1.wav,69.0,85.7,71.2,우,중앙,16.7,2.2,False
2.이륜자동차_2214_1.wav,106.0,87.6,74.6,우,중앙,18.4,31.4,False
2.이륜자동차_2215_1.wav,112.0,92.4,79.1,우,중앙,19.6,32.9,False
2.이륜자동차_2216_1.wav,76.0,88.6,70.7,좌,중앙,12.6,5.3,False
2.이륜자동차_2217_1.wav,75.0,81.9,65.8,우,좌,6.9,9.2,False
2.이륜자동차_2221_1.wav,72.0,86.8,71.7,우,중앙,14.8,0.3,False
2.이륜자동차_2222_1.wav,74.0,82.1,67.2,우,중앙,8.1,6.8,False
2.이륜자동차_2225_1.wav,72.0,78.7,62.4,우,중앙,6.7,9.6,False
2.이륜자동차_2228_1.wav,113.0,94.0,82.5,좌,중앙,19.0,30.5,False
2.이륜자동차_2230_1.wav,72.0,83.6,67.9,우,중앙,11.6,4.1,False
2.이륜자동차_2233_1.wav,72.0,85.7,70.5,우,중앙,13.7,1.5,False
2.이륜자동차_2235_1.wav,103.0,86.9,72.9,우,중앙,16.1,30.1,False
2.이륜자동차_2239_1.wav,70.0,83.3,64.9,우,중앙,13.3,5.1,False
2.이륜자동차_2240_1.wav,73.0,75.6,60.9,우,중앙,2.6,12.1,False
2.이륜자동차_2241_1.wav,107.0,88.2,75.0,우,중앙,18.8,32.0,False
2.이륜자동차_2242_1.wav,115.0,94.0,86.6,우,중앙,21.0,28.4,False
2.이륜자동차_2244_1.wav,73.0,83.8,67.6,우,좌,10.8,5.4,False
2.이륜자동차_2246_1.wav,121.0,89.9,74.8,우,중앙,31.1,46.2,False
2.이륜자동차_2248_1.wav,79.0,86.3,71.7,우,중앙,7.3,7.3,False
2.이륜자동차_2252_1.wav,69.0,85.5,67.2,우,중앙,16.5,1.8,False
2.이륜자동차_2253_1.wav,74.0,65.7,52.1,우,중앙,8.3,21.9,False
2.이륜자동차_2254_1.wav,74.0,75.5,59.4,좌,중앙,1.5,14.6,False
2.이륜자동차_2255_1.wav,120.0,93.4,80.3,우,중앙,26.6,39.7,False
2.이륜자동차_2256_1.wav,90.0,86.6,72.7,우,중앙,3.4,17.3,False
2.이륜자동차_2259_1.wav,73.0,86.1,72.9,우,중앙,13.1,0.1,False
2.이륜자동차_2260_1.wav,78.0,87.1,70.9,우,중앙,9.1,7.1,False
2.이륜자동차_2262_1.wav,81.0,90.5,72.0,좌,중앙,9.5,9.0,False
2.이륜자동차_2263_1.wav,108.0,94.0,83.4,우,중앙,14.0,24.6,False
2.이륜자동차_2265_1.wav,74.0,80.6,62.3,우,좌,6.6,11.7,False
2.이륜자동차_2266_1.wav,123.0,87.9,77.0,우,중앙,35.1,46.0,False
2.이륜자동차_2267_1.wav,111.0,88.2,77.4,우,중앙,22.8,33.6,False
2.이륜자동차_2268_1.wav,70.0,72.4,59.4,우,중앙,2.4,10.6,False
2.이륜자동차_2269_1.wav,95.0,86.6,70.6,우,중앙,8.4,24.4,False
2.이륜자동차_2270_1.wav,68.0,86.0,70.4,우,중앙,18.0,2.4,False
2.이륜자동차_2276_1.wav,68.0,80.1,64.2,우,중앙,12.1,3.8,False
2.이륜자동차_2277_1.wav,69.0,86.4,72.4,우,중앙,17.4,3.4,False
2.이륜자동차_2278_1.wav,68.0,79.3,65.9,우,중앙,11.3,2.1,False
2.이륜자동차_2279_1.wav,112.0,93.8,78.2,좌,중앙,18.2,33.8,False
2.이륜자동차_2280_1.wav,71.0,84.7,70.2,우,중앙,13.7,0.8,False
2.이륜자동차_2281_1.wav,71.0,76.4,62.7,우,중앙,5.4,8.3,False
2.이륜자동차_2282_1.wav,100.0,92.5,78.8,좌,중앙,7.5,21.2,False
2.이륜자동차_2283_1.wav,74.0,83.8,69.6,우,중앙,9.8,4.4,False
2.이륜자동차_2285_1.wav,110.0,94.0,83.3,좌,중앙,16.0,26.7,False
2.이륜자동차_2287_1.wav,72.0,87.5,68.6,우,좌,15.5,3.4,False
2.이륜자동차_2288_1.wav,70.0,74.7,59.4,우,중앙,4.7,10.6,False
2.이륜자동차_2290_1.wav,72.0,83.9,70.2,좌,중앙,11.9,1.8,False
2.이륜자동차_2292_1.wav,72.0,78.3,62.7,우,좌,6.3,9.3,False
2.이륜자동차_2293_1.wav,74.0,86.4,71.5,우,중앙,12.4,2.5,False
2.이륜자동차_2294_1.wav,109.0,91.2,77.2,우,중앙,17.8,31.8,False
2.이륜자동차_2296_1.wav,106.0,94.0,75.5,우,중앙,12.0,30.5,False
2.이륜자동차_2297_1.wav,72.0,87.9,73.0,우,중앙,15.9,1.0,False
2.이륜자동차_2298_1.wav,71.0,79.5,66.3,우,중앙,8.5,4.7,False
2.이륜자동차_2299_1.wav,75.0,83.2,67.1,우,중앙,8.2,7.9,False
2.이륜자동차_2300_1.wav,102.0,91.9,77.7,좌,중앙,10.1,24.3,False
2.이륜자동차_2303_1.wav,68.0,80.9,65.1,우,좌,12.9,2.9,False
2.이륜자동차_2307_1.wav,76.0,84.1,71.0,우,중앙,8.1,5.0,False
2.이륜자동차_2308_1.wav,108.0,94.0,80.4,좌,중앙,14.0,27.6,False
2.이륜자동차_2309_1.wav,94.0,90.1,76.0,우,중앙,3.9,18.0,False
2.이륜자동차_2310_1.wav,72.0,85.2,71.9,우,중앙,13.2,0.1,False
2.이륜자동차_2312_1.wav,74.0,84.0,68.0,우,중앙,10.0,6.0,False
2.이륜자동차_2313_1.wav,111.0,89.8,77.6,우,중앙,21.2,33.4,False
2.이륜자동차_2314_1.wav,127.0,94.0,85.2,좌,중앙,33.0,41.8,False
2.이륜자동차_2315_1.wav,74.0,84.7,71.6,우,중앙,10.7,2.4,False
2.이륜자동차_2316_1.wav,72.0,75.2,58.7,좌,중앙,3.2,13.3,False
2.이륜자동차_2320_1.wav,84.0,88.0,69.9,우,중앙,4.0,14.1,False
2.이륜자동차_2321_1.wav,69.0,72.6,59.8,우,중앙,3.6,9.2,False
2.이륜자동차_2322_1.wav,73.0,85.8,72.4,우,중앙,12.8,0.6,False
2.이륜자동차_2325_1.wav,103.0,90.6,76.8,우,중앙,12.4,26.2,False
2.이륜자동차_2326_1.wav,68.0,82.8,67.2,우,중앙,14.8,0.8,False
2.이륜자동차_2327_1.wav,74.0,85.9,72.2,우,중앙,11.9,1.8,False
2.이륜자동차_2328_1.wav,114.0,94.0,81.2,우,중앙,20.0,32.8,False
2.이륜자동차_2330_1.wav,75.0,86.9,70.6,우,중앙,11.9,4.4,False
2.이륜자동차_2331_1.wav,72.0,83.4,69.6,좌,중앙,11.4,2.4,False
2.이륜자동차_2333_1.wav,73.0,80.8,66.5,우,중앙,7.8,6.5,False
2.이륜자동차_2335_1.wav,127.0,92.6,77.9,좌,중앙,34.4,49.1,False
2.이륜자동차_2336_1.wav,116.0,94.0,86.2,우,중앙,22.0,29.8,False
2.이륜자동차_2338_1.wav,69.0,77.3,58.2,우,좌,8.3,10.8,False
2.이륜자동차_2339_1.wav,125.0,93.8,79.9,우,중앙,31.2,45.1,False
2.이륜자동차_2340_1.wav,70.0,83.3,67.1,우,중앙,13.3,2.9,False
2.이륜자동차_2344_1.wav,116.0,90.7,75.6,좌,중앙,25.3,40.4,False
2.이륜자동차_2345_1.wav,90.0,89.2,75.3,우,중앙,0.8,14.7,False
2.이륜자동차_2347_1.wav,118.0,94.0,83.5,좌,중앙,24.0,34.5,False
2.이륜자동차_2348_1.wav,74.0,79.3,62.7,우,중앙,5.3,11.3,False
2.이륜자동차_2351_1.wav,71.0,85.7,72.0,우,중앙,14.7,1.0,False
2.이륜자동차_2353_1.wav,106.0,93.5,76.9,좌,중앙,12.5,29.1,False
2.이륜자동차_2356_1.wav,127.0,93.8,80.7,우,중앙,33.2,46.3,False
2.이륜자동차_2357_1.wav,124.0,89.9,71.7,우,중앙,34.1,52.3,False
2.이륜자동차_2358_1.wav,72.0,84.5,70.0,우,중앙,12.5,2.0,False
2.이륜자동차_2359_1.wav,72.0,89.2,69.9,우,중앙,17.2,2.1,False
2.이륜자동차_2360_1.wav,128.0,88.8,76.8,우,중앙,39.2,51.2,False
2.이륜자동차_2361_1.wav,73.0,83.7,66.4,우,중앙,10.7,6.6,False
2.이륜자동차_2362_1.wav,71.0,73.1,59.4,우,중앙,2.1,11.6,False
2.이륜자동차_2369_1.wav,90.0,86.6,72.9,우,중앙,3.4,17.1,False
2.이륜자동차_2372_1.wav,116.0,94.0,81.9,우,중앙,22.0,34.1,False
2.이륜자동차_2374_1.wav,68.0,83.0,65.7,우,중앙,15.0,2.3,False
2.이륜자동차_2375_1.wav,96.0,89.8,73.4,우,중앙,6.2,22.6,False
2.이륜자동차_2377_1.wav,75.0,81.6,64.6,우,중앙,6.6,10.4,False
2.이륜자동차_2379_1.wav,120.0,94.0,78.5,우,중앙,26.0,41.5,False
2.이륜자동차_2380_1.wav,105.0,87.8,72.6,우,중앙,17.2,32.4,False
2.이륜자동차_2381_1.wav,108.0,93.7,77.0,좌,중앙,14.3,31.0,False
2.이륜자동차_2384_1.wav,112.0,89.1,72.9,좌,중앙,22.9,39.1,False
2.이륜자동차_2385_1.wav,102.0,94.0,82.3,좌,중앙,8.0,19.7,False
2.이륜자동차_2386_1.wav,124.0,89.4,75.7,좌,중앙,34.6,48.3,False
2.이륜자동차_2392_1.wav,92.0,88.2,72.0,우,중앙,3.8,20.0,False
2.이륜자동차_2395_1.wav,120.0,90.1,76.6,우,중앙,29.9,43.4,False
2.이륜자동차_2397_1.wav,122.0,89.0,75.1,우,중앙,33.0,46.9,False
2.이륜자동차_2398_1.wav,112.0,94.0,75.1,우,중앙,18.0,36.9,False
2.이륜자동차_2401_1.wav,106.0,94.0,81.3,우,중앙,12.0,24.7,False
2.이륜자동차_2403_1.wav,74.0,87.5,71.9,우,중앙,13.5,2.1,False
2.이륜자동차_2404_1.wav,73.0,84.2,65.1,우,중앙,11.2,7.9,False
2.이륜자동차_2405_1.wav,90.0,88.3,69.8,우,중앙,1.7,20.2,False
2.이륜자동차_2406_1.wav,94.0,89.2,71.0,우,중앙,4.8,23.0,False
2.이륜자동차_2409_1.wav,68.0,84.5,71.2,우,중앙,16.5,3.2,False
2.이륜자동차_2410_1.wav,75.0,80.9,64.6,우,중앙,5.9,10.4,False
2.이륜자동차_2411_1.wav,68.0,75.7,61.8,우,중앙,7.7,6.2,False
2.이륜자동차_2412_1.wav,104.0,88.9,73.6,우,중앙,15.1,30.4,False
2.이륜자동차_2414_1.wav,74.0,84.7,69.3,좌,중앙,10.7,4.7,False
2.이륜자동차_2417_1.wav,69.0,85.8,69.5,좌,중앙,16.8,0.5,False
2.이륜자동차_2421_1.wav,75.0,86.8,72.4,좌,중앙,11.8,2.6,False
2.이륜자동차_2422_1.wav,71.0,73.6,56.1,우,중앙,2.6,14.9,False
2.이륜자동차_2423_1.wav,74.0,85.9,72.6,우,중앙,11.9,1.4,False
2.이륜자동차_2424_1.wav,110.0,94.0,77.3,좌,중앙,16.0,32.7,False
2.이륜자동차_2425_1.wav,92.0,87.3,73.8,우,중앙,4.7,18.2,False
2.이륜자동차_2426_1.wav,75.0,80.2,65.2,우,중앙,5.2,9.8,False
2.이륜자동차_2429_1.wav,103.0,89.9,76.1,우,중앙,13.1,26.9,False
2.이륜자동차_2431_1.wav,72.0,87.4,69.6,우,중앙,15.4,2.4,False
2.이륜자동차_2432_1.wav,86.0,89.5,75.4,우,중앙,3.5,10.6,False
2.이륜자동차_2433_1.wav,103.0,94.0,80.8,좌,중앙,9.0,22.2,False
2.이륜자동차_2434_1.wav,71.0,84.2,67.4,우,중앙,13.2,3.6,False
2.이륜자동차_2438_1.wav,99.0,90.3,73.9,좌,중앙,8.7,25.1,False
2.이륜자동차_2443_1.wav,74.0,82.1,66.5,우,중앙,8.1,7.5,False
2.이륜자동차_2448_1.wav,113.0,88.9,75.4,우,중앙,24.1,37.6,False
2.이륜자동차_2449_1.wav,72.0,68.1,55.4,우,중앙,3.9,16.6,False
2.이륜자동차_2452_1.wav,68.0,80.2,65.7,우,중앙,12.2,2.3,False
2.이륜자동차_2453_1.wav,120.0,93.0,78.1,좌,중앙,27.0,41.9,False
2.이륜자동차_2455_1.wav,75.0,77.6,60.1,우,좌,2.6,14.9,False
2.이륜자동차_2456_1.wav,111.0,94.0,78.8,좌,중앙,17.0,32.2,False
2.이륜자동차_2457_1.wav,74.0,78.9,65.7,우,중앙,4.9,8.3,False
2.이륜자동차_2459_1.wav,81.0,89.0,71.9,우,중앙,8.0,9.1,False
2.이륜자동차_2460_1.wav,75.0,78.7,64.2,우,중앙,3.7,10.8,False
2.이륜자동차_2463_1.wav,97.0,93.0,75.3,좌,중앙,4.0,21.7,False
2.이륜자동차_2466_1.wav,68.0,85.9,70.4,우,중앙,17.9,2.4,False
2.이륜자동차_2468_1.wav,126.0,93.1,78.9,좌,중앙,32.9,47.1,False
2.이륜자동차_2470_1.wav,71.0,86.2,69.8,우,중앙,15.2,1.2,False
2.이륜자동차_2471_1.wav,70.0,80.8,66.8,우,중앙,10.8,3.2,False
2.이륜자동차_2472_1.wav,122.0,94.0,81.7,좌,중앙,28.0,40.3,False
2.이륜자동차_2474_1.wav,101.0,94.0,76.4,우,중앙,7.0,24.6,False
2.이륜자동차_2475_1.wav,100.0,94.0,77.6,좌,좌,6.0,22.4,True
2.이륜자동차_2480_1.wav,122.0,94.0,78.8,우,중앙,28.0,43.2,False
2.이륜자동차_2482_1.wav,70.0,78.6,62.6,우,중앙,8.6,7.4,False
2.이륜자동차_2484_1.wav,106.0,94.0,74.0,우,중앙,12.0,32.0,False
2.이륜자동차_2486_1.wav,124.0,90.9,77.9,좌,중앙,33.1,46.1,False
2.이륜자동차_2487_1.wav,116.0,90.0,74.7,우,중앙,26.0,41.3,False
2.이륜자동차_2488_1.wav,74.0,85.5,68.1,우,중앙,11.5,5.9,False
2.이륜자동차_2489_1.wav,72.0,88.9,71.8,좌,중앙,16.9,0.2,False
2.이륜자동차_2491_1.wav,70.0,77.1,61.4,우,중앙,7.1,8.6,False
2.이륜자동차_2492_1.wav,72.0,85.2,72.7,우,중앙,13.2,0.7,False
2.이륜자동차_2493_1.wav,103.0,89.0,73.1,우,중앙,14.0,29.9,False
2.이륜자동차_2494_1.wav,89.0,86.4,73.1,우,중앙,2.6,15.9,False
2.이륜자동차_2495_1.wav,128.0,92.7,75.7,좌,중앙,35.3,52.3,False
2.이륜자동차_2498_1.wav,75.0,85.2,71.4,우,중앙,10.2,3.6,False
2.이륜자동차_2500_1.wav,69.0,84.8,66.4,우,중앙,15.8,2.6,False
2.이륜자동차_2504_1.wav,76.0,87.3,72.1,우,중앙,11.3,3.9,False
2.이륜자동차_2505_1.wav,84.0,88.4,73.2,우,중앙,4.4,10.8,False
2.이륜자동차_2506_1.wav,107.0,94.0,78.3,좌,중앙,13.0,28.7,False
2.이륜자동차_2510_1.wav,111.0,93.3,77.5,좌,중앙,17.7,33.5,False
2.이륜자동차_2512_1.wav,127.0,94.0,81.3,우,중앙,33.0,45.7,False
2.이륜자동차_2514_1.wav,109.0,94.0,76.9,좌,중앙,15.0,32.1,False
2.이륜자동차_2516_1.wav,121.0,91.4,77.7,우,중앙,29.6,43.3,False
2.이륜자동차_2521_1.wav,73.0,77.4,61.5,우,중앙,4.4,11.5,False
2.이륜자동차_2522_1.wav,73.0,78.8,65.1,우,중앙,5.8,7.9,False
2.이륜자동차_2524_1.wav,81.0,89.7,64.4,우,중앙,8.7,16.6,False
2.이륜자동차_2526_1.wav,72.0,82.5,67.3,우,중앙,10.5,4.7,False
2.이륜자동차_2528_1.wav,100.0,94.0,79.5,좌,중앙,6.0,20.5,False
2.이륜자동차_2531_1.wav,123.0,91.6,78.0,좌,중앙,31.4,45.0,False
2.이륜자동차_2532_1.wav,108.0,91.0,76.1,우,중앙,17.0,31.9,False
2.이륜자동차_2533_1.wav,73.0,85.9,70.8,우,중앙,12.9,2.2,False
2.이륜자동차_2536_1.wav,110.0,94.0,77.7,좌,중앙,16.0,32.3,False
2.이륜자동차_2537_1.wav,70.0,86.9,71.5,우,중앙,16.9,1.5,False
2.이륜자동차_2538_1.wav,72.0,80.3,63.3,우,중앙,8.3,8.7,False
2.이륜자동차_2539_1.wav,68.0,78.5,59.9,우,중앙,10.5,8.1,False
2.이륜자동차_2544_1.wav,121.0,89.1,74.4,우,중앙,31.9,46.6,False
2.이륜자동차_2548_1.wav,88.0,90.3,74.0,우,중앙,2.3,14.0,False
2.이륜자동차_2550_1.wav,124.0,86.9,74.9,우,중앙,37.1,49.1,False
2.이륜자동차_2551_1.wav,103.0,90.0,69.4,우,중앙,13.0,33.6,False
2.이륜자동차_2553_1.wav,69.0,85.4,69.2,우,중앙,16.4,0.2,False
2.이륜자동차_2556_1.wav,73.0,84.8,66.9,우,중앙,11.8,6.1,False
2.이륜자동차_2557_1.wav,81.0,87.2,70.5,우,중앙,6.2,10.5,False
2.이륜자동차_2559_1.wav,109.0,88.3,69.2,우,중앙,20.7,39.8,False
2.이륜자동차_2560_1.wav,125.0,93.5,79.0,우,중앙,31.5,46.0,False
2.이륜자동차_2562_1.wav,109.0,94.0,77.5,좌,중앙,15.0,31.5,False
2.이륜자동차_2563_1.wav,75.0,78.2,64.2,우,중앙,3.2,10.8,False
2.이륜자동차_2567_1.wav,93.0,86.3,72.4,우,중앙,6.7,20.6,False
2.이륜자동차_2568_1.wav,70.0,83.1,66.6,우,중앙,13.1,3.4,False
2.이륜자동차_2569_1.wav,83.0,86.5,70.0,우,중앙,3.5,13.0,False
2.이륜자동차_2573_1.wav,72.0,84.0,66.6,우,중앙,12.0,5.4,False
2.이륜자동차_2575_1.wav,123.0,94.0,75.0,좌,중앙,29.0,48.0,False
2.이륜자동차_2576_1.wav,107.0,91.2,75.1,좌,중앙,15.8,31.9,False
2.이륜자동차_2577_1.wav,72.0,77.6,62.5,우,중앙,5.6,9.5,False
2.이륜자동차_2580_1.wav,121.0,90.8,76.9,우,중앙,30.2,44.1,False
2.이륜자동차_2585_1.wav,73.0,87.1,72.4,우,중앙,14.1,0.6,False
2.이륜자동차_2586_1.wav,126.0,94.0,84.7,좌,중앙,32.0,41.3,False
2.이륜자동차_2587_1.wav,71.0,70.0,53.4,우,중앙,1.0,17.6,False
2.이륜자동차_2588_1.wav,110.0,87.8,72.8,우,중앙,22.2,37.2,False
2.이륜자동차_2589_1.wav,74.0,83.5,63.2,우,중앙,9.5,10.8,False
2.이륜자동차_2590_1.wav,75.0,83.6,61.2,우,중앙,8.6,13.8,False
2.이륜자동차_2591_1.wav,109.0,92.7,77.9,우,중앙,16.3,31.1,False
2.이륜자동차_2594_1.wav,69.0,75.0,57.3,우,중앙,6.0,11.7,False
2.이륜자동차_2595_1.wav,109.0,93.4,78.6,좌,중앙,15.6,30.4,False
2.이륜자동차_2596_1.wav,71.0,81.9,67.4,우,중앙,10.9,3.6,False
2.이륜자동차_2598_1.wav,72.0,83.0,67.0,우,중앙,11.0,5.0,False
2.이륜자동차_2599_1.wav,70.0,78.6,62.2,좌,중앙,8.6,7.8,False
2.이륜자동차_2600_1.wav,107.0,94.0,78.0,우,중앙,13.0,29.0,False
2.이륜자동차_2602_1.wav,82.0,85.4,69.1,우,중앙,3.4,12.9,False
2.이륜자동차_2603_1.wav,73.0,84.9,67.9,우,중앙,11.9,5.1,False
2.이륜자동차_2606_1.wav,106.0,87.9,75.5,우,중앙,18.1,30.5,False
2.이륜자동차_2608_1.wav,112.0,94.0,80.3,우,중앙,18.0,31.7,False
2.이륜자동차_2609_1.wav,73.0,82.7,64.9,우,중앙,9.7,8.1,False
2.이륜자동차_2610_1.wav,102.0,94.0,78.7,좌,중앙,8.0,23.3,False
2.이륜자동차_2611_1.wav,69.0,84.9,68.6,우,중앙,15.9,0.4,False
2.이륜자동차_2614_1.wav,73.0,82.6,61.6,우,좌,9.6,11.4,False
2.이륜자동차_2617_1.wav,104.0,94.0,77.7,좌,중앙,10.0,26.3,False
2.이륜자동차_2618_1.wav,69.0,80.2,63.2,우,중앙,11.2,5.8,False
2.이륜자동차_2620_1.wav,75.0,72.8,58.8,우,중앙,2.2,16.2,False
2.이륜자동차_2624_1.wav,94.0,88.1,74.6,우,중앙,5.9,19.4,False
2.이륜자동차_2629_1.wav,111.0,88.2,75.4,우,중앙,22.8,35.6,False
2.이륜자동차_2631_1.wav,103.0,91.9,76.5,우,중앙,11.1,26.5,False
2.이륜자동차_2632_1.wav,122.0,94.0,81.4,좌,중앙,28.0,40.6,False
2.이륜자동차_2635_1.wav,75.0,82.9,67.4,우,좌,7.9,7.6,False
2.이륜자동차_2636_1.wav,123.0,91.2,75.8,우,중앙,31.8,47.2,False
2.이륜자동차_2637_1.wav,72.0,87.2,68.4,우,중앙,15.2,3.6,False
2.이륜자동차_2638_1.wav,68.0,77.2,62.5,우,중앙,9.2,5.5,False
2.이륜자동차_2640_1.wav,68.0,82.1,66.6,좌,중앙,14.1,1.4,False
2.이륜자동차_2641_1.wav,92.0,90.0,70.4,우,중앙,2.0,21.6,False
2.이륜자동차_2645_1.wav,74.0,82.9,64.5,우,중앙,8.9,9.5,False
2.이륜자동차_2650_1.wav,74.0,86.5,71.6,우,중앙,12.5,2.4,False
2.이륜자동차_2652_1.wav,117.0,89.2,75.2,좌,중앙,27.8,41.8,False
2.이륜자동차_2653_1.wav,70.0,76.7,60.4,우,중앙,6.7,9.6,False
2.이륜자동차_2658_1.wav,106.0,89.2,69.5,좌,중앙,16.8,36.5,False
2.이륜자동차_2659_1.wav,74.0,80.0,58.7,우,좌,6.0,15.3,False
2.이륜자동차_2660_1.wav,75.0,73.9,58.9,우,중앙,1.1,16.1,False
2.이륜자동차_2662_1.wav,71.0,85.1,73.0,우,중앙,14.1,2.0,False
2.이륜자동차_2663_1.wav,74.0,77.2,61.7,우,중앙,3.2,12.3,False
2.이륜자동차_2664_1.wav,111.0,94.0,79.0,좌,중앙,17.0,32.0,False
2.이륜자동차_2666_1.wav,73.0,80.1,63.4,우,중앙,7.1,9.6,False
2.이륜자동차_2667_1.wav,68.0,77.3,63.8,우,중앙,9.3,4.2,False
2.이륜자동차_2668_1.wav,68.0,84.2,69.7,우,중앙,16.2,1.7,False
2.이륜자동차_2671_1.wav,71.0,85.3,69.2,우,중앙,14.3,1.8,False
2.이륜자동차_2672_1.wav,73.0,81.4,67.2,우,중앙,8.4,5.8,False
2.이륜자동차_2675_1.wav,69.0,83.6,63.9,우,중앙,14.6,5.1,False
2.이륜자동차_2676_1.wav,70.0,66.1,50.8,우,중앙,3.9,19.2,False
2.이륜자동차_2677_1.wav,74.0,84.5,70.9,우,중앙,10.5,3.1,False
2.이륜자동차_2678_1.wav,69.0,72.6,57.8,우,중앙,3.6,11.2,False
2.이륜자동차_2679_1.wav,68.0,88.7,61.9,우,중앙,20.7,6.1,False
2.이륜자동차_2680_1.wav,71.0,85.6,71.4,우,중앙,14.6,0.4,False
2.이륜자동차_2683_1.wav,95.0,87.0,73.4,우,중앙,8.0,21.6,False
2.이륜자동차_2686_1.wav,69.0,86.6,72.5,우,중앙,17.6,3.5,False
2.이륜자동차_2691_1.wav,126.0,90.8,75.6,좌,중앙,35.2,50.4,False
2.이륜자동차_2693_1.wav,85.0,89.9,75.0,우,중앙,4.9,10.0,False
2.이륜자동차_2697_1.wav,85.0,90.1,73.7,좌,중앙,5.1,11.3,False
2.이륜자동차_2698_1.wav,69.0,83.8,68.9,우,중앙,14.8,0.1,False
2.이륜자동차_2699_1.wav,112.0,89.6,73.7,우,중앙,22.4,38.3,False
2.이륜자동차_2702_1.wav,74.0,83.4,64.0,우,중앙,9.4,10.0,False
2.이륜자동차_2704_1.wav,123.0,94.0,80.5,우,중앙,29.0,42.5,False
2.이륜자동차_2706_1.wav,75.0,88.4,72.7,우,중앙,13.4,2.3,False
2.이륜자동차_2708_1.wav,74.0,84.3,68.3,우,중앙,10.3,5.7,False
2.이륜자동차_2709_1.wav,88.0,91.3,72.9,좌,좌,3.3,15.1,True
2.이륜자동차_2710_1.wav,77.0,91.3,73.4,우,중앙,14.3,3.6,False
2.이륜자동차_2712_1.wav,69.0,72.9,57.6,우,중앙,3.9,11.4,False
2.이륜자동차_2713_1.wav,82.0,88.2,71.4,우,중앙,6.2,10.6,False
2.이륜자동차_2714_1.wav,69.0,87.9,71.4,우,중앙,18.9,2.4,False
2.이륜자동차_2715_1.wav,70.0,80.7,59.9,우,좌,10.7,10.1,False
2.이륜자동차_2716_1.wav,112.0,94.0,80.9,좌,중앙,18.0,31.1,False
2.이륜자동차_2717_1.wav,74.0,86.2,70.6,좌,중앙,12.2,3.4,False
2.이륜자동차_2718_1.wav,71.0,82.4,66.7,우,중앙,11.4,4.3,False
2.이륜자동차_2721_1.wav,69.0,86.5,70.5,좌,중앙,17.5,1.5,False
2.이륜자동차_2722_1.wav,69.0,76.6,61.5,우,중앙,7.6,7.5,False
2.이륜자동차_2724_1.wav,91.0,88.5,68.5,우,중앙,2.5,22.5,False
2.이륜자동차_2725_1.wav,71.0,80.7,66.3,우,중앙,9.7,4.7,False
2.이륜자동차_2726_1.wav,122.0,89.9,77.2,우,중앙,32.1,44.8,False
2.이륜자동차_2728_1.wav,108.0,91.7,76.2,우,중앙,16.3,31.8,False
2.이륜자동차_2730_1.wav,102.0,86.0,72.0,우,중앙,16.0,30.0,False
2.이륜자동차_2734_1.wav,71.0,85.5,65.9,우,중앙,14.5,5.1,False
2.이륜자동차_2735_1.wav,119.0,94.0,74.1,우,중앙,25.0,44.9,False
2.이륜자동차_2738_1.wav,74.0,82.7,65.0,우,중앙,8.7,9.0,False
2.이륜자동차_2740_1.wav,99.0,89.4,71.2,우,중앙,9.6,27.8,False
2.이륜자동차_2742_1.wav,73.0,84.9,71.0,우,중앙,11.9,2.0,False
2.이륜자동차_2744_1.wav,99.0,89.8,71.6,우,중앙,9.2,27.4,False
2.이륜자동차_2746_1.wav,73.0,82.8,67.2,우,중앙,9.8,5.8,False
2.이륜자동차_2751_1.wav,118.0,93.6,76.1,우,중앙,24.4,41.9,False
2.이륜자동차_2754_1.wav,68.0,83.7,69.5,우,중앙,15.7,1.5,False
2.이륜자동차_2755_1.wav,70.0,82.8,68.4,우,중앙,12.8,1.6,False
2.이륜자동차_2756_1.wav,104.0,94.0,86.7,좌,중앙,10.0,17.3,False
2.이륜자동차_2760_1.wav,68.0,79.3,64.7,우,중앙,11.3,3.3,False
2.이륜자동차_2762_1.wav,82.0,89.1,67.1,우,중앙,7.1,14.9,False
2.이륜자동차_2766_1.wav,70.0,81.9,66.0,우,중앙,11.9,4.0,False
2.이륜자동차_2767_1.wav,82.0,88.6,69.0,우,중앙,6.6,13.0,False
2.이륜자동차_2768_1.wav,103.0,94.0,77.7,우,중앙,9.0,25.3,False
2.이륜자동차_2769_1.wav,120.0,90.4,76.9,우,중앙,29.6,43.1,False
2.이륜자동차_2772_1.wav,69.0,78.9,61.8,우,중앙,9.9,7.2,False
2.이륜자동차_2773_1.wav,105.0,94.0,83.4,좌,중앙,11.0,21.6,False
2.이륜자동차_2774_1.wav,122.0,88.5,72.7,우,중앙,33.5,49.3,False
2.이륜자동차_2775_1.wav,75.0,67.4,53.6,우,중앙,7.6,21.4,False
2.이륜자동차_2776_1.wav,110.0,94.0,81.9,우,중앙,16.0,28.1,False
2.이륜자동차_2777_1.wav,105.0,88.6,73.9,우,중앙,16.4,31.1,False
2.이륜자동차_2778_1.wav,74.0,84.9,67.7,우,중앙,10.9,6.3,False
2.이륜자동차_2781_1.wav,73.0,82.0,62.6,우,중앙,9.0,10.4,False
2.이륜자동차_2783_1.wav,68.0,82.4,64.5,우,중앙,14.4,3.5,False
2.이륜자동차_2784_1.wav,122.0,94.0,83.4,좌,중앙,28.0,38.6,False
2.이륜자동차_2788_1.wav,126.0,89.5,74.4,우,중앙,36.5,51.6,False
2.이륜자동차_2789_1.wav,75.0,79.6,65.2,우,중앙,4.6,9.8,False
2.이륜자동차_2792_1.wav,106.0,90.0,76.2,우,중앙,16.0,29.8,False
2.이륜자동차_2795_1.wav,122.0,94.0,77.8,좌,중앙,28.0,44.2,False
2.이륜자동차_2798_1.wav,98.0,87.7,74.1,우,중앙,10.3,23.9,False
2.이륜자동차_2799_1.wav,68.0,82.1,66.5,우,좌,14.1,1.5,False
2.이륜자동차_2800_1.wav,96.0,88.4,73.8,우,중앙,7.6,22.2,False
2.이륜자동차_2802_1.wav,109.0,93.7,76.3,좌,중앙,15.3,32.7,False
2.이륜자동차_2803_1.wav,72.0,75.8,60.4,우,좌,3.8,11.6,False
2.이륜자동차_2804_1.wav,69.0,83.3,67.3,우,중앙,14.3,1.7,False
2.이륜자동차_2805_1.wav,127.0,92.3,76.7,우,중앙,34.7,50.3,False
2.이륜자동차_2808_1.wav,114.0,93.1,79.2,좌,중앙,20.9,34.8,False
2.이륜자동차_2809_1.wav,105.0,91.9,75.6,우,중앙,13.1,29.4,False
2.이륜자동차_2811_1.wav,75.0,80.6,67.8,우,중앙,5.6,7.2,False
2.이륜자동차_2814_1.wav,70.0,85.1,69.8,우,중앙,15.1,0.2,False
2.이륜자동차_2816_1.wav,72.0,84.9,65.5,우,좌,12.9,6.5,False
2.이륜자동차_2819_1.wav,74.0,84.0,68.9,좌,중앙,10.0,5.1,False
2.이륜자동차_2822_1.wav,107.0,93.1,79.5,우,중앙,13.9,27.5,False
2.이륜자동차_2824_1.wav,74.0,81.0,67.1,우,중앙,7.0,6.9,False
2.이륜자동차_2828_1.wav,69.0,69.0,56.6,우,중앙,0.0,12.4,False
2.이륜자동차_2830_1.wav,75.0,83.2,67.2,우,좌,8.2,7.8,False
2.이륜자동차_2831_1.wav,70.0,84.5,64.7,우,중앙,14.5,5.3,False
2.이륜자동차_2832_1.wav,126.0,92.6,73.9,우,좌,33.4,52.1,False
2.이륜자동차_2833_1.wav,114.0,91.2,72.6,우,중앙,22.8,41.4,False
2.이륜자동차_2835_1.wav,88.0,90.4,72.9,우,중앙,2.4,15.1,False
2.이륜자동차_2838_1.wav,93.0,85.6,74.7,좌,중앙,7.4,18.3,False
2.이륜자동차_2839_1.wav,117.0,93.4,77.4,우,중앙,23.6,39.6,False
2.이륜자동차_2841_1.wav,69.0,86.4,68.9,우,중앙,17.4,0.1,False
2.이륜자동차_2842_1.wav,122.0,94.0,85.3,좌,중앙,28.0,36.7,False
2.이륜자동차_2844_1.wav,124.0,94.0,79.1,좌,중앙,30.0,44.9,False
2.이륜자동차_2846_1.wav,103.0,92.1,77.6,좌,중앙,10.9,25.4,False
2.이륜자동차_2847_1.wav,125.0,92.8,78.5,우,중앙,32.2,46.5,False
2.이륜자동차_2848_1.wav,126.0,88.1,69.8,우,중앙,37.9,56.2,False
2.이륜자동차_2849_1.wav,102.0,94.0,83.3,좌,중앙,8.0,18.7,False
2.이륜자동차_2852_1.wav,69.0,82.0,68.5,우,중앙,13.0,0.5,False
2.이륜자동차_2853_1.wav,100.0,88.9,70.3,우,중앙,11.1,29.7,False
2.이륜자동차_2857_1.wav,125.0,94.0,78.2,우,중앙,31.0,46.8,False
2.이륜자동차_2859_1.wav,88.0,88.2,71.3,우,중앙,0.2,16.7,False
2.이륜자동차_2860_1.wav,74.0,83.6,68.6,좌,중앙,9.6,5.4,False
2.이륜자동차_2861_1.wav,123.0,89.9,77.5,우,중앙,33.1,45.5,False
2.이륜자동차_2864_1.wav,74.0,84.0,64.3,우,중앙,10.0,9.7,False
2.이륜자동차_2865_1.wav,75.0,76.2,58.3,우,좌,1.2,16.7,False
2.이륜자동차_2867_1.wav,100.0,90.5,77.0,우,중앙,9.5,23.0,False
2.이륜자동차_2869_1.wav,119.0,90.6,77.3,우,중앙,28.4,41.7,False
2.이륜자동차_2870_1.wav,74.0,83.2,66.2,우,중앙,9.2,7.8,False
2.이륜자동차_2871_1.wav,75.0,80.4,59.5,우,중앙,5.4,15.5,False
2.이륜자동차_2872_1.wav,70.0,85.6,71.8,우,중앙,15.6,1.8,False
2.이륜자동차_2873_1.wav,112.0,89.4,77.3,우,중앙,22.6,34.7,False
2.이륜자동차_2874_1.wav,73.0,85.1,71.7,우,중앙,12.1,1.3,False
2.이륜자동차_2875_1.wav,122.0,94.0,80.0,좌,중앙,28.0,42.0,False
2.이륜자동차_2876_1.wav,70.0,84.1,70.6,우,중앙,14.1,0.6,False
2.이륜자동차_2877_1.wav,105.0,94.0,79.9,좌,중앙,11.0,25.1,False
2.이륜자동차_2879_1.wav,107.0,94.0,77.8,좌,중앙,13.0,29.2,False
2.이륜자동차_2883_1.wav,123.0,94.0,80.5,좌,중앙,29.0,42.5,False
2.이륜자동차_2885_1.wav,68.0,90.0,72.7,좌,중앙,22.0,4.7,False
2.이륜자동차_2886_1.wav,118.0,90.0,67.5,우,중앙,28.0,50.5,False
2.이륜자동차_2888_1.wav,69.0,83.3,70.5,우,중앙,14.3,1.5,False
2.이륜자동차_2889_1.wav,76.0,84.9,69.4,우,중앙,8.9,6.6,False
2.이륜자동차_2890_1.wav,121.0,94.0,77.4,좌,중앙,27.0,43.6,False
2.이륜자동차_2892_1.wav,98.0,88.9,73.7,우,중앙,9.1,24.3,False
2.이륜자동차_2897_1.wav,118.0,90.7,74.9,우,중앙,27.3,43.1,False
2.이륜자동차_2900_1.wav,79.0,85.6,72.1,우,중앙,6.6,6.9,False
2.이륜자동차_2904_1.wav,111.0,90.3,74.2,우,중앙,20.7,36.8,False
2.이륜자동차_2906_1.wav,106.0,94.0,76.4,우,좌,12.0,29.6,False
2.이륜자동차_2909_1.wav,69.0,87.7,70.0,좌,중앙,18.7,1.0,False
2.이륜자동차_2914_1.wav,68.0,86.6,71.9,우,중앙,18.6,3.9,False
2.이륜자동차_2919_1.wav,71.0,80.1,66.3,우,중앙,9.1,4.7,False
2.이륜자동차_2920_1.wav,94.0,86.2,71.1,우,중앙,7.8,22.9,False
2.이륜자동차_2922_1.wav,110.0,93.5,80.0,우,중앙,16.5,30.0,False
2.이륜자동차_2923_1.wav,99.0,89.7,76.8,우,중앙,9.3,22.2,False
2.이륜자동차_2925_1.wav,73.0,84.1,66.5,우,좌,11.1,6.5,False
2.이륜자동차_2928_1.wav,114.0,91.9,75.6,우,중앙,22.1,38.4,False
2.이륜자동차_2930_1.wav,71.0,78.2,65.9,좌,중앙,7.2,5.1,False
2.이륜자동차_2937_1.wav,100.0,87.0,68.4,우,중앙,13.0,31.6,False
2.이륜자동차_2939_1.wav,102.0,88.8,74.4,좌,중앙,13.2,27.6,False
2.이륜자동차_2940_1.wav,96.0,87.8,72.4,우,중앙,8.2,23.6,False
2.이륜자동차_2941_1.wav,71.0,76.6,59.1,우,중앙,5.6,11.9,False
2.이륜자동차_2942_1.wav,93.0,88.7,64.8,우,중앙,4.3,28.2,False
2.이륜자동차_2944_1.wav,75.0,83.0,63.5,우,중앙,8.0,11.5,False
2.이륜자동차_2945_1.wav,70.0,77.0,58.5,우,중앙,7.0,11.5,False
2.이륜자동차_2947_1.wav,102.0,94.0,74.6,우,좌,8.0,27.4,False
2.이륜자동차_2951_1.wav,71.0,80.1,64.2,우,중앙,9.1,6.8,False
2.이륜자동차_2952_1.wav,68.0,77.4,63.9,우,중앙,9.4,4.1,False
2.이륜자동차_2953_1.wav,113.0,91.1,77.8,좌,중앙,21.9,35.2,False
2.이륜자동차_2957_1.wav,69.0,84.6,71.1,우,중앙,15.6,2.1,False
2.이륜자동차_2958_1.wav,73.0,82.8,68.0,우,중앙,9.8,5.0,False
2.이륜자동차_2959_1.wav,70.0,83.4,63.0,우,중앙,13.4,7.0,False
2.이륜자동차_2964_1.wav,94.0,89.8,72.9,우,중앙,4.2,21.1,False
2.이륜자동차_2966_1.wav,130.0,92.3,78.2,우,중앙,37.7,51.8,False
2.이륜자동차_2968_1.wav,74.0,80.2,66.0,우,중앙,6.2,8.0,False
2.이륜자동차_2971_1.wav,114.0,94.0,81.7,좌,중앙,20.0,32.3,False
2.이륜자동차_2972_1.wav,123.0,94.0,80.8,우,중앙,29.0,42.2,False
2.이륜자동차_2974_1.wav,108.0,91.9,75.6,우,중앙,16.1,32.4,False
2.이륜자동차_2975_1.wav,69.0,85.8,71.1,좌,중앙,16.8,2.1,False
2.이륜자동차_2977_1.wav,118.0,92.0,75.8,우,중앙,26.0,42.2,False
2.이륜자동차_2978_1.wav,71.0,77.4,58.4,우,좌,6.4,12.6,False
2.이륜자동차_2982_1.wav,111.0,94.0,79.2,좌,중앙,17.0,31.8,False
2.이륜자동차_2984_1.wav,68.0,81.0,68.3,우,중앙,13.0,0.3,False
2.이륜자동차_2985_1.wav,77.0,88.4,66.1,우,중앙,11.4,10.9,False
2.이륜자동차_2986_1.wav,71.0,87.2,69.8,우,중앙,16.2,1.2,False
2.이륜자동차_2987_1.wav,92.0,89.9,72.2,좌,중앙,2.1,19.8,False
2.이륜자동차_2989_1.wav,80.0,89.5,73.8,우,중앙,9.5,6.2,False
2.이륜자동차_2991_1.wav,79.0,92.1,70.2,우,중앙,13.1,8.8,False
2.이륜자동차_2993_1.wav,78.0,91.6,71.5,좌,중앙,13.6,6.5,False
2.이륜자동차_2994_1.wav,70.0,83.0,66.7,우,중앙,13.0,3.3,False
2.이륜자동차_2996_1.wav,71.0,82.1,67.0,우,중앙,11.1,4.0,False
2.이륜자동차_2997_1.wav,100.0,94.0,86.3,좌,중앙,6.0,13.7,False
2.이륜자동차_2998_1.wav,80.0,87.1,72.4,우,중앙,7.1,7.6,False
2.이륜자동차_2999_1.wav,69.0,75.8,63.3,우,중앙,6.8,5.7,False
2.이륜자동차_3000_1.wav,118.0,94.0,83.8,우,좌,24.0,34.2,False
2.이륜자동차_3002_1.wav,75.0,87.4,69.2,우,중앙,12.4,5.8,False
2.이륜자동차_3003_1.wav,114.0,88.7,71.5,우,중앙,25.3,42.5,False
2.이륜자동차_3004_1.wav,107.0,93.8,78.2,좌,중앙,13.2,28.8,False
2.이륜자동차_3006_1.wav,100.0,93.7,78.8,좌,중앙,6.3,21.2,False
2.이륜자동차_3010_1.wav,72.0,78.3,60.3,우,좌,6.3,11.7,False
2.이륜자동차_3013_1.wav,75.0,86.7,72.2,우,중앙,11.7,2.8,False
2.이륜자동차_3015_1.wav,72.0,82.9,68.1,우,중앙,10.9,3.9,False
2.이륜자동차_3016_1.wav,117.0,93.8,78.7,좌,중앙,23.2,38.3,False
2.이륜자동차_3019_1.wav,115.0,94.0,80.9,좌,중앙,21.0,34.1,False
2.이륜자동차_3020_1.wav,74.0,81.3,67.0,우,중앙,7.3,7.0,False
2.이륜자동차_3021_1.wav,71.0,82.2,59.0,우,좌,11.2,12.0,False
2.이륜자동차_3024_1.wav,96.0,88.2,74.8,우,중앙,7.8,21.2,False
2.이륜자동차_3025_1.wav,116.0,94.0,79.3,좌,중앙,22.0,36.7,False
2.이륜자동차_3028_1.wav,77.0,85.0,72.2,우,중앙,8.0,4.8,False
2.이륜자동차_3029_1.wav,70.0,84.0,71.1,우,좌,14.0,1.1,False
2.이륜자동차_3033_1.wav,73.0,82.8,65.0,우,중앙,9.8,8.0,False
2.이륜자동차_3034_1.wav,71.0,80.9,67.4,우,중앙,9.9,3.6,False
2.이륜자동차_3035_1.wav,126.0,89.6,76.9,우,중앙,36.4,49.1,False
2.이륜자동차_3036_1.wav,74.0,87.6,73.9,우,중앙,13.6,0.1,False
2.이륜자동차_3037_1.wav,126.0,93.1,78.0,우,중앙,32.9,48.0,False
2.이륜자동차_3039_1.wav,69.0,82.0,68.2,우,중앙,13.0,0.8,False
2.이륜자동차_3040_1.wav,109.0,93.4,78.6,좌,중앙,15.6,30.4,False
2.이륜자동차_3042_1.wav,93.0,87.5,71.2,우,중앙,5.5,21.8,False
2.이륜자동차_3044_1.wav,70.0,80.7,65.3,우,중앙,10.7,4.7,False
2.이륜자동차_3045_1.wav,74.0,82.4,67.3,우,중앙,8.4,6.7,False
2.이륜자동차_3047_1.wav,74.0,84.1,72.4,우,중앙,10.1,1.6,False
2.이륜자동차_3049_1.wav,75.0,86.4,71.4,우,중앙,11.4,3.6,False
2.이륜자동차_3051_1.wav,116.0,91.4,75.4,좌,중앙,24.6,40.6,False
2.이륜자동차_3052_1.wav,113.0,94.0,78.5,우,좌,19.0,34.5,False
2.이륜자동차_3053_1.wav,105.0,94.0,78.9,좌,중앙,11.0,26.1,False
2.이륜자동차_3054_1.wav,120.0,89.8,77.6,우,중앙,30.2,42.4,False
2.이륜자동차_3055_1.wav,75.0,77.4,63.4,우,중앙,2.4,11.6,False
2.이륜자동차_3056_1.wav,106.0,88.9,72.4,우,중앙,17.1,33.6,False
2.이륜자동차_3057_1.wav,103.0,94.0,73.9,우,중앙,9.0,29.1,False
2.이륜자동차_3058_1.wav,69.0,87.6,70.5,우,중앙,18.6,1.5,False
2.이륜자동차_3059_1.wav,121.0,92.8,76.5,우,중앙,28.2,44.5,False
2.이륜자동차_3060_1.wav,122.0,94.0,76.3,우,중앙,28.0,45.7,False
2.이륜자동차_3061_1.wav,70.0,84.9,69.8,우,좌,14.9,0.2,False
2.이륜자동차_3062_1.wav,118.0,94.0,83.1,좌,중앙,24.0,34.9,False
2.이륜자동차_3063_1.wav,125.0,94.0,79.0,좌,중앙,31.0,46.0,False
2.이륜자동차_3064_1.wav,69.0,80.7,65.6,우,중앙,11.7,3.4,False
2.이륜자동차_3066_1.wav,117.0,91.0,75.5,우,중앙,26.0,41.5,False
2.이륜자동차_3069_1.wav,69.0,85.4,70.1,우,중앙,16.4,1.1,False
2.이륜자동차_3072_1.wav,100.0,88.8,71.3,우,중앙,11.2,28.7,False
2.이륜자동차_3076_1.wav,104.0,94.0,78.6,좌,중앙,10.0,25.4,False
2.이륜자동차_3078_1.wav,71.0,83.6,59.2,우,중앙,12.6,11.8,False
2.이륜자동차_3081_1.wav,74.0,94.0,72.5,우,우,20.0,1.5,True
2.이륜자동차_3082_1.wav,118.0,90.2,71.1,우,중앙,27.8,46.9,False
2.이륜자동차_3083_1.wav,113.0,94.0,85.1,좌,중앙,19.0,27.9,False
2.이륜자동차_3085_1.wav,71.0,83.0,64.2,우,좌,12.0,6.8,False
